"protein_accessions","glycan_composition","group1_name","group2_name","group1_mean_clr","group2_mean_clr","clr_difference","group1_sd","group2_sd","cohens_d","effect_size_interpretation","t_statistic","p_value","df","n_group1","n_group2","ci_lower","ci_upper","p_value_adj","significant","significance_level"
"P02675","HexNAc.4.Hex.5.NeuAc.2....N...rare1","Healthy","MECFS",2.71300536722538,2.25942433346392,-0.453581033761461,0.0932970948657844,0.148051991153857,-3.66556369027357,"large",-5.79576508483824,0.000762670239118663,6.74412505686071,5,5,-0.640071218935404,-0.267090848587519,0.191840321124085,FALSE,"NS"
"P0DOX5","HexNAc.5.Hex.5.Fuc.1....N...rare1","Healthy","MECFS",0.482710420626226,-0.445455969691586,-0.928166390317812,0.260991301800825,0.295683968717864,-3.32822097832565,"large",-5.26237942393147,0.00080100342849305,7.87854634321034,5,5,-1.33598806924258,-0.520344711393049,0.191840321124085,FALSE,"NS"
"P01859","HexNAc.4.Hex.5.NeuAc.1.Fuc.1....N...rare1","Healthy","MECFS",2.56538040988105,1.61629795952795,-0.949082450353095,0.20435165783458,0.522144756936139,-2.39376382722743,"large",-3.78487293728022,0.0119342479867905,5.19727281165173,5,5,-1.58638322833782,-0.311781672368366,0.46208879003619,FALSE,"NS"
"P01859","HexNAc.5.Hex.3.Fuc.1....N...rare1","Healthy","MECFS",0.594291638203763,1.7778889646493,1.18359732644553,0.679384107522231,0.308501337834786,2.24333629531038,"large",3.54702612545246,0.0136686225123999,5.58230431485184,5,5,0.352053349115513,2.01514130377555,0.46208879003619,FALSE,"NS"
"P01859","HexNAc.5.Hex.5.Fuc.1....N...rare1","Healthy","MECFS",0.75821540160863,-0.128694845511836,-0.886910247120466,0.435027907334212,0.434425596040186,-2.04015517992623,"large",-3.22576857437876,0.0121337676025322,7.99998464329584,5,5,-1.52093569985437,-0.252884794386564,0.46208879003619,FALSE,"NS"
"P01871","HexNAc.5.Hex.4.NeuAc.1....N...rare1","Healthy","MECFS",-2.17743857999243,-0.528125757935587,1.64931282205684,0.900423723997761,0.502522355081579,2.26199604686481,"large",3.57652978319489,0.0108489381766912,6.27140607561111,5,5,0.532654304854956,2.76597133925873,0.46208879003619,FALSE,"NS"
"P02675","HexNAc.4.Hex.4.NeuAc.1....N...rare1","Healthy","MECFS",-2.18884065651124,-1.07630498198529,1.11253567452594,0.628602442345855,0.271885062958865,2.29727813188822,"large",3.63231565783173,0.0129451614480637,5.44600319114975,5,5,0.34420093076427,1.88087041828762,0.46208879003619,FALSE,"NS"
"P04003","HexNAc.4.Hex.5.NeuAc.1....N...rare1","Healthy","MECFS",-0.442006640039737,0.0231521746503886,0.465158814690125,0.26927897436285,0.114092244425896,2.24937348269388,"large",3.556571756849,0.0143350144299537,5.39130482674703,5,5,0.136164790930563,0.794152838449688,0.46208879003619,FALSE,"NS"
"P04003","HexNAc.4.Hex.5.NeuAc.2....N...rare1","Healthy","MECFS",0.442006640039737,-0.0231521746503885,-0.465158814690125,0.26927897436285,0.114092244425896,-2.24937348269388,"large",-3.556571756849,0.0143350144299537,5.39130482674702,5,5,-0.794152838449688,-0.136164790930562,0.46208879003619,FALSE,"NS"
"P05090","HexNAc.5.Hex.6.NeuAc.2....N...rare1","Healthy","MECFS",0.324497093869884,-0.0774555329036098,-0.401952626773494,0.18937634720836,0.148619202467205,-2.36134338267824,"large",-3.73361171351492,0.00635489684657655,7.57211806346042,5,5,-0.652675270547159,-0.15122998299983,0.46208879003619,FALSE,"NS"
"P0DOX2","HexNAc.5.Hex.5.NeuAc.1.Fuc.1....N...rare1","Healthy","MECFS",4.3120288867055,3.35795999774268,-0.954068888962819,0.393202205799957,0.374836529966354,-2.48371909128904,"large",-3.92710469825851,0.00439416291312354,7.98176482319867,5,5,-1.51452300959304,-0.393614768332593,0.46208879003619,FALSE,"NS"
"P0DOX5","HexNAc.4.Hex.5.NeuAc.1.Fuc.1....N...rare1","Healthy","MECFS",2.21554739630016,1.15445646783202,-1.06109092846814,0.282864731197292,0.525784351281364,-2.51339761672896,"large",-3.97403056725122,0.00700635356954679,6.13646339337228,5,5,-1.71092586774593,-0.411255989190343,0.46208879003619,FALSE,"NS"
"P0DOX5","HexNAc.4.Hex.5.NeuAc.2.Fuc.1....N...rare1","Healthy","MECFS",-2.51031671556519,-3.65149366768212,-1.14117695211693,0.289227313562579,0.558625912528294,-2.56552671649946,"large",-4.05645391107569,0.0066754993907442,6.00073392068422,5,5,-1.82953103831255,-0.452822865921305,0.46208879003619,FALSE,"NS"
"P0DOX5","HexNAc.5.Hex.5.NeuAc.1.Fuc.1....N...rare1","Healthy","MECFS",-2.03969413184083,-2.94693985945545,-0.907245727614617,0.162569694612941,0.455433814905541,-2.65321409635249,"large",-4.19509983226965,0.00851842391418577,5.00305418293696,5,5,-1.46306593018756,-0.351425525041678,0.46208879003619,FALSE,"NS"
"P23142","HexNAc.4.Hex.5.NeuAc.2.Fuc.1....N...rare1","Healthy","MECFS",0.448016840847484,0.672663501618378,0.224646660770894,0.130247190338081,0.0809168580737246,2.07191241697461,"large",3.27598117501215,0.0144704213998807,6.68735287308431,5,5,0.060945741417195,0.388347580124593,0.46208879003619,FALSE,"NS"
"P01859","HexNAc.5.Hex.5.NeuAc.1.Fuc.1....N...rare1","Healthy","MECFS",-1.43532429846714,-2.46551163832848,-1.03018733986135,0.286946986344199,0.618291274859725,-2.13737638402459,"large",-3.37948879528621,0.0163175542786279,5.64669463577798,5,5,-1.78755273180403,-0.27282194791866,0.487162663687452,FALSE,"NS"
"P01871","HexNAc.5.Hex.4....N...rare1","Healthy","MECFS",-1.40581218966317,-0.21573128154232,1.19008090812085,0.727235452565321,0.416679634790561,2.00803087435896,"large",3.17497558745685,0.0176974588941377,6.37079377020722,5,5,0.285687028946035,2.09447478729566,0.487162663687452,FALSE,"NS"
"P02675","HexNAc.3.Hex.4.NeuAc.1....N...rare1","Healthy","MECFS",-1.20659899186488,-1.90815750025465,-0.701558508389765,0.300362987585788,0.443516112464516,-1.85223080418191,"large",-2.92863404677009,0.0219560528312798,7.03146164017022,5,5,-1.26749426798399,-0.13562274879554,0.487162663687452,FALSE,"NS"
"P05155","HexNAc.3.Hex.4.NeuAc.1....N...rare1","Healthy","MECFS",-1.72168799589277,-1.91314459188887,-0.191456595996099,0.102621263057702,0.111273601617007,-1.78873061617406,"large",-2.82823143379322,0.022356278560718,7.9481472175255,5,5,-0.347738558349671,-0.0351746336425262,0.487162663687452,FALSE,"NS"
"P0DOX5","HexNAc.4.Hex.3....N...rare1","Healthy","MECFS",-1.09870597307587,0.40453036799468,1.50323634107055,0.949667395760054,0.623532206972684,1.87126908200178,"large",2.95873620708901,0.0214666508147014,6.9082853123016,5,5,0.298607841489527,2.70786484065158,0.487162663687452,FALSE,"NS"
"P0DOX5","HexNAc.5.Hex.4.NeuAc.1.Fuc.1....N...rare1","Healthy","MECFS",-1.80801618116304,-2.42383336042051,-0.615817179257466,0.174240974020472,0.384348620947187,-2.06373826097297,"large",-3.26305669955479,0.0190880183287575,5.57751374184274,5,5,-1.08622143945461,-0.145412919060321,0.487162663687452,FALSE,"NS"
"P49908","HexNAc.4.Hex.5.NeuAc.2....N...rare1","Healthy","MECFS",2.85569332767983,1.76607629435986,-1.08961703331997,0.687161532794919,0.483997342769661,-1.83336901867817,"large",-2.8988109453054,0.0223749031338704,7.18493402942241,5,5,-1.97382502764396,-0.205409038995976,0.487162663687452,FALSE,"NS"
"P01871","HexNAc.5.Hex.3....N...rare1","Healthy","MECFS",-0.596390038824379,-2.58897379808252,-1.99258375925815,1.33356866791505,0.572887125987161,-1.94151175107776,"large",-3.0697996186938,0.024971403362215,5.4277513943292,5,5,-3.62234339723959,-0.362824121276703,0.520056617847869,FALSE,"NS"
"O75882","HexNAc.4.Hex.5.NeuAc.2.Fuc.1....N...rare1","Healthy","MECFS",-0.273561381886003,-1.13104741275964,-0.85748603087364,0.27588151769268,0.65183519362406,-1.71326011703912,"large",-2.70890209708513,0.0391895219883009,5.38849067818516,5,5,-1.65385520190086,-0.061116859846418,0.521438362011004,FALSE,"NS"
"P00450","HexNAc.5.Hex.6.NeuAc.2.Fuc.1....N...rare1","Healthy","MECFS",-1.33653173518576,-0.577093197382153,0.759438537803603,0.544782550816158,0.382827920989466,1.61300830022859,"large",2.55039005673952,0.0373030661280639,7.17601849941284,5,5,0.0588022357721553,1.46007483983505,0.521438362011004,FALSE,"NS"
"P01859","HexNAc.4.Hex.3.Fuc.1....N...rare1","Healthy","MECFS",1.59156342400669,2.398671721055,0.807108297048306,0.546431206422311,0.453652427925626,1.60718035008628,"large",2.54117525846972,0.0355737743008259,7.73813499716741,5,5,0.0703564511898113,1.5438601429068,0.521438362011004,FALSE,"NS"
"P01871","HexNAc.4.Hex.5.Fuc.1....N...rare1","Healthy","MECFS",1.0418740756506,0.672149059528836,-0.369725016121763,0.23538181276964,0.191985034592622,-1.72139445006823,"large",-2.7217636068943,0.0271574458782549,7.68929419437222,5,5,-0.685190130212495,-0.0542599020310319,0.521438362011004,FALSE,"NS"
"P01871","HexNAc.5.Hex.5....N...rare1","Healthy","MECFS",-0.366778940297266,0.501786225783155,0.868565166080421,0.640740160240507,0.409747262355646,1.61505738236367,"large",2.55362994006932,0.0388255688248348,6.80284179662782,5,5,0.0595369849150296,1.67759334724581,0.521438362011004,FALSE,"NS"
"P02787","HexNAc.4.Hex.5.NeuAc.2....N...rare1","Healthy","MECFS",4.23596482606164,3.91954204205129,-0.316422784010351,0.0725536556555076,0.234339580814574,-1.82414770718277,"large",-2.88423077163572,0.0364618814073327,4.7598798086053,5,5,-0.602769059459133,-0.030076508561569,0.521438362011004,FALSE,"NS"
"P05090","HexNAc.6.Hex.7.NeuAc.1....N...rare1","Healthy","MECFS",-0.866925830643934,-1.71666821669824,-0.849742386054305,0.331738710473896,0.634101715476136,-1.6792285703507,"large",-2.65509349716826,0.0375494129147083,6.03700313669616,5,5,-1.63169576035192,-0.0677890117566862,0.521438362011004,FALSE,"NS"
"P0DOX2","HexNAc.3.Hex.4.NeuAc.1.Fuc.1....N...rare1","Healthy","MECFS",-2.3558459623056,-0.592412135783061,1.76343382652254,0.309368455656474,1.32467380630676,1.83329855185056,"large",2.89869952746803,0.0390231582533915,4.43504491364713,5,5,0.137752195274297,3.38911545777078,0.521438362011004,FALSE,"NS"
"P0DOX5","HexNAc.4.Hex.4....N...rare1","Healthy","MECFS",0.546563100332709,1.31715286309285,0.770589762760139,0.293309349023675,0.568673982030944,1.70315218336846,"large",2.69292005066653,0.0359863164886861,5.98755346841574,5,5,0.0700432505818809,1.4711362749384,0.521438362011004,FALSE,"NS"
"P0DOX6","HexNAc.3.Hex.6....N...rare1","Healthy","MECFS",-1.94687688050768,-1.47888579797049,0.467991082537192,0.257281542882379,0.327578991711357,1.58891475532286,"large",2.51229481733469,0.0378098033936463,7.57465743204457,5,5,0.0341927908690514,0.901789374205334,0.521438362011004,FALSE,"NS"
"P19652","HexNAc.6.Hex.7.NeuAc.1....N...rare1","Healthy","MECFS",-1.23227913905304,-0.165924190680235,1.06635494837281,0.770618057573786,0.371017769472642,1.76322497413399,"large",2.78790347277744,0.0330687946445011,5.75983289272503,5,5,0.120885353245436,2.01182454350018,0.521438362011004,FALSE,"NS"
"Q16610","HexNAc.4.Hex.5.NeuAc.1.Fuc.1....N...rare1","Healthy","MECFS",-0.128215236912639,-0.891085352284974,-0.762870115372335,0.322865232952056,0.537067763768794,-1.72164711781409,"large",-2.72216310967838,0.0316218840169855,6.55718671500093,5,5,-1.43472273470619,-0.0910174960384796,0.521438362011004,FALSE,"NS"
"Q16610","HexNAc.4.Hex.5.NeuAc.2.Fuc.1....N...rare1","Healthy","MECFS",0.128215236912639,0.891085352284974,0.762870115372335,0.322865232952056,0.537067763768794,1.72164711781409,"large",2.72216310967838,0.0316218840169855,6.55718671500092,5,5,0.0910174960384795,1.43472273470619,0.521438362011004,FALSE,"NS"
"P00738","HexNAc.3.Hex.4.NeuAc.1....N...rare1","Healthy","MECFS",-0.709947857305019,-2.06261755310158,-1.35266969579656,1.01364599915067,0.737749574806936,-1.52585989433222,"large",-2.41259632819682,0.045145623667354,7.30918582222157,5,5,-2.6671584343735,-0.0381809572196208,0.557449013645814,FALSE,"NS"
"P01861","HexNAc.4.Hex.5.Fuc.1....N...rare1","Healthy","MECFS",1.35523122782828,0.145963626753022,-1.20926760107525,0.329277426542731,0.945114901582347,-1.70874002391248,"large",-2.70175520232701,0.0430778398926059,4.95695746533365,5,5,-2.362835290869,-0.0556999112815086,0.557449013645814,FALSE,"NS"
"P27169","HexNAc.4.Hex.5.NeuAc.2....N...rare1","Healthy","MECFS",0.277799217904212,1.28550494512595,1.00770572722173,0.682057096669834,0.663331261322619,1.49786955744767,"large",2.36833971968153,0.0453872892112458,7.99380797755995,5,5,0.0263908819518267,1.98902057249164,0.557449013645814,FALSE,"NS"
"P00738","HexNAc.4.Hex.5.NeuAc.1....N...rare1","Healthy","MECFS",2.33103620027091,3.08280121547908,0.75176501520817,0.638977062423773,0.385876049723661,1.42427767883702,"large",2.2519807428314,0.0614359898636491,6.5750481531127,5,5,-0.0480640038184332,1.55159403423477,0.586175151314071,FALSE,"NS"
"P00738","HexNAc.5.Hex.5.NeuAc.2.Fuc.1....N...rare1","Healthy","MECFS",-0.559306608667055,-2.46913209410876,-1.9098254854417,1.25064759724441,1.43160504246436,-1.42081619183466,"large",-2.24650765132213,0.0554484728206971,7.85822694299708,5,5,-3.87640420399654,0.0567532331131371,0.586175151314071,FALSE,"NS"
"P01024","HexNAc.2.Hex.6....N...rare1","Healthy","MECFS",1.57507138647023,2.52312994756656,0.948058561096335,0.741371560426144,0.620327798830023,1.38699479369433,"large",2.19303132543471,0.0606698588174545,7.75860427992612,5,5,-0.0542634958224042,1.95038061801507,0.586175151314071,FALSE,"NS"
"P01871","HexNAc.3.Hex.4.NeuAc.1....N...rare1","Healthy","MECFS",-0.140917942501189,0.219614616459805,0.360532558960995,0.258540836881575,0.263083317819837,1.38229369157723,"large",2.18559823033317,0.0603436937893659,7.99757437728417,5,5,-0.0198820357730517,0.740947153695041,0.586175151314071,FALSE,"NS"
"P01871","HexNAc.4.Hex.5.NeuAc.1.Fuc.1....N...rare1","Healthy","MECFS",4.50630048915825,4.16710132581749,-0.339199163340766,0.223846997476645,0.242395209001175,-1.4538841078359,"large",-2.29879261734164,0.0507645613540611,7.94983217326176,5,5,-0.679836544852087,0.00143821817055384,0.586175151314071,FALSE,"NS"
"P01871","HexNAc.5.Hex.5.NeuAc.1....N...rare1","Healthy","MECFS",2.5063043628641,2.92609496789485,0.419790605030745,0.18829480344144,0.367481160392757,1.43776833139272,"large",2.27331133743038,0.063634880727206,5.96492928842205,5,5,-0.0327018986425225,0.872283108704012,0.586175151314071,FALSE,"NS"
"P02675","HexNAc.4.Hex.5.NeuAc.1....N...rare1","Healthy","MECFS",3.68776303764736,3.46645579851354,-0.221307239133822,0.157096840595119,0.163287035007911,-1.38125517334291,"large",-2.18395618882715,0.060537880727079,7.98808084331901,5,5,-0.455042690188356,0.0124282119207124,0.586175151314071,FALSE,"NS"
"P02790","HexNAc.3.Hex.4.NeuAc.1....N...rare1","Healthy","MECFS",-0.0121418718247334,-0.369395133978799,-0.357253262154065,0.22562407131826,0.278422051828607,-1.40982858364425,"large",-2.22913471736252,0.0577735829794954,7.67061355299495,5,5,-0.729606723584989,0.015100199276858,0.586175151314071,FALSE,"NS"
"P04114","HexNAc.4.Hex.5....N...rare1","Healthy","MECFS",-0.263183518895419,-1.14404858779591,-0.88086506890049,0.588496238807757,0.672702069466034,-1.3937669538733,"large",-2.20373905085723,0.0592336830710424,7.86107005520654,5,5,-1.80545013317221,0.0437199953712303,0.586175151314071,FALSE,"NS"
"P0C0L4","HexNAc.2.Hex.8....N...rare1","Healthy","MECFS",0.93049527234886,0.628602525194099,-0.301892747154761,0.0944660484980382,0.259779142955464,-1.5445263181061,"large",-2.44211053564452,0.0581111934342378,5.03969166619143,5,5,-0.61891577494245,0.0151302806329294,0.586175151314071,FALSE,"NS"
"P0C0L4","HexNAc.2.Hex.9....N...rare1","Healthy","MECFS",2.78525999745009,2.6356022090464,-0.149657788403694,0.0758337169008704,0.12154143548755,-1.47738309147961,"large",-2.33594777284823,0.0537352800205485,6.70447940647057,5,5,-0.302517041557235,0.00320146474984623,0.586175151314071,FALSE,"NS"
"P0DOX2","HexNAc.4.Hex.5.NeuAc.2....N...rare1","Healthy","MECFS",-2.31297394764253,-0.488572564988479,1.82440138265405,1.3683706059751,1.09248146725567,1.47350828582355,"large",2.32982116716641,0.0496961176197895,7.6260540210455,5,5,0.0031210011814613,3.64568176412664,0.586175151314071,FALSE,"NS"
"P0DOX5","HexNAc.5.Hex.3....N...rare1","Healthy","MECFS",-1.79192495311987,-0.924016044686877,0.867908908432997,0.758608362391789,0.385791348847818,1.4421931285064,"large",2.28030755596207,0.0632170787855769,5.93928404521475,5,5,-0.0657240498024616,1.80154186666846,0.586175151314071,FALSE,"NS"
"P01019","HexNAc.4.Hex.5....N...rare1","Healthy","MECFS",0,-1.24909267285137,-1.24909267285137,0,1.1645924999305,-1.51682566967647,"large",-2.39831196479392,0.0744926029157401,4,5,5,-2.69512525259319,0.196939906890447,0.593221357711589,FALSE,"NS"
"P01023","HexNAc.4.Hex.4....N...rare1","Healthy","MECFS",0,-1.25524634264843,-1.25524634264843,0,1.17279384843594,-1.5136389095663,"large",-2.39327325464156,0.0749010669100207,4,5,5,-2.71146224156617,0.200969556269316,0.593221357711589,FALSE,"NS"
"P01859","HexNAc.4.Hex.5.Fuc.1....N...rare1","Healthy","MECFS",3.61965303888353,3.20826082263647,-0.411392216247063,0.0666978293948665,0.396493970180862,-1.4470217583522,"large",-2.28794229010736,0.0804997667040778,4.22619999399033,5,5,-0.900258088300202,0.077473655806077,0.593221357711589,FALSE,"NS"
"P01861","HexNAc.5.Hex.4.Fuc.1....N...rare1","Healthy","MECFS",0.45065253112908,-0.472538691662169,-0.92319122279125,0.358469394276242,0.859500251735806,-1.40196369225609,"large",-2.2166992321943,0.0739246143112822,5.35069286796606,5,5,-1.97300000084355,0.126617555261052,0.593221357711589,FALSE,"NS"
"P01861","HexNAc.5.Hex.4.NeuAc.1.Fuc.1....N...rare1","Healthy","MECFS",-2.8104528588105,-1.11125467818563,1.69919818062487,0.212107356329687,1.52281298568457,1.5629316581513,"large",2.47121193347089,0.066518787396003,4.15514753258104,5,5,-0.18209107531373,3.58048743656347,0.593221357711589,FALSE,"NS"
"P02787","HexNAc.4.Hex.5.NeuAc.2.Fuc.1....N...rare1","Healthy","MECFS",3.27793806940667,2.89026864045808,-0.387669428948588,0.158517573089732,0.367179780481146,-1.37083770977094,"large",-2.16748473266251,0.0779787142689126,5.44097764699731,5,5,-0.836450580194019,0.0611117222968416,0.593221357711589,FALSE,"NS"
"P04114","HexNAc.3.Hex.5.NeuAc.1....N...rare1","Healthy","MECFS",-0.378631205977568,0.150606684543048,0.529237890520616,0.486199659604769,0.30730093614877,1.30127006795908,"large",2.05748863287639,0.0801057640754538,6.75603795689279,5,5,-0.0834839079555028,1.14195968899674,0.593221357711589,FALSE,"NS"
"P04196","HexNAc.3.Hex.6.NeuAc.1....N...rare1","Healthy","MECFS",-1.66538084561238,-0.984770159144324,0.68061068646806,0.489197959182348,0.560243032655935,1.29412974246284,"large",2.04619878697485,0.0755878342363558,7.85727109022562,5,5,-0.0888490127984002,1.45007038573452,0.593221357711589,FALSE,"NS"
"P05155","HexNAc.4.Hex.5.NeuAc.1....N...rare1","Healthy","MECFS",-0.928920034709814,-0.401106898098403,0.527813136611411,0.499953384878288,0.224761157763848,1.36173919181162,"large",2.15309871262082,0.0784516264980587,5.55341079655638,5,5,-0.0839148858899522,1.13954115911277,0.593221357711589,FALSE,"NS"
"P05155","HexNAc.4.Hex.5.NeuAc.2....N...rare1","Healthy","MECFS",2.5067831966895,2.36348462886915,-0.143298567820358,0.0962777199078914,0.117382727178813,-1.33487083779304,"large",-2.11061611478158,0.0691224736612104,7.70506574454266,5,5,-0.300912162533285,0.0143150268925684,0.593221357711589,FALSE,"NS"
"P08603","HexNAc.4.Hex.5.NeuAc.2.Fuc.1....N...rare1","Healthy","MECFS",1.00121044570335,1.17615414319071,0.174943697487358,0.0645408236714122,0.164224143803125,1.40212991410587,"large",2.2169620520154,0.075286457083318,5.20683050638442,5,5,-0.0255048627370089,0.375392257711724,0.593221357711589,FALSE,"NS"
"P0DOX2","HexNAc.5.Hex.5.NeuAc.2.Fuc.1....N...rare1","Healthy","MECFS",0.449559993395967,-0.17180608474455,-0.621366078140517,0.241082131919484,0.585601014125949,-1.38759824666571,"large",-2.1939854683599,0.0764559004146058,5.31800573785565,5,5,-1.33648800968084,0.0937558533998054,0.593221357711589,FALSE,"NS"
"P0DOX5","HexNAc.4.Hex.4.NeuAc.1....N...rare1","Healthy","MECFS",-2.67698656947543,-2.03556599617009,0.641420573305346,0.558975201558265,0.436807231352318,1.27868725847545,"large",2.02178207590943,0.0799154379917004,7.5583324959913,5,5,-0.0976793626341931,1.38052050924488,0.593221357711589,FALSE,"NS"
"P02765","HexNAc.5.Hex.6.NeuAc.3....N...rare1","Healthy","MECFS",1.01217843170068,0.717394873253442,-0.294783558447241,0.191637914246992,0.264717297531507,-1.27565119957444,"large",-2.01698164529063,0.0818890403361348,7.28922539327951,5,5,-0.637614926201514,0.0480478093070334,0.594315913954675,FALSE,"NS"
"P01859","HexNAc.5.Hex.4.NeuAc.1.Fuc.1....N...rare1","Healthy","MECFS",-1.99426533355111,-2.83935410215964,-0.845088768608528,0.47993831536796,0.795124061734072,-1.28683214228933,"large",-2.03466026797409,0.0839775660267935,6.57312431704832,5,5,-1.84030589844097,0.150128361223919,0.60037692726618,FALSE,"NS"
"P01871","HexNAc.2.Hex.5....N...rare1","Healthy","MECFS",-0.395849751437298,-0.0950610809903054,0.300788670446993,0.199457408610475,0.275571137531298,1.25045242964269,"large",1.97713889168118,0.0869275030571669,7.28851271534367,5,5,-0.0560827367257541,0.65766007761974,0.60064936251174,FALSE,"NS"
"P04114","HexNAc.5.Hex.6.NeuAc.3....N...rare1","Healthy","MECFS",-0.326069667926116,-1.08190236833914,-0.755832700413022,0.633482660521861,0.589590489594204,-1.23516155336229,"large",-1.95296189344823,0.0867809799206601,7.95910449700547,5,5,-1.64909816594508,0.13743276511904,0.60064936251174,FALSE,"NS"
"P08603","HexNAc.4.Hex.5.NeuAc.1.Fuc.1....N...rare1","Healthy","MECFS",0.546111385033625,0.736673815655092,0.190562430621466,0.154036596704209,0.155907771038037,1.22963330094549,"large",1.94422095888951,0.0877775686342835,7.99883395309157,5,5,-0.0354658414043324,0.416590702647265,0.60064936251174,FALSE,"NS"
"P0DOX2","HexNAc.4.Hex.5.NeuAc.2.Fuc.1....N...rare1","Healthy","MECFS",1.26958682093328,0.601014908923139,-0.668571912010144,0.297401548465654,0.670761934115676,-1.28861446003649,"large",-2.03747835977166,0.0919063818959831,5.51416172803198,5,5,-1.48895829436829,0.151814470348006,0.611432735113554,FALSE,"NS"
"P0DOX5","HexNAc.2.Hex.5....N...rare1","Healthy","MECFS",-2.31550015625628,0,2.31550015625628,2.3410545104349,0,1.39877636768326,"large",2.21165962954812,0.0914569785917228,4,5,5,-0.591302947183279,5.22230325969583,0.611432735113554,FALSE,"NS"
"P01023","HexNAc.2.Hex.7....N...rare1","Healthy","MECFS",-1.19494385747176,-0.332542262863183,0.862401594608573,0.779314674191789,0.648398585992525,1.20304082379817,"large",1.90217456068376,0.0948666759007954,7.74387633945337,5,5,-0.189136521200457,1.9139397104176,0.62019663774188,FALSE,"NS"
"P01023","HexNAc.3.Hex.5.NeuAc.1....N...rare1","Healthy","MECFS",3.55903735775637,3.0860068356501,-0.473030522106275,0.112724599507294,0.498850329635334,-1.30803617246224,"large",-2.06818678343474,0.100992354371329,4.40743280361399,5,5,-1.08555756678367,0.139496522571119,0.62019663774188,FALSE,"NS"
"P01861","HexNAc.4.Hex.3.Fuc.1....N...rare1","Healthy","MECFS",0.960524130622643,1.676159239923,0.715635109300354,0.747984365990204,0.268993631613824,1.27322073367962,"large",2.01313874128913,0.10004445721217,5.01761832049797,5,5,-0.197196898387227,1.62846711698794,0.62019663774188,FALSE,"NS"
"P02679","HexNAc.4.Hex.4.NeuAc.1....N...rare1","Healthy","MECFS",-1.35768582511898,-0.556158473376437,0.801527351742547,0.832344637880291,0.327795970717885,1.26712979193722,"large",2.00350811678844,0.0991709453533339,5.21162336665528,5,5,-0.214430509715378,1.81748521320047,0.62019663774188,FALSE,"NS"
"P05155","HexNAc.4.Hex.5.NeuAc.2.Fuc.1....N...rare1","Healthy","MECFS",0.273117683979523,0.0218015616827535,-0.251316122296769,0.251619911795123,0.138865914862692,-1.23667332379761,"large",-1.95535221238568,0.0965509494298548,6.22978479940612,5,5,-0.56302046458107,0.060388219987531,0.62019663774188,FALSE,"NS"
"Q08380","HexNAc.4.Hex.5.NeuAc.2.Fuc.1....N...rare1","Healthy","MECFS",0.56462817788128,-0.060999135946113,-0.625627313827393,0.654326171181203,0.208276629782092,-1.21937254194461,"large",-2.01424387707882,0.100433608311437,4.97103971297173,5,4,-1.42545516038665,0.174200532731866,0.62019663774188,FALSE,"NS"
"P00748","HexNAc.4.Hex.5.NeuAc.2....N...rare1","Healthy","MECFS",2.89181697531829,3.08951099775264,0.197694022434352,0.20484558144079,0.10110449389953,1.22388484372492,"large",1.93513184996498,0.102448475526536,5.83967357900675,5,5,-0.0539567837211511,0.449344828589854,0.621174933888746,FALSE,"NS"
"P02763","HexNAc.5.Hex.6.NeuAc.2.Fuc.1....N...rare1","Healthy","MECFS",-0.0820929560859332,0.281513927707772,0.363606883793706,0.37116668681546,0.231846488300547,1.17501350585084,"large",1.85785947997412,0.107371597643089,6.70900903201828,5,5,-0.103280680439699,0.83049444802711,0.627207259402923,FALSE,"NS"
"P02790","HexNAc.5.Hex.6.NeuAc.3....N...rare1","Healthy","MECFS",0.293601788626076,0.780588302809138,0.486986514183062,0.28983449544434,0.502291334071562,1.18759428556085,"large",1.87775143928636,0.1064564668044,6.39783428775255,5,5,-0.138165447875882,1.11213847624201,0.627207259402923,FALSE,"NS"
"P0DOX5","HexNAc.5.Hex.3.Fuc.1....N...rare1","Healthy","MECFS",1.42045933008039,1.74568112480141,0.325221794721018,0.339401682550914,0.178583847460745,1.1992491653764,"large",1.89617942232269,0.106274163341829,6.05717751943756,5,5,-0.0935000198083546,0.74394360925039,0.627207259402923,FALSE,"NS"
"P00751","HexNAc.4.Hex.5.NeuAc.1....N...rare1","Healthy","MECFS",-0.789182427720231,-0.59260506874526,0.196577358974971,0.146383936163115,0.194322054890392,1.14268578995676,"large",1.80674487308606,0.111271143311071,7.43395037972717,5,5,-0.0576849713843877,0.450839689334329,0.634510448166702,FALSE,"NS"
"P00751","HexNAc.4.Hex.5.NeuAc.2....N...rare1","Healthy","MECFS",0.789182427720231,0.59260506874526,-0.196577358974971,0.146383936163115,0.194322054890392,-1.14268578995676,"large",-1.80674487308606,0.111271143311071,7.43395037972717,5,5,-0.450839689334329,0.0576849713843877,0.634510448166702,FALSE,"NS"
"P01011","HexNAc.4.Hex.5.NeuAc.2....N...rare1","Healthy","MECFS",1.03190338711651,0.271347759554423,-0.760555627562091,0.831023295910928,0.354871150951226,-1.19030715523638,"large",-1.8820408628713,0.114137650173836,5.41188177589587,5,5,-1.77602400075013,0.254912745625946,0.635720167828692,FALSE,"NS"
"P01011","HexNAc.5.Hex.6.NeuAc.3....N...rare1","Healthy","MECFS",-1.03190338711651,-0.271347759554423,0.760555627562091,0.831023295910928,0.354871150951226,1.19030715523638,"large",1.8820408628713,0.114137650173836,5.41188177589587,5,5,-0.254912745625946,1.77602400075013,0.635720167828692,FALSE,"NS"
"P01871","HexNAc.4.Hex.6.NeuAc.1....N...rare1","Healthy","MECFS",0.365726773748175,-0.0935581228940677,-0.459284896642243,0.444161148185251,0.378436048718876,-1.11312282453359,"large",-1.76000172052305,0.117393769262392,7.80325820177918,5,5,-1.06370417549434,0.145134382209855,0.638995630416884,FALSE,"NS"
"P27169","HexNAc.3.Hex.5.NeuAc.1....N...rare1","Healthy","MECFS",0,-0.801125069804634,-0.801125069804634,0,0.897776556256191,-1.2619642727132,"large",-1.9953407137658,0.116736065822527,4,5,5,-1.9158618981393,0.313611758530035,0.638995630416884,FALSE,"NS"
"P19652","HexNAc.5.Hex.6.NeuAc.2....N...rare1","Healthy","MECFS",-0.467464360753824,-1.32841815587596,-0.86095379512214,0.440621592416574,0.953599583294647,-1.15906758896612,"large",-1.8326467716064,0.11975064734095,5.63354496948399,5,5,-2.02885276776702,0.306945177522739,0.644500675014774,FALSE,"NS"
"P02787","HexNAc.5.Hex.6.NeuAc.3....N...rare1","Healthy","MECFS",-0.813181455584205,-1.7604559718789,-0.947274516294694,0.903463271004594,0.822832685965651,-1.096269648643,"large",-1.73335450971221,0.121589897258529,7.9310920589039,5,5,-2.20940923505977,0.314860202470378,0.647128453187061,FALSE,"NS"
"P01861","HexNAc.4.Hex.5.NeuAc.2.Fuc.1....N...rare1","Healthy","MECFS",-2.98481911058208,-1.35481433830224,1.63000477227984,0.344135854372078,1.88204589211216,1.20484758744903,"large",1.90503130484891,0.125011185140277,4.26718015166335,5,5,-0.688081740987529,3.94809128554722,0.65062720784979,FALSE,"NS"
"P01871","HexNAc.4.Hex.5....N...rare1","Healthy","MECFS",-0.707017389166033,-0.346198413538265,0.360818975627768,0.358559294564768,0.30396953396859,1.08553874747652,"large",1.71638746519608,0.125435458106583,7.79126102523548,5,5,-0.126219220853205,0.847857172108742,0.65062720784979,FALSE,"NS"
"P02765","HexNAc.4.Hex.5.NeuAc.1.Fuc.1....N...rare1","Healthy","MECFS",-1.44339674921221,-0.880764457907544,0.562632291304669,0.514876795480127,0.527633507616591,1.07929901915268,"large",1.70652158845408,0.126322192755805,7.99521285288018,5,5,-0.197725872905726,1.32299045551506,0.65062720784979,FALSE,"NS"
"O75882","HexNAc.2.Hex.7....N...rare1","Healthy","MECFS",-0.709928556998498,-0.0362977740703163,0.673630782928182,0.772116660829602,0.361171224720682,1.11760052887813,"large",1.76708159273184,0.130505724441811,5.67047658200949,5,5,-0.272457396511248,1.61971896236761,0.658023600080289,FALSE,"NS"
"P00738","HexNAc.4.Hex.5....N...rare1","Healthy","MECFS",-1.63858645781487,-0.84727707752512,0.79130938028975,0.794984344982645,0.68012455983003,1.06964492623691,"large",1.69125712727572,0.130155571490221,7.81280070469787,5,5,-0.292145778660309,1.87476453923981,0.658023600080289,FALSE,"NS"
"P01591","HexNAc.4.Hex.5.NeuAc.2....N...rare1","Healthy","MECFS",0.953690062183878,1.43872025040454,0.485030188220661,0.312286558384052,0.551393297934391,1.08245516376453,"large",1.71151189125324,0.135268919026751,6.32670840369249,5,5,-0.199818727053547,1.16987910349487,0.674935543893895,FALSE,"NS"
"Q08380","HexNAc.4.Hex.5.NeuAc.1.Fuc.1....N...rare1","Healthy","MECFS",-0.167238955291229,0.397987303533882,0.565226258825111,0.578672826830455,0.430828561365357,1.08597323088101,"large",1.67865799518365,0.137179047828385,6.98938713277065,5,4,-0.231219020046684,1.36167153769691,0.677409937214398,FALSE,"NS"
"P02763","HexNAc.6.Hex.7.NeuAc.2.Fuc.1....N...rare1","Healthy","MECFS",0.449282236514923,0.875136009035508,0.425853772520585,0.438127938197989,0.383401457508504,1.03444142623772,"large",1.63559550647213,0.141227084466593,7.86168210638211,5,5,-0.176395438581657,1.02810298362283,0.684462109736321,FALSE,"NS"
"P05090","HexNAc.4.Hex.5.Fuc.1....N...rare1","Healthy","MECFS",-0.738459830423566,0.0305096620196269,0.768969492443193,0.907885808695705,0.444879991595029,1.07562654824355,"large",1.7007149020973,0.141465028943415,5.81622115037672,5,5,-0.345918608365079,1.88385759325147,0.684462109736321,FALSE,"NS"
"P02787","HexNAc.5.Hex.5.Fuc.1....N...rare1","Healthy","MECFS",-2.05491962160016,-0.880153059606764,1.17476656199339,1.33558289292192,0.881533222911563,1.03817782719625,"large",1.64150327511242,0.145134710036794,6.92924476060778,5,5,-0.52102171029383,2.87055483428061,0.688312139679447,FALSE,"NS"
"P02790","HexNAc.4.Hex.5.NeuAc.2....N...rare1","Healthy","MECFS",4.32576174595112,4.10407749764831,-0.221684248302813,0.208559036134268,0.224835454509911,-1.02229300755409,"large",-1.61638716996732,0.144885310791867,7.95524513456435,5,5,-0.538258045556519,0.0948895489508938,0.688312139679447,FALSE,"NS"
"P06681","HexNAc.4.Hex.5.NeuAc.1....N...rare1","Healthy","MECFS",-1.31938242229267,-0.629331386170948,0.690051036121725,0.187628114417039,0.866151447920036,1.10114497751172,"large",1.74106308149596,0.150477935319251,4.37457852993645,5,5,-0.374179763002547,1.754281835246,0.706656186450209,FALSE,"NS"
"P00450","HexNAc.4.Hex.5.NeuAc.2....N...rare1","Healthy","MECFS",3.23046487952292,3.57762418698691,0.34715930746399,0.404294200650312,0.300806893849096,0.974270294038707,"large",1.54045659290214,0.165102798215103,7.38982592105112,5,5,-0.180089476639063,0.874408091567043,0.715086511396821,FALSE,"NS"
"P00738","HexNAc.5.Hex.5.NeuAc.1.Fuc.1....N...rare1","Healthy","MECFS",-0.686808097644797,-1.28422787319677,-0.597419775551969,0.561583295167187,0.711150593138293,-0.93238154062496,"large",-1.47422465833584,0.180637719997944,7.5919635822642,5,5,-1.54072764050048,0.345888089396539,0.715086511396821,FALSE,"NS"
"P00738","HexNAc.5.Hex.6.NeuAc.2.Fuc.1....N...rare1","Healthy","MECFS",-1.15986078442912,-0.354967523709616,0.804893260719502,1.04018033963678,0.364530794174183,1.03273895459186,"large",1.63290366244574,0.163794369265623,4.96791980723008,5,5,-0.464666683535154,2.07445320497416,0.715086511396821,FALSE,"NS"
"P01861","HexNAc.4.Hex.4.Fuc.1....N...rare1","Healthy","MECFS",2.23069136730197,1.94929902596922,-0.281392341332752,0.164917317196209,0.363316713037563,-0.997378873426753,"large",-1.57699446508066,0.169548703008978,5.58122858227381,5,5,-0.726074622924966,0.163289940259462,0.715086511396821,FALSE,"NS"
"P02749","HexNAc.3.Hex.4.NeuAc.1....N...rare1","Healthy","MECFS",-0.421070810823106,-0.593869570571554,-0.172798759748447,0.229312028567038,0.0710201751751889,-1.01798019419922,"large",-1.60956801330503,0.171330743709564,4.76036525103955,5,5,-0.453000581165185,0.107403061668291,0.715086511396821,FALSE,"NS"
"P02749","HexNAc.4.Hex.5.NeuAc.1.Fuc.1....N...rare1","Healthy","MECFS",-0.326836500071658,0.0428276864422166,0.369664186513875,0.373246498597924,0.389377575515963,0.969236432648046,"large",1.53249735919211,0.164005304750837,7.98572121316706,5,5,-0.186756038035695,0.926084411063445,0.715086511396821,FALSE,"NS"
"P02751","HexNAc.4.Hex.5.NeuAc.1....N...rare1","Healthy","MECFS",2.43120138248055,2.79561677993646,0.364415397455917,0.441764682253543,0.289577216477851,0.97566573870614,"large",1.54266298465105,0.167423533450773,6.90171935869308,5,5,-0.195784230723954,0.924615025635788,0.715086511396821,FALSE,"NS"
"P02763","HexNAc.4.Hex.5.NeuAc.1....N...rare1","Healthy","MECFS",-2.40259456534122,-3.15628347465911,-0.753688909317892,0.71649656819588,0.855672371248941,-0.955053807027441,"large",-1.51007265911082,0.170616544170756,7.76050377048075,5,5,-1.91084536133022,0.403467542694437,0.715086511396821,FALSE,"NS"
"P04004","HexNAc.5.Hex.6.NeuAc.2....N...rare1","Healthy","MECFS",-0.649581318329755,0,0.649581318329755,0.890752944737904,0,1.03131481705787,"large",1.63065190329138,0.178298164380377,4,5,5,-0.456434544445288,1.7555971811048,0.715086511396821,FALSE,"NS"
"P04114","HexNAc.3.Hex.4.NeuAc.1....N...rare1","Healthy","MECFS",-1.35107515677524,0,1.35107515677524,1.85003778077567,0,1.03279448147042,"large",1.63299145814955,0.17780816467152,4,5,5,-0.946050150930695,3.64820046448117,0.715086511396821,FALSE,"NS"
"P05090","HexNAc.4.Hex.5....N...rare1","Healthy","MECFS",-1.41826504725946,-0.353339302860095,1.06492574439936,1.38207470339096,0.388409293367443,1.04904989121828,"large",1.65869351770082,0.162758245196584,4.62792177332774,5,5,-0.626176318081923,2.75602780688065,0.715086511396821,FALSE,"NS"
"P05156","HexNAc.4.Hex.5.NeuAc.2....N...rare1","Healthy","MECFS",1.76363947115898,1.2623839518368,-0.501255519322175,0.510710690846719,0.52886767062508,-0.964196834181391,"large",-1.52452905436844,0.165929423471883,7.9902561962204,5,5,-1.25961607520922,0.257105036564865,0.715086511396821,FALSE,"NS"
"P08603","HexNAc.4.Hex.5.NeuAc.1....N...rare1","Healthy","MECFS",2.25701955146742,2.47511936456657,0.218099813099151,0.200871698518848,0.260875056959842,0.936796294912962,"large",1.48120499776588,0.179246207978196,7.50946784893246,5,5,-0.125347152041252,0.561546778239554,0.715086511396821,FALSE,"NS"
"P0DOX2","HexNAc.4.Hex.4.Fuc.1....N...rare1","Healthy","MECFS",-0.445626190888495,-0.748322582734117,-0.302696391845622,0.327537695115101,0.3140531504405,-0.943372434761389,"large",-1.4916027878323,0.174209777797904,7.9859020284981,5,5,-0.77080605575987,0.165413272068625,0.715086511396821,FALSE,"NS"
"P0DOX2","HexNAc.5.Hex.4.NeuAc.1.Fuc.1....N...rare1","Healthy","MECFS",0.192798956689627,-0.371258009224047,-0.564056965913673,0.559228628209001,0.623135498398946,-0.952726546923736,"large",-1.50639293779315,0.170822207082729,7.90812605247024,5,5,-1.42927127250349,0.301157340676145,0.715086511396821,FALSE,"NS"
"P0DOX5","HexNAc.3.Hex.4.NeuAc.1.Fuc.1....N...rare1","Healthy","MECFS",-2.03235186650501,-2.58249390276821,-0.550142036263196,0.686632168341766,0.460530338502411,-0.941031307474342,"large",-1.48790114057258,0.18041931228125,6.99310320949985,5,5,-1.42462172454239,0.324337652016001,0.715086511396821,FALSE,"NS"
"P0DOX6","HexNAc.4.Hex.5.NeuAc.1.Fuc.1....N...rare1","Healthy","MECFS",0,-1.15650546991242,-1.15650546991242,0,1.58663747888917,-1.03082508907699,"large",-1.62987757536462,0.178460650149788,4,5,5,-3.12657610564989,0.813565165825044,0.715086511396821,FALSE,"NS"
"P20851","HexNAc.4.Hex.5.NeuAc.1....N...rare1","Healthy","MECFS",0.221343222542836,0.460122344194718,0.238779121651883,0.132452759115107,0.300146183454983,1.02929940722152,"large",1.62746526054058,0.159228998060839,5.50100055242381,5,5,-0.128271678810759,0.605829922114524,0.715086511396821,FALSE,"NS"
"P43652","HexNAc.4.Hex.5.NeuAc.2.Fuc.1....N...rare1","Healthy","MECFS",0.10298526036891,0.496467977164352,0.393482716795442,0.442806142893104,0.396994950618674,0.935694364636056,"large",1.47946269301702,0.177719904573297,7.90644846354446,5,5,-0.221095114355951,1.00806054794683,0.715086511396821,FALSE,"NS"
"P02749","HexNAc.5.Hex.6.NeuAc.2.Fuc.1....N...rare1","Healthy","MECFS",-1.4309043017063,-0.962230697737188,0.468673603969115,0.64044626194232,0.206008637047766,0.985196710147316,"large",1.55773277368512,0.18219984433605,4.81897526105966,5,5,-0.313555691491374,1.2509028994296,0.715358405221047,FALSE,"NS"
"P01019","HexNAc.4.Hex.5.NeuAc.2....N...rare1","Healthy","MECFS",1.31627722201345,2.3770706824774,1.06079346046395,1.3592373667157,1.00439088706318,0.887650185654928,"large",1.40349817607045,0.201197512376164,7.36496979314019,5,5,-0.708641149130878,2.83022807005878,0.719206033046138,FALSE,"NS"
"P01031","HexNAc.4.Hex.5.NeuAc.2....N...rare1","Healthy","MECFS",1.17479834043889,0.594332184849611,-0.580466155589282,0.279856810586895,0.832688508913001,-0.934480983938662,"large",-1.4775441696807,0.200825960634124,4.89225817636232,5,5,-1.59706793762643,0.436135626447868,0.719206033046138,FALSE,"NS"
"P01031","HexNAc.4.Hex.5.NeuAc.2.Fuc.1....N...rare1","Healthy","MECFS",-1.17479834043889,-0.594332184849611,0.580466155589282,0.279856810586895,0.832688508913001,0.934480983938662,"large",1.4775441696807,0.200825960634124,4.89225817636232,5,5,-0.436135626447868,1.59706793762643,0.719206033046138,FALSE,"NS"
"P01591","HexNAc.4.Hex.5.NeuAc.2.Fuc.1....N...rare1","Healthy","MECFS",1.37973462976889,1.03203675648344,-0.347697873285454,0.273504845577656,0.470554590713712,-0.903451953615284,"large",-1.42848296497655,0.199904760589274,6.42583952095443,5,5,-0.933847057782899,0.238451311211992,0.719206033046138,FALSE,"NS"
"P05090","HexNAc.5.Hex.6.NeuAc.3....N...rare1","Healthy","MECFS",-0.0405192961585712,-0.488702376450143,-0.448183080291572,0.481797910513295,0.517114960293741,-0.896781368966253,"large",-1.4179358445686,0.194145439344815,7.96029750129853,5,5,-1.17770125591043,0.281335095327282,0.719206033046138,FALSE,"NS"
"P07358","HexNAc.4.Hex.5.NeuAc.1....N...rare1","Healthy","MECFS",-1.1803354381568,-1.00391988896838,0.176415549188427,0.178045753441253,0.211315167962662,0.902890017427802,"large",1.42759446585049,0.192309190206619,7.7761827942619,5,5,-0.109983820226677,0.46281491860353,0.719206033046138,FALSE,"NS"
"P07358","HexNAc.4.Hex.5.NeuAc.2....N...rare1","Healthy","MECFS",1.1803354381568,1.00391988896838,-0.176415549188427,0.178045753441253,0.211315167962662,-0.902890017427801,"large",-1.42759446585049,0.192309190206619,7.7761827942619,5,5,-0.46281491860353,0.109983820226677,0.719206033046138,FALSE,"NS"
"P08519","HexNAc.4.Hex.5.NeuAc.1....N...rare1","Healthy","MECFS",-0.49041980722064,0,0.49041980722064,0.691258076013053,0,0.938527080515114,"large",1.58640031055056,0.187835110330873,4,5,4,-0.36789045923237,1.34873007367365,0.719206033046138,FALSE,"NS"
"P08519","HexNAc.4.Hex.5.NeuAc.2....N...rare1","Healthy","MECFS",0.49041980722064,0,-0.49041980722064,0.691258076013053,0,-0.938527080515114,"large",-1.58640031055056,0.187835110330873,4,5,4,-1.34873007367365,0.36789045923237,0.719206033046138,FALSE,"NS"
"P0DOX5","HexNAc.4.Hex.5.Fuc.1....N...rare1","Healthy","MECFS",3.43889978152822,3.0758050443326,-0.363094737195621,0.413575722523667,0.389945154055369,-0.903368745056221,"large",-1.42835140069282,0.191172075008172,7.97246685477998,5,5,-0.949646169616608,0.223456695225365,0.719206033046138,FALSE,"NS"
"P0DOX5","HexNAc.4.Hex.6.NeuAc.1....N...rare1","Healthy","MECFS",-0.254756351589018,-0.566750963672524,-0.311994612083505,0.380619514631651,0.317161396654544,-0.890572861331899,"large",-1.40811933207105,0.197932378174244,7.74787010982899,5,5,-0.825840682483235,0.201851458316225,0.719206033046138,FALSE,"NS"
"P49908","HexNAc.4.Hex.5.NeuAc.1.Fuc.1....N...rare1","Healthy","MECFS",-1.45700693354662,-0.507738414681085,0.949268518865531,0.949978395392884,1.13533761001488,0.906855830155862,"large",1.43386496634767,0.190656642917363,7.75862430894018,5,5,-0.585693313273131,2.48423035100419,0.719206033046138,FALSE,"NS"
"P01591","HexNAc.5.Hex.5.NeuAc.1....N...rare1","Healthy","MECFS",0.746295675427596,1.06055133023157,0.314255654803977,0.172610075182966,0.450565860917245,0.921092053953178,"large",1.45637441258737,0.203422455478477,5.14934557868827,5,5,-0.235619122771517,0.864130432379471,0.721773008697708,FALSE,"NS"
"P0DOX2","HexNAc.4.Hex.5.Fuc.1....N...rare1","Healthy","MECFS",-0.670736066732039,-1.28686717761296,-0.616131110880924,0.501962653858255,0.846881544983265,-0.88508925200636,"large",-1.39944898443743,0.207537019197569,6.50175212655007,5,5,-1.67359023678315,0.441328015021303,0.73095758967379,FALSE,"NS"
"P00450","HexNAc.4.Hex.5.NeuAc.1....N...rare1","Healthy","MECFS",-0.113492543225173,0.208018776964832,0.321511320190005,0.419828730641362,0.318097973705318,0.863226540445376,"large",1.36488100225742,0.212058382053696,7.45425551803076,5,5,-0.228691783282677,0.871714423662686,0.731129904179566,FALSE,"NS"
"P01861","HexNAc.4.Hex.5.NeuAc.1.Fuc.1....N...rare1","Healthy","MECFS",1.35726993931178,0.786591775774341,-0.570678163537436,0.422797880699369,0.810086878179716,-0.883208678124333,"large",-1.39647553604971,0.211822253241727,6.02865027600541,5,5,-1.56947268169201,0.428116354617142,0.731129904179566,FALSE,"NS"
"P08603","HexNAc.3.Hex.4.NeuAc.1....N...rare1","Healthy","MECFS",-0.46426523473514,-0.767168375364544,-0.302903140629404,0.303215952203881,0.397815170191279,-0.856402405549841,"large",-1.35409109759236,0.215217779727179,7.47484410209637,5,5,-0.825121158702734,0.219314877443926,0.731129904179566,FALSE,"NS"
"P0DOX2","HexNAc.5.Hex.5.NeuAc.1....N...rare1","Healthy","MECFS",0.124648618482141,0.764262399839562,0.639613781357421,0.540010206376883,0.88797139894414,0.870362112004164,"large",1.37616333152387,0.21362707422874,6.60268029379938,5,5,-0.472967196212165,1.75219475892701,0.731129904179566,FALSE,"NS"
"P10909","HexNAc.4.Hex.6.NeuAc.1....N...rare1","Healthy","MECFS",-2.63518841149169,-2.78782016375408,-0.152631752262391,0.120583832916535,0.215984936951822,-0.872609276291504,"large",-1.37971641023616,0.214841240028849,6.2727594800873,5,5,-0.420494724488095,0.115231219963313,0.731129904179566,FALSE,"NS"
"P01019","HexNAc.5.Hex.6.NeuAc.1....N...rare1","Healthy","MECFS",0,-0.592359381923982,-0.592359381923982,0,0.917463601543523,-0.913085456803378,"large",-1.44371487093698,0.222308686787601,4,5,5,-1.73154090562294,0.546822141774973,0.737382109952931,FALSE,"NS"
"P01861","HexNAc.5.Hex.3.Fuc.1....N...rare1","Healthy","MECFS",0.441164978887564,-0.0153571970302879,-0.456522175917852,0.415881741676382,0.639619148801642,-0.846231455083787,"large",-1.33800941287162,0.223487042067981,6.86928065600522,5,5,-1.26644303242895,0.353398680593247,0.737382109952931,FALSE,"NS"
"P04278","HexNAc.4.Hex.5.NeuAc.2....N...rare1","Healthy","MECFS",0.676000353524414,1.39460023541005,0.718599881885636,0.927469340301617,0.790766654881564,0.833804361292708,"large",1.31836045233345,0.224755298649536,7.80486586232221,5,5,-0.543826885115999,1.98102664888727,0.737382109952931,FALSE,"NS"
"P04278","HexNAc.4.Hex.5.NeuAc.2.Fuc.1....N...rare1","Healthy","MECFS",-0.676000353524414,-1.39460023541005,-0.718599881885636,0.927469340301617,0.790766654881564,-0.833804361292708,"large",-1.31836045233345,0.224755298649536,7.80486586232221,5,5,-1.98102664888727,0.543826885115999,0.737382109952931,FALSE,"NS"
"P0DOX2","HexNAc.5.Hex.5.Fuc.1....N...rare1","Healthy","MECFS",1.75754009958965,1.29529954795092,-0.462240551638727,0.473596863770276,0.609944067145304,-0.846527863458237,"large",-1.33847807566203,0.219705801662609,7.53736797024283,5,5,-1.26720319306329,0.342722089785833,0.737382109952931,FALSE,"NS"
"P00738","HexNAc.5.Hex.6.NeuAc.1....N...rare1","Healthy","MECFS",1.16655820775871,1.56723199738087,0.400673789622158,0.473132568650641,0.50782693175355,0.816391353318442,"large",1.29082806927677,0.232988228787738,7.96027008312854,5,5,-0.315733565104122,1.11708114434844,0.752004164539562,FALSE,"NS"
"P04004","HexNAc.4.Hex.5.NeuAc.2.Fuc.1....N...rare1","Healthy","MECFS",-0.344872313840737,0,0.344872313840737,0.554020325402953,0,0.88033431474888,"large",1.39193076850501,0.236344436897487,4,5,5,-0.343034778485244,1.03277940616672,0.752004164539562,FALSE,"NS"
"P0C0L4","HexNAc.4.Hex.5.NeuAc.1.Fuc.1....N...rare1","Healthy","MECFS",-1.73120695739821,-1.24252145622124,0.488685501176968,0.387329214530633,0.741269969121585,0.826321424709793,"large",1.30652889073914,0.238969398174478,6.03270003279941,5,5,-0.425340162391549,1.40271116474549,0.752004164539562,FALSE,"NS"
"P0DOX6","HexNAc.2.Hex.9....N...rare1","Healthy","MECFS",-1.26855032636727,-0.891252786961999,0.377297539405268,0.569058126368994,0.281124758784884,0.840664722221568,"large",1.32920763538646,0.233323694542203,5.84267401536095,5,5,-0.32182079357786,1.0764158723884,0.752004164539562,FALSE,"NS"
"P27918","HexNAc.4.Hex.5.NeuAc.1.Fuc.1....N...rare1","Healthy","MECFS",0.660619427889227,0.895810543660905,0.235191115771678,0.323007093420137,0.257102981954092,0.805667505745303,"large",1.27387217747098,0.240201747754808,7.61673897353313,5,5,-0.194317311048464,0.66469954259182,0.752004164539562,FALSE,"NS"
"P27918","HexNAc.4.Hex.5.NeuAc.2.Fuc.1....N...rare1","Healthy","MECFS",-0.660619427889227,-0.895810543660905,-0.235191115771678,0.323007093420137,0.257102981954092,-0.805667505745303,"large",-1.27387217747098,0.240201747754808,7.61673897353313,5,5,-0.66469954259182,0.194317311048464,0.752004164539562,FALSE,"NS"
"P43652","HexNAc.4.Hex.5.NeuAc.1.Fuc.1....N...rare1","Healthy","MECFS",-1.55398928078546,-2.50624087778822,-0.952251597002765,1.51424741626611,0.244041110105229,-0.878014668265843,"large",-1.38826308537861,0.234044274809924,4.20764878749166,5,5,-2.82019985621932,0.915696662213792,0.752004164539562,FALSE,"NS"
"P0DOX5","HexNAc.4.Hex.4.Fuc.1....N...rare1","Healthy","MECFS",3.81640242949373,3.57001463533242,-0.24638779416131,0.255366477167389,0.351425501866539,-0.802111087281603,"large",-1.26824898614199,0.243640024851037,7.30325508620479,5,5,-0.70193404611093,0.20915845778831,0.757815401971731,FALSE,"NS"
"P00738","HexNAc.4.Hex.5.NeuAc.2....N...rare1","Healthy","MECFS",2.96464453070235,3.43488879914563,0.470244268443273,0.732752154184465,0.377147381889157,0.806957352535925,"large",1.27591160431649,0.2492997436586,5.98034552885337,5,5,-0.432297540851936,1.37278607773848,0.761698946649597,FALSE,"NS"
"P01871","HexNAc.5.Hex.4.NeuAc.1.Fuc.1....N...rare1","Healthy","MECFS",1.44006450862486,2.09086375992104,0.650799251296182,0.818800018590089,0.838958173708332,0.785097784615878,"medium",1.24134859266924,0.249659153703521,7.99527258157573,5,5,-0.558289189930127,1.85988769252249,0.761698946649597,FALSE,"NS"
"P02765","HexNAc.4.Hex.5.NeuAc.1....N...rare1","Healthy","MECFS",1.18932794946224,1.41432223464868,0.224994285186444,0.276446168248431,0.292770334173185,0.790215387336059,"medium",1.24944023304706,0.246931778050324,7.9738110014467,5,5,-0.190499391331763,0.640487961704652,0.761698946649597,FALSE,"NS"
"P00748","HexNAc.3.Hex.4.NeuAc.1....N...rare1","Healthy","MECFS",-0.323406383525614,-0.95253650324608,-0.629130119720466,0.72315865792064,0.875151199875575,-0.783708601156435,"medium",-1.2391521007594,0.251610866260573,7.72553215773406,5,5,-1.80719166823299,0.548931428792062,0.76279496796718,FALSE,"NS"
"P51884","HexNAc.5.Hex.6.NeuAc.2.Fuc.1....N...rare1","Healthy","MECFS",0.0451105979281074,-0.355058386152182,-0.400168984080289,0.427244853992561,0.584797785882427,-0.781402250110255,"medium",-1.23550543956448,0.25480480926857,7.32326264427158,5,5,-1.15924891837308,0.3589109502125,0.767619519746194,FALSE,"NS"
"P02787","HexNAc.4.Hex.5.NeuAc.1.Fuc.1....N...rare1","Healthy","MECFS",-0.791639059108623,-0.533151249752924,0.258487809355699,0.091302312664182,0.44058519190617,0.812446264668352,"large",1.28459033642399,0.263177621788586,4.34292059083772,5,5,-0.283219027886238,0.800194646597635,0.768671224614223,FALSE,"NS"
"P04196","HexNAc.4.Hex.5.NeuAc.2....N...rare1","Healthy","MECFS",2.41291817795424,1.80417692342189,-0.608741254532346,0.260906331503584,1.03113227311002,-0.809389769887417,"large",-1.2797575938419,0.262500874289075,4.51009834795564,5,5,-1.87253746028552,0.655054951220831,0.768671224614223,FALSE,"NS"
"P08603","HexNAc.5.Hex.6.NeuAc.3....N...rare1","Healthy","MECFS",0.480935348477264,0.243043234982164,-0.2378921134951,0.248948920327585,0.354937353877982,-0.776009148853544,"medium",-1.22697819775292,0.258596617194174,7.16870499884792,5,5,-0.694178076887545,0.218393849897346,0.768671224614223,FALSE,"NS"
"P10909","HexNAc.4.Hex.5.NeuAc.2.Fuc.1....N...rare1","Healthy","MECFS",-0.386850640811075,0.74008742385064,1.12693806466172,1.58862865583804,1.35764671422648,0.762651545870079,"medium",1.20585797299891,0.263129322923757,7.81032236751033,5,5,-1.03728887095392,3.29116500027736,0.768671224614223,FALSE,"NS"
"P43652","HexNAc.4.Hex.5.NeuAc.1....N...rare1","Healthy","MECFS",1.06039983489805,1.38189231782553,0.321492482927479,0.429364300255534,0.414041132689406,0.762241796793606,"medium",1.20521010282351,0.262603337073998,7.98945819512856,5,5,-0.29378056949365,0.936765535348609,0.768671224614223,FALSE,"NS"
"P05543","HexNAc.4.Hex.5.NeuAc.1....N...rare1","Healthy","MECFS",-0.642335021116216,-0.453734504354403,0.188600516761813,0.0977581176838248,0.323140419581852,0.79004248420397,"medium",1.24916684919107,0.269903332944637,4.72609007373795,5,5,-0.206372772766429,0.583573806290055,0.769963632754859,FALSE,"NS"
"P08571","HexNAc.4.Hex.5.NeuAc.1....N...rare1","Healthy","MECFS",-0.483157909626873,-0.180206302900678,0.302951606726194,0.461478798791437,0.329465340902068,0.75559826622798,"medium",1.19470575867735,0.269884259720469,7.23672523921545,5,5,-0.292712700465947,0.898615913918335,0.769963632754859,FALSE,"NS"
"P08571","HexNAc.4.Hex.5.NeuAc.2....N...rare1","Healthy","MECFS",0.483157909626873,0.180206302900678,-0.302951606726194,0.461478798791437,0.329465340902068,-0.75559826622798,"medium",-1.19470575867735,0.269884259720469,7.23672523921545,5,5,-0.898615913918336,0.292712700465947,0.769963632754859,FALSE,"NS"
"P10909","HexNAc.5.Hex.6.NeuAc.2....N...rare1","Healthy","MECFS",2.55115347959051,1.81065776027864,-0.740495719311867,0.863668259153123,1.09770134953771,-0.749761715979596,"medium",-1.18547736244589,0.271657315105577,7.5803332514312,5,5,-2.19491600920586,0.713924570582127,0.769963632754859,FALSE,"NS"
"P10909","HexNAc.5.Hex.6.NeuAc.2.Fuc.1....N...rare1","Healthy","MECFS",-1.44276803262472,-0.857644751639081,0.585123280985639,0.844492179636318,0.708692548439381,0.750586218023225,"medium",1.18678101464256,0.270346066772694,7.7661162072354,5,5,-0.557802537411222,1.7280490993825,0.769963632754859,FALSE,"NS"
"P01871","HexNAc.2.Hex.8....N...rare1","Healthy","MECFS",-3.50624059515153,-4.60437178116713,-1.0981311860156,1.96121083018471,0.237181328954703,-0.786125785176653,"medium",-1.24297400427323,0.279968931701758,4.11697943755643,5,5,-3.523795251073,1.3275328790418,0.770719070604265,FALSE,"NS"
"P05090","HexNAc.5.Hex.6.NeuAc.2.Fuc.1....N...rare1","Healthy","MECFS",0.0553687587505713,0.539783441535152,0.48441468278458,0.663620507525227,0.649404066066984,0.737817556854377,"medium",1.1665919886603,0.276986507554977,7.99625129986909,5,5,-0.473206691096353,1.44203605666551,0.770719070604265,FALSE,"NS"
"P05090","HexNAc.6.Hex.7.NeuAc.2.Fuc.1....N...rare1","Healthy","MECFS",-0.961691872545715,-0.500265883823026,0.461425988722689,0.73230071638002,0.48407605597605,0.743368659022913,"medium",1.17536905184874,0.278616083516456,6.93527263493042,5,5,-0.468636631028553,1.39148860847393,0.770719070604265,FALSE,"NS"
"P0C0L4","HexNAc.2.Hex.7....N...rare1","Healthy","MECFS",-1.13592643671452,-1.30086003215693,-0.164933595442407,0.146145300717622,0.272935200411858,-0.753396104565434,"medium",-1.19122383536258,0.277710051410271,6.11948737570395,5,5,-0.502129228435254,0.17226203755044,0.770719070604265,FALSE,"NS"
"P0C0L4","HexNAc.4.Hex.5.NeuAc.2....N...rare1","Healthy","MECFS",2.58398396292725,2.70530513151476,0.121321168587508,0.198602170022221,0.113224948466829,0.750508501545342,"medium",1.18665813410164,0.277842492497235,6.35175529260995,5,5,-0.125525224179599,0.368167561354615,0.770719070604265,FALSE,"NS"
"O75882","HexNAc.2.Hex.5....N...rare1","Healthy","MECFS",0.227981067795567,0.644272056890119,0.416290989094551,0.726221526354856,0.266717515556608,0.76096887215479,"medium",1.20319743224931,0.282157095712784,5.05980085425317,5,5,-0.469945244357691,1.30252722254679,0.772304279122419,FALSE,"NS"
"P00738","HexNAc.4.Hex.6.NeuAc.1....N...rare1","Healthy","MECFS",-0.397748342662855,-1.10159266428031,-0.703844321617459,0.889392332132023,1.04038953221362,-0.727231995908477,"medium",-1.14985474721052,0.284189251820186,7.81103206072116,5,5,-2.121352194204,0.713663550969086,0.772682915217738,FALSE,"NS"
"P00748","HexNAc.4.Hex.5.NeuAc.2.Fuc.1....N...rare1","Healthy","MECFS",-1.04250106163821,-0.736720250004935,0.305780811633278,0.274785865066356,0.517550749707298,0.737983327829688,"medium",1.16685409558627,0.286925139519921,6.08912804290094,5,5,-0.333178195404132,0.944739818670688,0.772682915217738,FALSE,"NS"
"P01023","HexNAc.3.Hex.4.NeuAc.1....N...rare1","Healthy","MECFS",-0.520908516652395,-0.21119210270114,0.309716413951255,0.453476688136044,0.403083865885791,0.721914665301491,"medium",1.14144730931542,0.287134778515151,7.89149755903051,5,5,-0.317487501832064,0.936920329734575,0.772682915217738,FALSE,"NS"
"O75882","HexNAc.2.Hex.9....N...rare1","Healthy","MECFS",-0.392867843229316,-0.177391295185253,0.215476548044064,0.359763824583112,0.255898553736778,0.690229317382663,"medium",1.09134837537623,0.310182509944875,7.2226184991385,5,5,-0.248495070174972,0.679448166263099,0.781678150418634,FALSE,"NS"
"O75882","HexNAc.5.Hex.6.NeuAc.3....N...rare1","Healthy","MECFS",0.0841408562673241,-0.216489215146623,-0.300630071413947,0.353490728899202,0.60514679989168,-0.606647838127072,"medium",-0.959194453049341,0.372049343982947,6.44507744525696,5,5,-1.05488287085283,0.453622728024934,0.781678150418634,FALSE,"NS"
"O95445","HexNAc.3.Hex.6.NeuAc.1....N...rare1","Healthy","MECFS",-1.11325170408831,-0.688842733754983,0.424408970333328,0.680267953447006,0.652857695795279,0.636578089197838,"medium",1.0065183352115,0.343684046007648,7.98650621538844,5,5,-0.54822779788137,1.39704573854803,0.781678150418634,FALSE,"NS"
"P00734","HexNAc.5.Hex.6.NeuAc.3....N...rare1","Healthy","MECFS",-0.478056584813809,0,0.478056584813809,1.06896702073507,0,0.632455532033676,"medium",1,0.373900966300059,4,5,5,-0.849241280100065,1.80535444972768,0.781678150418634,FALSE,"NS"
"P00738","HexNAc.6.Hex.7.NeuAc.1....N...rare1","Healthy","MECFS",-2.0044556084737,-1.43594083494145,0.568514773532251,0.733266233408436,1.08245807532564,0.614943983157727,"medium",0.97231181009732,0.36314309143275,7.03249612983215,5,5,-0.812796821108022,1.94982636817252,0.781678150418634,FALSE,"NS"
"P00748","HexNAc.4.Hex.5.NeuAc.1....N...rare1","Healthy","MECFS",-0.520639561713332,-0.303016141503547,0.217623420209784,0.23532906573217,0.420873304455406,0.63825757096749,"medium",1.00917382905191,0.350190165698548,6.27843531819947,5,5,-0.304420358333373,0.739667198752942,0.781678150418634,FALSE,"NS"
"P01008","HexNAc.3.Hex.4.NeuAc.1....N...rare1","Healthy","MECFS",-0.827141672186756,-0.267032411152655,0.560109261034101,1.16337705380928,0.597102623533009,0.6057487496786,"medium",0.957772869391782,0.375336063875336,5.97065106858295,5,5,-0.872560987121287,1.99277950918949,0.781678150418634,FALSE,"NS"
"P01009","HexNAc.4.Hex.5.NeuAc.2.Fuc.1....N...rare1","Healthy","MECFS",0,-0.394460872475719,-0.394460872475719,0,0.882041325319584,-0.632455532033676,"medium",-1,0.373900966300059,4,5,5,-1.48965983105298,0.700738086101542,0.781678150418634,FALSE,"NS"
"P01019","HexNAc.3.Hex.4.NeuAc.1....N...rare1","Healthy","MECFS",0,-0.105747332097359,-0.105747332097359,0,0.23645822300894,-0.632455532033676,"medium",-1,0.373900966300059,4,5,5,-0.399348994686797,0.187854330492079,0.781678150418634,FALSE,"NS"
"P01019","HexNAc.4.Hex.5.NeuAc.1.Fuc.1....N...rare1","Healthy","MECFS",0,-0.27999481258989,-0.27999481258989,0,0.626087434298307,-0.632455532033676,"medium",-1,0.373900966300059,4,5,5,-1.05738503948586,0.497395414306083,0.781678150418634,FALSE,"NS"
"P01019","HexNAc.5.Hex.6.NeuAc.3....N...rare1","Healthy","MECFS",0,-0.0465898796751615,-0.0465898796751615,0,0.0943308039699885,-0.698478513200274,"medium",-1.10439149920042,0.331386489757867,4,5,5,-0.163717042886313,0.0705372835359899,0.781678150418634,FALSE,"NS"
"P01023","HexNAc.3.Hex.6....N...rare1","Healthy","MECFS",0.736583271767923,1.0803497212091,0.343766449441176,0.621137191122053,0.476967823411981,0.620781211976136,"medium",0.981541279242194,0.356921641208133,7.50025325154284,5,5,-0.473331815526682,1.16086471440903,0.781678150418634,FALSE,"NS"
"P01591","HexNAc.4.Hex.5.NeuAc.1....N...rare1","Healthy","MECFS",0.732636812653231,1.1298862163639,0.397249403710673,0.164594075081464,0.753305388178802,0.728585172152154,"medium",1.15199430671334,0.308283102044342,4.38105489056446,5,5,-0.528205309656611,1.32270411707796,0.781678150418634,FALSE,"NS"
"P01591","HexNAc.4.Hex.5.NeuAc.1.Fuc.1....N...rare1","Healthy","MECFS",0.33576025965486,0.636740774337757,0.300980514682897,0.480993311950511,0.479765711104419,0.62654684841282,"medium",0.990657550892383,0.350866394092475,7.99994775663543,5,5,-0.399627984996018,1.00158901436181,0.781678150418634,FALSE,"NS"
"P01591","HexNAc.4.Hex.6.NeuAc.1....N...rare1","Healthy","MECFS",0,-0.671004583140551,-0.671004583140551,0,1.50041186111618,-0.632455532033676,"medium",-1,0.373900966300059,4,5,5,-2.53401197356642,1.19200280728532,0.781678150418634,FALSE,"NS"
"P01859","HexNAc.4.Hex.4.Fuc.1....N...rare1","Healthy","MECFS",3.13783625854423,3.47901544628299,0.341179187738765,0.582608930274256,0.379574719980195,0.693896566265212,"medium",1.09714680498401,0.309500244417946,6.87730561682411,5,5,-0.396814566756849,1.07917294223438,0.781678150418634,FALSE,"NS"
"P01859","HexNAc.5.Hex.4.Fuc.1....N...rare1","Healthy","MECFS",1.79463235192013,1.94116248257268,0.146530130652545,0.238056310799479,0.187164737362426,0.684311506603606,"medium",1.08199149496437,0.312480730225371,7.57798983280164,5,5,-0.168816780220736,0.461877041525826,0.781678150418634,FALSE,"NS"
"P01861","HexNAc.5.Hex.5.Fuc.1....N...rare1","Healthy","MECFS",-1.00026220568873,-1.60404876323925,-0.603786557550523,0.334246862950119,1.10423313616798,-0.740117991676753,"medium",-1.17022929548404,0.297506066448876,4.72689617916888,5,5,-1.95347626777784,0.745903152676797,0.781678150418634,FALSE,"NS"
"P01871","HexNAc.4.Hex.4.NeuAc.1....N...rare1","Healthy","MECFS",-0.743068289567539,-1.83309554172217,-1.09002725215463,1.66155120739751,1.69081264482708,-0.650278895038383,"medium",-1.02818121132943,0.333954209177063,7.99756308429642,5,5,-3.53486931616636,1.3548148118571,0.781678150418634,FALSE,"NS"
"P01871","HexNAc.4.Hex.5.NeuAc.1....N...rare1","Healthy","MECFS",1.61972743587184,1.90436447621554,0.284637040343699,0.364061647102073,0.436593703197862,0.708110460639447,"medium",1.11962094530583,0.296372386788478,7.74972588834931,5,5,-0.304921635813848,0.874195716501246,0.781678150418634,FALSE,"NS"
"P01871","HexNAc.5.Hex.4.Fuc.1....N...rare1","Healthy","MECFS",-0.0426693868760834,0.183953383897307,0.226622770773391,0.378494427618614,0.281082784629434,0.679802022621921,"medium",1.07486137473729,0.316304028576181,7.38305720880155,5,5,-0.266736376326266,0.719981917873047,0.781678150418634,FALSE,"NS"
"P01871","HexNAc.5.Hex.5.Fuc.1....N...rare1","Healthy","MECFS",1.27604221125416,1.53463498758395,0.258592776329788,0.423048480041474,0.353622369326271,0.663255971803948,"medium",1.04869977130445,0.325892300834753,7.75601809061416,5,5,-0.313159988101069,0.830345540760644,0.781678150418634,FALSE,"NS"
"P01871","HexNAc.5.Hex.6.NeuAc.2....N...rare1","Healthy","MECFS",-0.275591368320257,-0.689494743272248,-0.413903374951991,0.792937248621283,0.41115795342343,-0.65534027061919,"medium",-1.03618394879388,0.34002276818098,6.00593749883482,5,5,-1.3910874163343,0.56328066643032,0.781678150418634,FALSE,"NS"
"P02675","HexNAc.4.Hex.5....N...rare1","Healthy","MECFS",0.458576915330579,0.247165540376167,-0.211411374954412,0.262840595022131,0.372194428061526,-0.656168179815072,"medium",-1.03749298817127,0.333110799680556,7.19502406564748,5,5,-0.690619106764302,0.267796356855478,0.781678150418634,FALSE,"NS"
"P02749","HexNAc.4.Hex.6.NeuAc.1....N...rare1","Healthy","MECFS",-1.88952490298016,-2.481530771449,-0.592005868468844,1.09988467271122,0.553732468695127,-0.679890541180383,"medium",-1.07500133486726,0.324322222804035,5.90526652166292,5,5,-1.94478367041908,0.760771933481395,0.781678150418634,FALSE,"NS"
"P02749","HexNAc.5.Hex.6.NeuAc.1....N...rare1","Healthy","MECFS",-1.27307806080815,-1.69674274377401,-0.423664682965857,0.8285516937145,0.299349415636955,-0.680105340660125,"medium",-1.07534096266536,0.331104432672785,5.02676283243826,5,5,-1.43480728919647,0.587477923264759,0.781678150418634,FALSE,"NS"
"P02751","HexNAc.4.Hex.4.NeuAc.1....N...rare1","Healthy","MECFS",-0.774497103239128,-0.495634262966367,0.278862840272761,0.46388831282155,0.432522473836682,0.621795923212925,"medium",0.983145678580002,0.354466572396173,7.96110709923155,5,5,-0.375776773136382,0.933502453681903,0.781678150418634,FALSE,"NS"
"P02763","HexNAc.4.Hex.5.NeuAc.2....N...rare1","Healthy","MECFS",2.00386393996828,1.70740571428691,-0.296458225681375,0.227076830614999,0.596640635668048,-0.656736698768042,"medium",-1.03839189556345,0.345489382571078,5.13498999676409,5,5,-1.02458770306931,0.431671251706565,0.781678150418634,FALSE,"NS"
"P02787","HexNAc.5.Hex.5.NeuAc.1.Fuc.1....N...rare1","Healthy","MECFS",-0.978293857908614,-0.570870388759883,0.407423469148731,0.739756543136843,0.380523624521117,0.692621674322817,"medium",1.09513102382973,0.315606029258231,5.97827671607946,5,5,-0.503707771406412,1.31855470970387,0.781678150418634,FALSE,"NS"
"P02790","HexNAc.4.Hex.6.NeuAc.1....N...rare1","Healthy","MECFS",-1.78751736209809,-1.35098661847047,0.436530743627616,0.310967277071694,0.907556273737523,0.643503913577959,"medium",1.01746902506925,0.356266638490481,4.92646060203157,5,5,-0.671311312454018,1.54437279970925,0.781678150418634,FALSE,"NS"
"P04196","HexNAc.4.Hex.5.NeuAc.1....N...rare1","Healthy","MECFS",2.20341960076697,1.70536073119979,-0.498058869567182,0.227272493700397,0.948844404350293,-0.721916005541642,"medium",-1.14144942842116,0.311269105370235,4.45747415348727,5,5,-1.66203583554762,0.665918096413255,0.781678150418634,FALSE,"NS"
"P05090","HexNAc.4.Hex.5.NeuAc.2....N...rare1","Healthy","MECFS",0.832963407385095,0.682168420865967,-0.150794986519128,0.26709451425165,0.225209492603082,-0.610403986580305,"medium",-0.965133445220309,0.363522081377408,7.77801936344643,5,5,-0.512888842444595,0.211298869406339,0.781678150418634,FALSE,"NS"
"P05156","HexNAc.4.Hex.5.NeuAc.2.Fuc.1....N...rare1","Healthy","MECFS",-1.72784592502662,-1.04837163598714,0.679474289039484,1.03778626559242,1.04326713518277,0.653007685679587,"medium",1.03249580817141,0.332041462310917,7.99977804527615,5,5,-0.838089341708253,2.19703791978722,0.781678150418634,FALSE,"NS"
"P0C0L4","HexNAc.2.Hex.10....N...rare1","Healthy","MECFS",-0.268875388716876,-0.523737074800299,-0.254861686083424,0.395991690235932,0.36654011900727,-0.667963744688254,"medium",-1.05614341381504,0.321927464167329,7.95268703942025,5,5,-0.811908446915952,0.302185074749105,0.781678150418634,FALSE,"NS"
"P0DOX5","HexNAc.4.Hex.5....N...rare1","Healthy","MECFS",0.641993554251945,0.969877109771058,0.327883555519113,0.290575572697837,0.67527552295814,0.630760412836624,"medium",0.99731978121592,0.360938364154607,5.43220662107248,5,5,-0.497403538224085,1.15317064926231,0.781678150418634,FALSE,"NS"
"P0DOX6","HexNAc.2.Hex.6....N...rare1","Healthy","MECFS",1.4737156159683,1.72889186197084,0.255176246002538,0.281137153846709,0.449062441379621,0.681142168726798,"medium",1.0769803317817,0.318635917583407,6.71800630920235,5,5,-0.309893083916896,0.820245575921971,0.781678150418634,FALSE,"NS"
"P0DOX6","HexNAc.2.Hex.7....N...rare1","Healthy","MECFS",0.607953688956693,0.859863666819328,0.251909977862635,0.244948465069763,0.490405496784207,0.649890336305347,"medium",1.02756684602886,0.344562107501932,5.87890859716682,5,5,-0.350962985325665,0.854782941050935,0.781678150418634,FALSE,"NS"
"P10909","HexNAc.3.Hex.4.NeuAc.1....N...rare1","Healthy","MECFS",0.661097825138675,0.111096597145766,-0.550001227992909,0.616511763398066,1.03138672634385,-0.647318948766377,"medium",-1.0235011253438,0.34245724781508,6.53482919012504,5,5,-1.83925311836045,0.739250662374636,0.781678150418634,FALSE,"NS"
"P10909","HexNAc.6.Hex.7.NeuAc.2.Fuc.1....N...rare1","Healthy","MECFS",-1.11530777435134,-2.08809954452202,-0.972791770170678,1.53014513517739,1.23021058075698,-0.700706408382095,"medium",-1.10791411078176,0.301524971532294,7.64722966643936,5,5,-3.01392716790286,1.06834362756151,0.781678150418634,FALSE,"NS"
"P13473","HexNAc.4.Hex.5.NeuAc.2....N...rare1","Healthy","MECFS",0.0376726139798648,0,-0.0376726139798648,0.0842385257490866,0,-0.591607978309962,"medium",-1,0.373900966300059,4,5,4,-0.142268558664266,0.0669233307045368,0.781678150418634,FALSE,"NS"
"P13473","HexNAc.5.Hex.6.NeuAc.3....N...rare1","Healthy","MECFS",-0.0376726139798648,0,0.0376726139798648,0.0842385257490866,0,0.591607978309962,"medium",1,0.373900966300059,4,5,4,-0.0669233307045368,0.142268558664266,0.781678150418634,FALSE,"NS"
"P19652","HexNAc.6.Hex.7.NeuAc.2.Fuc.1....N...rare1","Healthy","MECFS",1.31855432698004,1.64951573677376,0.330961409793717,0.617508833295665,0.400467148008873,0.635940534075073,"medium",1.00551027205058,0.348798015870641,6.85892536462006,5,5,-0.45060622632483,1.11252904591226,0.781678150418634,FALSE,"NS"
"P22792","HexNAc.4.Hex.5.NeuAc.2....N...rare1","Healthy","MECFS",0.197547667546838,0.500975846706515,0.303428179159677,0.309104482876788,0.499529774127165,0.730489196942287,"medium",1.03306772948281,0.348895526421863,5.00364984193477,4,4,-0.451426364450806,1.05828272277016,0.781678150418634,FALSE,"NS"
"P22792","HexNAc.5.Hex.6.NeuAc.3....N...rare1","Healthy","MECFS",-0.197547667546838,-0.500975846706515,-0.303428179159677,0.309104482876788,0.499529774127165,-0.730489196942287,"medium",-1.03306772948281,0.348895526421862,5.00364984193477,4,4,-1.05828272277016,0.451426364450805,0.781678150418634,FALSE,"NS"
"P23142","HexNAc.4.Hex.5.NeuAc.1.Fuc.1....N...rare1","Healthy","MECFS",-0.258055630644908,-0.370723820868206,-0.112668190223297,0.0832538239400125,0.21871231783305,-0.680862956278365,"medium",-1.07653885813764,0.329639942912469,5.13534565800036,5,5,-0.379580892809072,0.154244512362478,0.781678150418634,FALSE,"NS"
"P23142","HexNAc.5.Hex.6.NeuAc.2.Fuc.1....N...rare1","Healthy","MECFS",-0.189961210202575,-0.301939680750172,-0.111978470547597,0.112844096635507,0.216636732244878,-0.648318995277902,"medium",-1.02508233771506,0.344727406318045,6.02177813169622,5,5,-0.379041328389624,0.15508438729443,0.781678150418634,FALSE,"NS"
"P43251","HexNAc.4.Hex.5.NeuAc.2....N...rare1","Healthy","MECFS",0.896159007849214,0.505371831632548,-0.390787176216666,0.521757374482805,0.694474550163376,-0.636236082050964,"medium",-1.00597757443141,0.346080960675248,7.42452741112708,5,5,-1.29882025003377,0.517245897600437,0.781678150418634,FALSE,"NS"
"P43251","HexNAc.5.Hex.6.NeuAc.3....N...rare1","Healthy","MECFS",-0.896159007849214,-0.505371831632548,0.390787176216666,0.521757374482805,0.694474550163376,0.636236082050964,"medium",1.00597757443141,0.346080960675248,7.42452741112708,5,5,-0.517245897600437,1.29882025003377,0.781678150418634,FALSE,"NS"
"P49908","HexNAc.5.Hex.6.NeuAc.3....N...rare1","Healthy","MECFS",-0.108976445033181,0,0.108976445033181,0.243678739040462,0,0.632455532033676,"medium",1,0.373900966300059,4,5,5,-0.193590672361051,0.411543562427412,0.781678150418634,FALSE,"NS"
"P80108","HexNAc.4.Hex.5.NeuAc.1.Fuc.1....N...rare1","Healthy","MECFS",0.269046209113732,0.121906568799473,-0.147139640314259,0.237037148740468,0.24466872178204,-0.610834067717674,"medium",-0.965813463206689,0.362449820732294,7.99198025310608,5,5,-0.498515870611013,0.204236589982495,0.781678150418634,FALSE,"NS"
"P80108","HexNAc.4.Hex.5.NeuAc.2....N...rare1","Healthy","MECFS",-0.269046209113732,-0.121906568799473,0.147139640314259,0.237037148740468,0.24466872178204,0.610834067717674,"medium",0.965813463206689,0.362449820732293,7.99198025310608,5,5,-0.204236589982495,0.498515870611013,0.781678150418634,FALSE,"NS"
"Q03591","HexNAc.4.Hex.5.NeuAc.1....N...rare1","Healthy","MECFS",-0.955961375815306,-0.722270751652304,0.233690624163002,0.366766508295418,0.417476664484111,0.594722706915284,"medium",0.940339165036535,0.375006740182849,7.8694819816109,5,5,-0.341050132486663,0.808431380812668,0.781678150418634,FALSE,"NS"
"P02675","HexNAc.4.Hex.5.NeuAc.1.Fuc.1....N...rare1","Healthy","MECFS",-1.39602299217718,-1.13112221881664,0.264900773360543,0.296717045162626,0.565282156439163,0.586798735944245,"medium",0.927810266845765,0.389029301838672,6.04865006985554,5,5,-0.432361589525822,0.962163136246909,0.796270246668008,FALSE,"NS"
"P02751","HexNAc.4.Hex.5....N...rare1","Healthy","MECFS",-1.81766752799476,-2.28756564407961,-0.469898116084847,1.03954668398771,0.403576582915966,-0.595923249672344,"medium",-0.942237389806899,0.387915791941049,5.17895966915276,5,5,-1.73864904833603,0.798852816166336,0.796270246668008,FALSE,"NS"
"P0DOX5","HexNAc.5.Hex.4.Fuc.1....N...rare1","Healthy","MECFS",2.27072042435164,2.121118024226,-0.149602400125631,0.305657462921046,0.205580017809154,-0.574354770325902,"medium",-0.90813462960637,0.393979224343044,7.0041781137042,5,5,-0.539093868495761,0.239889068244499,0.796270246668008,FALSE,"NS"
"P26045","HexNAc.4.Hex.6.NeuAc.1....N...rare1","Healthy","MECFS",-0.0911228039171016,0,0.0911228039171016,0.182245607834203,0,0.645497224367903,"medium",1,0.39100221895577,3,4,3,-0.19887062673597,0.381116234570174,0.796270246668008,FALSE,"NS"
"P26045","HexNAc.5.Hex.4.NeuAc.1.Fuc.1....N...rare1","Healthy","MECFS",0.0911228039171016,0,-0.0911228039171016,0.182245607834203,0,-0.645497224367903,"medium",-1,0.39100221895577,3,4,3,-0.381116234570174,0.19887062673597,0.796270246668008,FALSE,"NS"
"P55058","HexNAc.4.Hex.5.NeuAc.1.Fuc.1....N...rare1","Healthy","MECFS",0.0689513541631746,0.305342064625484,0.23639071046231,0.45356200880524,0.370144099695667,0.571047738448372,"medium",0.902905753092481,0.393975387927703,7.69086621000793,5,5,-0.371596899667022,0.844378320591642,0.796270246668008,FALSE,"NS"
"P55058","HexNAc.4.Hex.5.NeuAc.2.Fuc.1....N...rare1","Healthy","MECFS",-0.0689513541631746,-0.305342064625484,-0.23639071046231,0.45356200880524,0.370144099695667,-0.571047738448372,"medium",-0.902905753092481,0.393975387927703,7.69086621000793,5,5,-0.844378320591642,0.371596899667022,0.796270246668008,FALSE,"NS"
"P01024","HexNAc.3.Hex.5....N...rare1","Healthy","MECFS",1.46423048651421,1.29062488854426,-0.173605597969948,0.145206490046973,0.397661608261339,-0.579943753114869,"medium",-0.916971587314678,0.400844148387081,5.04804888376053,5,5,-0.6588908669509,0.311679671011005,0.80423557379132,FALSE,"NS"
"P51884","HexNAc.4.Hex.5.NeuAc.1.Fuc.1....N...rare1","Healthy","MECFS",1.14912740962245,1.55472888600852,0.405601476386067,0.835747109767215,0.577969133469999,0.564501320908989,"medium",0.892554958123019,0.401278292559761,7.11382218908582,5,5,-0.665473181662443,1.47667613443458,0.80423557379132,FALSE,"NS"
"P01024","HexNAc.2.Hex.8....N...rare1","Healthy","MECFS",-0.771421817234836,-1.74081850465659,-0.969396687421755,0.948104423205328,2.21480668267553,-0.569039877250844,"medium",-0.89973104578765,0.406471035977977,5.41836028494629,5,5,-3.67591627909364,1.73712290425013,0.81124844263938,FALSE,"NS"
"P01042","HexNAc.4.Hex.5.NeuAc.1....N...rare1","Healthy","MECFS",-0.828002999176489,-0.582531953008771,0.245471046167718,0.549609803004393,0.304831781992536,0.552357657145224,"medium",0.873354139806644,0.414770777598404,6.24819866732982,5,5,-0.435706827638708,0.926648919974144,0.811637424966273,FALSE,"NS"
"P01859","HexNAc.4.Hex.5....N...rare1","Healthy","MECFS",-0.194384690055689,0.0868448661551855,0.281229556210874,0.411372106027936,0.600978027038796,0.546101723522135,"medium",0.863462640236748,0.41619761761131,7.07360456100136,5,5,-0.487306358263667,1.04976547068542,0.811637424966273,FALSE,"NS"
"P05090","HexNAc.4.Hex.5.NeuAc.1.Fuc.1....N...rare1","Healthy","MECFS",1.10780730807607,0.450784698479202,-0.657022609596864,0.831891217436124,1.47263823325033,-0.549362071051225,"medium",-0.868617702314561,0.416832581506687,6.31694520621802,5,5,-2.48558814143907,1.17154292224534,0.811637424966273,FALSE,"NS"
"P05543","HexNAc.4.Hex.5.NeuAc.2.Fuc.1....N...rare1","Healthy","MECFS",-1.08021581182806,-1.19844645527201,-0.118230643443951,0.173869300663804,0.249442128474379,-0.549904291540347,"medium",-0.869475028184379,0.412842153388851,7.1445503233368,5,5,-0.438456607373279,0.201995320485377,0.811637424966273,FALSE,"NS"
"P08603","HexNAc.5.Hex.5.Fuc.1....N...rare1","Healthy","MECFS",0.0100011228834891,0.114110136610145,0.104109013726655,0.0223631906188103,0.255158022382071,0.574820764931814,"medium",0.908871431772387,0.414100519094675,4.06144880449878,5,5,-0.212037306581088,0.420255334034399,0.811637424966273,FALSE,"NS"
"P10909","HexNAc.4.Hex.5....N...rare1","Healthy","MECFS",-2.78939826599778,-2.46747286990519,0.321925396092588,0.601500555595348,0.566866348305927,0.550827050193529,"medium",0.870934037721722,0.409249761963084,7.97202836042178,5,5,-0.530969193982999,1.17481998616818,0.811637424966273,FALSE,"NS"
"P00450","HexNAc.4.Hex.5.NeuAc.2.Fuc.1....N...rare1","Healthy","MECFS",2.06305195945279,2.22398976237795,0.160937802925162,0.339965143889652,0.24776368556578,0.541042840544952,"medium",0.855463843924673,0.419432876311169,7.31415195928298,5,5,-0.280073071177906,0.60194867702823,0.813394120457693,FALSE,"NS"
"P19652","HexNAc.5.Hex.6.NeuAc.2.Fuc.1....N...rare1","Healthy","MECFS",-1.12094796214125,-1.66310435736188,-0.542156395220629,1.04090659011544,0.9810171000765,-0.536042704692257,"medium",-0.84755793497228,0.421399420311755,7.97207191309643,5,5,-2.01813533630786,0.933822545866598,0.813912590037625,FALSE,"NS"
"P01008","HexNAc.4.Hex.5.NeuAc.2....N...rare1","Healthy","MECFS",1.53554082791733,0.750938316427467,-0.784602511489864,1.42223187705214,1.53324985642389,-0.530573101997276,"medium",-0.838909733766112,0.426008182182868,7.95522682295264,5,5,-2.94344103946708,1.37423601648735,0.815818305922894,FALSE,"NS"
"P01042","HexNAc.5.Hex.6.NeuAc.2....N...rare1","Healthy","MECFS",-1.00593791181764,-1.33001379540032,-0.324075883582686,0.685632285831571,0.535092796905504,-0.526964522498052,"medium",-0.833204068598443,0.430283465144828,7.55413826201473,5,5,-1.2302981420756,0.582146374910227,0.815818305922894,FALSE,"NS"
"P05543","HexNAc.4.Hex.5.NeuAc.2....N...rare1","Healthy","MECFS",1.72255083294428,1.65218095962641,-0.0703698733178619,0.108435924524713,0.154262150117292,-0.527776980557639,"medium",-0.834488677584272,0.430901944464493,7.17720436654195,5,5,-0.26877769715894,0.128037950523216,0.815818305922894,FALSE,"NS"
"P08603","HexNAc.5.Hex.5.NeuAc.1.Fuc.1....N...rare1","Healthy","MECFS",0.709224082583327,0.0978808857307277,-0.611343196852599,0.746219230175999,1.41646592208019,-0.540016758409478,"medium",-0.853841465617419,0.425643703796517,6.06150377443131,5,5,-2.35901110974933,1.13632471604413,0.815818305922894,FALSE,"NS"
"Q08380","HexNAc.4.Hex.5.NeuAc.1....N...rare1","Healthy","MECFS",-0.121179156429503,0.0628958852309238,0.184075041660427,0.39364160738261,0.262855317467486,0.535508777368225,"medium",0.837882992349969,0.430317842594976,6.86005928736247,5,4,-0.337566724198676,0.70571680751953,0.815818305922894,FALSE,"NS"
"P0DOX5","HexNAc.4.Hex.5.NeuAc.1....N...rare1","Healthy","MECFS",0.0589788642299647,-0.0794550319549753,-0.13843389618494,0.345018839836519,0.126139106335787,-0.532932843381067,"medium",-0.842640812496981,0.437502467865888,5.05054158987801,5,5,-0.559475954782899,0.28260816241302,0.825053866565985,FALSE,"NS"
"P00450","HexNAc.3.Hex.4.NeuAc.1....N...rare1","Healthy","MECFS",-1.47789024053642,-2.14911720071416,-0.671226960177745,1.35264771303721,1.29136594885398,-0.507597030422474,"medium",-0.802581374836399,0.445451116766565,7.98286486942584,5,5,-2.6005399266669,1.25808600631141,0.831642339388275,FALSE,"NS"
"P00738","HexNAc.4.Hex.5.NeuAc.1.Fuc.1....N...rare1","Healthy","MECFS",-0.663400923562214,-0.219693785009807,0.443707138552408,1.09460241561766,0.503348852715437,0.520835672812827,"medium",0.823513506377386,0.443752759223693,5.61926387027845,5,5,-0.896642377246585,1.7840566543514,0.831642339388275,FALSE,"NS"
"P01023","HexNAc.4.Hex.5....N...rare1","Healthy","MECFS",-1.96208046688201,-1.49109817313475,0.470982293747258,0.867542896049199,0.995125328967468,0.504525020016724,"medium",0.797724099897445,0.448474826553261,7.85398569770456,5,5,-0.894918258173983,1.8368828456685,0.831642339388275,FALSE,"NS"
"Q06033","HexNAc.4.Hex.5.NeuAc.2....N...rare1","Healthy","MECFS",0.290654008076551,0.533447470856153,0.242793462779602,0.417594252615302,0.491326103215969,0.526469999885226,"medium",0.801004118765229,0.449677173072157,6.94019675463717,4,5,-0.475204972091791,0.960791897650996,0.831642339388275,FALSE,"NS"
"Q06033","HexNAc.5.Hex.6.NeuAc.3....N...rare1","Healthy","MECFS",-0.290654008076551,-0.533447470856153,-0.242793462779602,0.417594252615302,0.491326103215969,-0.526469999885226,"medium",-0.801004118765229,0.449677173072157,6.94019675463717,4,5,-0.960791897650996,0.475204972091791,0.831642339388275,FALSE,"NS"
"O95445","HexNAc.4.Hex.4.NeuAc.1....N...rare1","Healthy","MECFS",-0.981296464141622,-1.31010159646754,-0.328805132325916,0.514953305430635,0.774453617699845,-0.499984741062284,"small",-0.790545288543166,0.455302281636146,6.95865689142751,5,5,-1.31349001010811,0.655879745456273,0.838806895783514,FALSE,"NS"
"O75882","HexNAc.4.Hex.5.NeuAc.2....N...rare1","Healthy","MECFS",2.40798337393317,2.19555863623164,-0.212424737701528,0.486158744729004,0.373367960735962,-0.490081496772441,"small",-0.774886884452687,0.462131962047484,7.50070099244623,5,5,-0.851984736629169,0.427135261226112,0.840900211417228,FALSE,"NS"
"P01019","HexNAc.4.Hex.5.NeuAc.2.Fuc.1....N...rare1","Healthy","MECFS",-0.86338407129666,-0.494402663641028,0.368981407655632,0.911626476058157,0.533174471444951,0.494101600989154,"small",0.781243227330716,0.462364619934916,6.44984808579614,5,5,-0.767435679654334,1.5053984949656,0.840900211417228,FALSE,"NS"
"P01024","HexNAc.2.Hex.10....N...rare1","Healthy","MECFS",-0.834503575877127,-0.338326654665787,0.49617692121134,1.22345301276614,0.756521398432796,0.487814068551628,"small",0.77130176564833,0.466971724920632,6.668694847671,5,5,-1.04043599710324,2.03278983952592,0.840900211417228,FALSE,"NS"
"P02760","HexNAc.4.Hex.5.NeuAc.1....N...rare1","Healthy","MECFS",-1.3657954267015,-0.956988046265515,0.408807380435982,0.804818185576085,0.882938082860364,0.48392078011404,"small",0.765145936122941,0.466337037262862,7.93231306995663,5,5,-0.825092593947932,1.64270735481989,0.840900211417228,FALSE,"NS"
"P10909","HexNAc.4.Hex.5.NeuAc.2....N...rare1","Healthy","MECFS",4.01240842841986,4.14628280485261,0.133874376432753,0.307130541535603,0.240418853568766,0.485405242803434,"small",0.767493077722954,0.466067729731792,7.56392072169874,5,5,-0.272436122675428,0.540184875540934,0.840900211417228,FALSE,"NS"
"P27169","HexNAc.5.Hex.6.NeuAc.3....N...rare1","Healthy","MECFS",0.777476139101878,0.556708690103004,-0.220767448998874,0.538597946886708,0.320735656946068,-0.498053912865861,"small",-0.78749238110758,0.458657848989101,6.52005866951659,5,5,-0.89369308893319,0.452158190935441,0.840900211417228,FALSE,"NS"
"P01008","HexNAc.4.Hex.5.NeuAc.1....N...rare1","Healthy","MECFS",-0.313854228646971,0.0423927911621055,0.356247019809076,0.861273122827544,0.593597849860707,0.481645875049933,"small",0.761548995391327,0.470861599515779,7.10050062437246,5,5,-0.746740856908092,1.45923489652624,0.841577261821113,FALSE,"NS"
"P0DOX6","HexNAc.3.Hex.5....N...rare1","Healthy","MECFS",-0.247051216533364,-0.543907779269043,-0.296856562735679,0.522377499037592,0.698790834903829,-0.481189347692227,"small",-0.760827162259062,0.470284593347808,7.40672313560061,5,5,-1.20930464780442,0.615591522333061,0.841577261821113,FALSE,"NS"
"P01023","HexNAc.2.Hex.5....N...rare1","Healthy","MECFS",1.62624721772447,1.83494737625596,0.208700158531491,0.416567690017664,0.476846483639477,0.466137107818609,"small",0.737027481315144,0.482527745680575,7.85820473723217,5,5,-0.446335387765902,0.863735704828884,0.843805643175301,FALSE,"NS"
"P02679","HexNAc.4.Hex.5....N...rare1","Healthy","MECFS",-1.01557099806065,-1.44298860018035,-0.427417602119704,0.968896380853339,0.834308407870102,-0.472749422389886,"small",-0.747482468640521,0.476624616118646,7.82750349464096,5,5,-1.75108788510088,0.896252680861468,0.843805643175301,FALSE,"NS"
"P02749","HexNAc.4.Hex.5.NeuAc.2.Fuc.1....N...rare1","Healthy","MECFS",2.53225883964721,2.7421786820516,0.209919842404399,0.496039013431069,0.385499502037654,0.472557238380433,"small",0.747178599040653,0.477604829517121,7.54032443464248,5,5,-0.444891654834118,0.864731339642916,0.843805643175301,FALSE,"NS"
"P08603","HexNAc.5.Hex.6.NeuAc.2.Fuc.1....N...rare1","Healthy","MECFS",-2.15246086072973,-2.27152228529603,-0.119061424566294,0.275569625989742,0.229977362184769,-0.469116375374154,"small",-0.741738116932425,0.480112032722102,7.75186410023695,5,5,-0.491286386839061,0.253163537706473,0.843805643175301,FALSE,"NS"
"P20851","HexNAc.4.Hex.5.NeuAc.2....N...rare1","Healthy","MECFS",1.47545390533752,1.6248601678011,0.149406262463578,0.132491244749271,0.417255319558711,0.482639282814418,"small",0.763119710981862,0.481202158078796,4.79848713978835,5,5,-0.36029520749524,0.659107732422396,0.843805643175301,FALSE,"NS"
"P43652","HexNAc.5.Hex.6.NeuAc.3....N...rare1","Healthy","MECFS",0.488541516213762,0.181050158213721,-0.307491358000041,0.243424411629456,0.867960426182448,-0.48239925881759,"small",-0.762740199720324,0.482677967077312,4.62537402310402,5,5,-1.36955829386101,0.754575577860924,0.843805643175301,FALSE,"NS"
"O75882","HexNAc.3.Hex.6.NeuAc.1....N...rare1","Healthy","MECFS",-0.340423024515233,-0.594230900259711,-0.253807875744478,0.4648948973804,0.687771366918103,-0.432375517507577,"small",-0.683645719908976,0.516110308050411,7.02393231739403,5,5,-1.13108385633562,0.623468104846668,0.845825794608736,FALSE,"NS"
"P00738","HexNAc.5.Hex.6.NeuAc.2....N...rare1","Healthy","MECFS",1.51898492370008,1.80072582643796,0.281740902737877,0.654774045580491,0.60997562323848,0.445249103860105,"small",0.7040006471734,0.50150398056342,7.96015181394516,5,5,-0.641926199048015,1.20540800452377,0.845825794608736,FALSE,"NS"
"P01019","HexNAc.4.Hex.5.NeuAc.1....N...rare1","Healthy","MECFS",0.757098523219896,1.2069969896101,0.449898466390206,0.762423672501579,1.29936204414525,0.422329898389631,"small",0.667762201449356,0.527401746215409,6.46246957933231,5,5,-1.17050533947274,2.07030227225316,0.845825794608736,FALSE,"NS"
"P01023","HexNAc.3.Hex.5....N...rare1","Healthy","MECFS",-0.966693805325785,-1.388981946856,-0.422288141530212,1.00823817253603,0.982979530415249,-0.424116529149646,"small",-0.670587112719038,0.521380335234813,7.9948558528207,5,5,-1.87460843873581,1.03003215567538,0.845825794608736,FALSE,"NS"
"P01024","HexNAc.2.Hex.9....N...rare1","Healthy","MECFS",-1.61907413407523,-2.60121110291806,-0.982136968842833,1.99967602171826,2.46473924356848,-0.437616575088756,"small",-0.691932559561285,0.509368546997079,7.6740113903346,5,5,-4.27966649110385,2.31539255341818,0.845825794608736,FALSE,"NS"
"P01024","HexNAc.3.Hex.6....N...rare1","Healthy","MECFS",-0.677579187488819,-0.901327411355283,-0.223748223866464,0.243350720264354,0.673276940111125,-0.441996253095334,"small",-0.698857438520752,0.515641360551833,5.0275861509213,5,5,-1.04539676295129,0.597900315218363,0.845825794608736,FALSE,"NS"
"P01859","HexNAc.3.Hex.4.NeuAc.1.Fuc.1....N...rare1","Healthy","MECFS",-2.77758287803904,-2.22105052621175,0.556532351827288,0.617294796478426,1.59725171779487,0.459625099751028,"small",0.726731092497669,0.498959121015939,5.16881661011969,5,5,-1.39284320514694,2.50590790880151,0.845825794608736,FALSE,"NS"
"P01859","HexNAc.4.Hex.4....N...rare1","Healthy","MECFS",0.292187717488774,0.704470094511968,0.412282377023194,0.895205069357735,0.905976987747728,0.457782713013523,"small",0.723818023286968,0.489801917767046,7.99885573220583,5,5,-0.901236366229267,1.72580112027565,0.845825794608736,FALSE,"NS"
"P01871","HexNAc.4.Hex.4.Fuc.1....N...rare1","Healthy","MECFS",0.191199221726562,0.360039377663264,0.168840155936702,0.474501026128383,0.215082075280858,0.458328223377206,"small",0.7246805509052,0.497907333163262,5.57712724109062,5,5,-0.411899061021954,0.749579372895357,0.845825794608736,FALSE,"NS"
"P01871","HexNAc.4.Hex.5.NeuAc.2.Fuc.1....N...rare1","Healthy","MECFS",2.61995852838797,2.79424290280436,0.174284374416385,0.452680205552553,0.313266556390641,0.447726195909478,"small",0.707917273598357,0.501517766488788,7.11645678291476,5,5,-0.405944225799265,0.754512974632036,0.845825794608736,FALSE,"NS"
"P01871","HexNAc.5.Hex.3.Fuc.1....N...rare1","Healthy","MECFS",-1.41898120325228,-1.96008198593992,-0.54110078268764,1.32098696923424,1.22206800633808,-0.425230206102673,"small",-0.672347990593639,0.520415654076648,7.95201872454566,5,5,-2.39890713437075,1.31670556899547,0.845825794608736,FALSE,"NS"
"P02750","HexNAc.4.Hex.5.NeuAc.2....N...rare1","Healthy","MECFS",0.20918543671692,0.420037883212624,0.210852446495705,0.467752856402013,0.539510142767689,0.417605777285161,"small",0.660292710133058,0.527978940684785,7.84239929732189,5,5,-0.528111769188622,0.949816662180031,0.845825794608736,FALSE,"NS"
"P02750","HexNAc.5.Hex.6.NeuAc.3....N...rare1","Healthy","MECFS",-0.20918543671692,-0.420037883212624,-0.210852446495705,0.467752856402013,0.539510142767689,-0.417605777285161,"small",-0.660292710133058,0.527978940684785,7.84239929732189,5,5,-0.949816662180031,0.528111769188622,0.845825794608736,FALSE,"NS"
"P02760","HexNAc.5.Hex.5.NeuAc.1.Fuc.1....N...rare1","Healthy","MECFS",0.156136504382578,-0.152475699566339,-0.308612203948917,0.783310576545812,0.572327812995279,-0.44988573972371,"small",-0.711331812178307,0.49890333826937,7.32360110968425,5,5,-1.32538928739921,0.708164879501378,0.845825794608736,FALSE,"NS"
"P02763","HexNAc.5.Hex.6.NeuAc.2....N...rare1","Healthy","MECFS",1.01008928253123,0.800427970945843,-0.209661311585387,0.338520850332933,0.583079689499021,-0.439773393329652,"small",-0.695342788631401,0.511208568036862,6.42142213661205,5,5,-0.935879966042158,0.516557342871383,0.845825794608736,FALSE,"NS"
"P02763","HexNAc.6.Hex.7.NeuAc.1....N...rare1","Healthy","MECFS",-0.282068484537353,-0.047330780980007,0.234737703557346,0.274944914256766,0.677945739688778,0.45377202156372,"small",0.717476563300197,0.503558451992551,5.28114701270288,5,5,-0.592992966456517,1.06246837357121,0.845825794608736,FALSE,"NS"
"P02790","HexNAc.4.Hex.5.NeuAc.1.Fuc.1....N...rare1","Healthy","MECFS",-0.893178131335323,-1.46610689135149,-0.572928760016165,0.25657743603834,1.81739019921773,-0.441450417310016,"small",-0.697994396365735,0.522238500516653,4.15938889121588,5,5,-2.81786270004358,1.67200518001125,0.845825794608736,FALSE,"NS"
"P02790","HexNAc.5.Hex.6.NeuAc.2....N...rare1","Healthy","MECFS",-0.573361148390646,-1.18520908919956,-0.611847940808919,0.357603896278684,1.86411529005477,-0.455866879469631,"small",-0.720788824478743,0.508337872800949,4.29400936389572,5,5,-2.90636066855694,1.6826647869391,0.845825794608736,FALSE,"NS"
"P05155","HexNAc.4.Hex.5.NeuAc.1.Fuc.1....N...rare1","Healthy","MECFS",-0.129292850066445,-0.071034700564628,0.0582581495018169,0.160601206107388,0.111373523148067,0.421558782588756,"small",0.666542960314101,0.526052866156288,7.12464366900302,5,5,-0.147687428479363,0.264203727482997,0.845825794608736,FALSE,"NS"
"P06681","HexNAc.2.Hex.5....N...rare1","Healthy","MECFS",-0.525675361024883,-0.918154705792795,-0.392479344767911,0.740071936797806,1.06015453685032,-0.429300299012655,"small",-0.678783372535662,0.518634364991107,7.15037936150283,5,5,-1.75392124091597,0.96896255138015,0.845825794608736,FALSE,"NS"
"P08603","HexNAc.4.Hex.6.NeuAc.1....N...rare1","Healthy","MECFS",-2.66054671073052,-2.31578622962122,0.344760481109303,0.875298048240187,0.576845818496889,0.46510802142598,"small",0.735400352860246,0.486256211055795,6.92314380064378,5,5,-0.766290404185618,1.45581136640422,0.845825794608736,FALSE,"NS"
"P20851","HexNAc.5.Hex.6.NeuAc.3....N...rare1","Healthy","MECFS",0.410779515173581,0.138675634707968,-0.272103880465613,0.218425628536551,0.853315587072277,-0.436876639361052,"small",-0.690762618450447,0.523551232537008,4.52193607935421,5,5,-1.31776472663178,0.773556965700556,0.845825794608736,FALSE,"NS"
"P51884","HexNAc.4.Hex.5.Fuc.1....N...rare1","Healthy","MECFS",-0.513215739816915,-0.714664224083326,-0.201448484266411,0.391646187153391,0.546630148015625,-0.423660449282741,"small",-0.669865987131856,0.523698026198526,7.25020740010144,5,5,-0.907616086921991,0.504719118389169,0.845825794608736,FALSE,"NS"
"Q14624","HexNAc.4.Hex.5.NeuAc.1....N...rare1","Healthy","MECFS",-0.885369500953074,-0.60305491715356,0.282314583799514,0.817837590245459,0.440960636297814,0.429700918622521,"small",0.679416807756915,0.521632360623071,6.14447085980641,5,5,-0.728671243020256,1.29330041061928,0.845825794608736,FALSE,"NS"
"Q14624","HexNAc.4.Hex.5.NeuAc.2.Fuc.1....N...rare1","Healthy","MECFS",-0.393512845267934,-0.6889571317032,-0.295444286435266,0.542084118507918,0.798899608461319,-0.432773164930727,"small",-0.684274455690402,0.515690730718849,7.03908577470207,5,5,-1.31525308903859,0.724364516168058,0.845825794608736,FALSE,"NS"
"O75882","HexNAc.2.Hex.6....N...rare1","Healthy","MECFS",-0.666129847714828,-0.306451852041256,0.359677995673572,0.775467904866923,0.995003978315608,0.403219435308567,"small",0.637545906210995,0.542615377859243,7.54963349735446,5,5,-0.954910864031599,1.67426685537874,0.855427652781375,FALSE,"NS"
"P00450","HexNAc.5.Hex.5....N...rare1","Healthy","MECFS",-0.342559243888556,-0.580232410766404,-0.237673166877848,0.63078125164914,0.567102204853463,-0.396262340598412,"small",-0.626545773620196,0.54860539726536,7.91107814479544,5,5,-1.11414459689166,0.638798263135962,0.855427652781375,FALSE,"NS"
"P01023","HexNAc.4.Hex.4.NeuAc.1....N...rare1","Healthy","MECFS",-0.366745787863326,0.0285211259862685,0.395266913849594,1.29222600250373,0.491191217844387,0.404354089192898,"small",0.639339951526217,0.550045338322888,5.13224706582263,5,5,-1.18173654691176,1.97227037461095,0.855427652781375,FALSE,"NS"
"P01042","HexNAc.5.Hex.6.NeuAc.2.Fuc.1....N...rare1","Healthy","MECFS",-1.37425882677622,-1.11589094026037,0.258367886515851,0.603259364925777,0.694409614218708,0.397224349997227,"small",0.628066844035568,0.547799635674475,7.84665921262714,5,5,-0.693489657352879,1.21022543038458,0.855427652781375,FALSE,"NS"
"P01871","HexNAc.4.Hex.3.Fuc.1....N...rare1","Healthy","MECFS",-2.27867670521166,-2.46844773941734,-0.189771034205679,0.607137363174066,0.272207893858457,-0.403351639285581,"small",-0.637754939052544,0.54903904861686,5.54566115831913,5,5,-0.93258379293049,0.553041724519132,0.855427652781375,FALSE,"NS"
"P02749","HexNAc.3.Hex.4.NeuAc.1.Fuc.1....N...rare1","Healthy","MECFS",-1.22027048686989,-0.675040119946276,0.545230366923618,1.17073933485108,1.52611541206663,0.400879820180633,"small",0.633846649884767,0.545028510279671,7.49690484759093,5,5,-1.46178889001111,2.55224962385834,0.855427652781375,FALSE,"NS"
"P02749","HexNAc.4.Hex.4.NeuAc.1....N...rare1","Healthy","MECFS",-1.43527822291784,-2.11129546908269,-0.67601724616485,1.96565286581774,1.25124409518822,-0.410295482370706,"small",-0.648734118984447,0.537840784872524,6.78443689376905,5,5,-3.15604826307266,1.80401377074296,0.855427652781375,FALSE,"NS"
"P05090","HexNAc.4.Hex.5.NeuAc.2.Fuc.1....N...rare1","Healthy","MECFS",1.6756259309507,2.12013421119889,0.444508280248192,1.01557630779795,1.19557424072077,0.400735033680093,"small",0.63361772232669,0.544466337828299,7.79606262982938,5,5,-1.18064209333652,2.06965865383291,0.855427652781375,FALSE,"NS"
"P25311","HexNAc.4.Hex.5.NeuAc.1....N...rare1","Healthy","MECFS",-0.194962055182082,-0.0400200754468238,0.154941979735259,0.168011276240707,0.495198876246372,0.419030234804346,"small",0.662544975228447,0.537456069684294,4.90884680245462,5,5,-0.449584347961166,0.759468307431683,0.855427652781375,FALSE,"NS"
"P00450","HexNAc.4.Hex.5.NeuAc.1.Fuc.1....N...rare1","Healthy","MECFS",-0.800772410665876,-1.08092968757243,-0.280157276906556,0.822525684154026,0.641622745549798,-0.379801702910341,"small",-0.600519220203639,0.565739057457096,7.55257863305017,5,5,-1.36716104828322,0.806846494470105,0.855786319852118,FALSE,"NS"
"P00734","HexNAc.4.Hex.5.NeuAc.2....N...rare1","Healthy","MECFS",3.71529989258072,3.86306153541538,0.147761642834653,0.434160181982473,0.332053857810952,0.382313155586663,"small",0.60449017555009,0.563383012036511,7.48659513748564,5,5,-0.4227181393394,0.718241425008706,0.855786319852118,FALSE,"NS"
"P00734","HexNAc.5.Hex.6.NeuAc.2....N...rare1","Healthy","MECFS",-0.53258220116069,-1.03123569582019,-0.498653494659498,1.19089000540177,1.41232077484868,-0.381728035305752,"small",-0.603565019153673,0.563315487506483,7.77811411006186,5,5,-2.41333028796041,1.41602329864142,0.855786319852118,FALSE,"NS"
"P01042","HexNAc.5.Hex.6.NeuAc.3....N...rare1","Healthy","MECFS",1.9334885709449,1.74762084569051,-0.185867725254389,0.329254962806004,0.577951675398817,-0.395178471545261,"small",-0.624832026173532,0.553860907508078,6.34897597360255,5,5,-0.904157438005051,0.532421987496273,0.855786319852118,FALSE,"NS"
"P02679","HexNAc.4.Hex.5.NeuAc.2....N...rare1","Healthy","MECFS",0.566466227486116,0.215974990956388,-0.350491236529728,0.897240196288458,0.917239378671583,-0.386303548088132,"small",-0.610799540081441,0.558290566320886,7.9961153325947,5,5,-1.67384290899207,0.972860435932619,0.855786319852118,FALSE,"NS"
"P04004","HexNAc.3.Hex.5.NeuAc.1....N...rare1","Healthy","MECFS",-0.588315613363509,-1.13305979841277,-0.544744185049263,1.31551370370529,1.55194796368245,-0.378663683940322,"small",-0.59871985422077,0.566355455935535,7.79097788048225,5,5,-2.65269639913884,1.56320802904032,0.855786319852118,FALSE,"NS"
"P04004","HexNAc.5.Hex.6.NeuAc.3....N...rare1","Healthy","MECFS",0.0569681603138376,-0.213181780790353,-0.270149941104191,0.872246598758468,0.46622224081597,-0.386287881143321,"small",-0.610774768466651,0.56335390928956,6.11310612297126,5,5,-1.34760056365627,0.807300681447893,0.855786319852118,FALSE,"NS"
"P05090","HexNAc.5.Hex.6.NeuAc.1....N...rare1","Healthy","MECFS",-0.886730151679114,-1.05222860259231,-0.165498450913195,0.332002769639932,0.507810645364356,-0.385769157465642,"small",-0.609954594317789,0.561457097352902,6.89129194330566,5,5,-0.809147301326327,0.478150399499937,0.855786319852118,FALSE,"NS"
"P08603","HexNAc.5.Hex.6.NeuAc.2....N...rare1","Healthy","MECFS",-0.674726284150112,-0.497167213076365,0.177559071073747,0.470238093044838,0.455320317217706,0.383630056681983,"small",0.606572379007283,0.560966271369862,7.99170007728634,5,5,-0.49758868949675,0.852706831644244,0.855786319852118,FALSE,"NS"
"P01024","HexNAc.2.Hex.7....N...rare1","Healthy","MECFS",1.77908356297485,2.10163327456682,0.322549711591968,0.916249905740039,0.83706908504922,0.36755581808509,"small",0.581156776197696,0.577263769199293,7.93552606496215,5,5,-0.959125404551932,1.60422482773587,0.856066084973564,FALSE,"NS"
"P01024","HexNAc.3.Hex.6.NeuAc.1....N...rare1","Healthy","MECFS",-0.216422594177754,0.037277517548789,0.253700111726543,0.420378743945801,0.861660524964548,0.374227800289252,"small",0.591706106334328,0.576358281902526,5.8020504742125,5,5,-0.804176510134845,1.31157673358793,0.856066084973564,FALSE,"NS"
"P02765","HexNAc.5.Hex.6.NeuAc.2.Fuc.1....N...rare1","Healthy","MECFS",-2.08478155945491,-2.4368132516855,-0.352031692230593,1.25583590554991,0.395856416432172,-0.378088954436955,"small",-0.597811127086202,0.577116233869931,4.78710578603153,5,5,-1.88623842313297,1.18217503867178,0.856066084973564,FALSE,"NS"
"P02787","HexNAc.4.Hex.5.NeuAc.1....N...rare1","Healthy","MECFS",1.49325418520109,1.39927746597985,-0.0939767192212404,0.21458999885105,0.28648078353171,-0.371301437903373,"small",-0.587079121135117,0.574586893686759,7.41391872907918,5,5,-0.468251941327043,0.280298502884562,0.856066084973564,FALSE,"NS"
"P04114","HexNAc.4.Hex.5.NeuAc.2....N...rare1","Healthy","MECFS",-0.0520002966615687,-0.338905558585768,-0.2869052619242,0.996007401344453,0.336563315918739,-0.385933363317312,"small",-0.610214226565991,0.568898053109418,4.90172186218691,5,5,-1.50284429959234,0.929033775743946,0.856066084973564,FALSE,"NS"
"P0DOX2","HexNAc.4.Hex.5.NeuAc.1.Fuc.1....N...rare1","Healthy","MECFS",3.7583704667606,3.56366090392859,-0.194709562832004,0.381189216832564,0.625194780277772,-0.376053394014502,"small",-0.594592623461279,0.571887707952124,6.61289995235703,5,5,-0.978330513359406,0.588911387695397,0.856066084973564,FALSE,"NS"
"P00734","HexNAc.4.Hex.5.NeuAc.1.Fuc.1....N...rare1","Healthy","MECFS",-1.2156103691389,-1.73738360291623,-0.521773233777335,1.70994864159151,1.10200595383642,-0.362730130775891,"small",-0.573526694611278,0.584658886811737,6.83384939574097,5,5,-2.68366865538591,1.64012218783124,0.863172506466021,FALSE,"NS"
"P01009","HexNAc.4.Hex.5.NeuAc.2....N...rare1","Healthy","MECFS",1.68494631313777,2.24637898157316,0.561432668435386,1.54154672636687,1.58412573216012,0.359206277076435,"small",0.567954992695532,0.585659842591768,7.99406841462946,5,5,-1.71838404777683,2.8412493846476,0.863172506466021,FALSE,"NS"
"P20851","HexNAc.5.Hex.6.NeuAc.1....N...rare1","Healthy","MECFS",-2.10757664305394,-2.22365814670378,-0.116081503649847,0.172212548933619,0.416460531476538,-0.364272817204388,"small",-0.575965896026018,0.58811113358318,5.32909372746617,5,5,-0.624685873008078,0.392522865708383,0.8641264815532,FALSE,"NS"
"P02765","HexNAc.4.Hex.5.NeuAc.2....N...rare1","Healthy","MECFS",4.11775886576145,4.02944182581289,-0.0883170399485635,0.264774319476341,0.233117726901088,-0.3540488985094,"small",-0.559800461181748,0.591180428176311,7.87370309005738,5,5,-0.453142548301895,0.276508468404768,0.865979893261324,FALSE,"NS"
"P01019","HexNAc.5.Hex.6.NeuAc.2....N...rare1","Healthy","MECFS",-1.20999167393668,-0.81588092930871,0.394110744627975,1.10966361121684,1.15742947045968,0.347602223976857,"small",0.54960737375343,0.597618634558693,7.98583256638466,5,5,-1.25998228880501,2.04820377806096,0.867452502889739,FALSE,"NS"
"P10721","HexNAc.5.Hex.6.NeuAc.2....N...rare1","Healthy","MECFS",1.00308342691778,1.11299032200283,0.109906895085049,0.389092714773525,0.204863538392452,0.353471282993908,"small",0.558887170861346,0.596273206713895,6.05948077944579,5,5,-0.370143244176963,0.589957034347062,0.867452502889739,FALSE,"NS"
"Q08380","HexNAc.4.Hex.5.NeuAc.2....N...rare1","Healthy","MECFS",-0.276210066160548,-0.399884052818693,-0.123673986658145,0.3007435248079,0.351601247771482,-0.382276000764036,"small",-0.558729529135111,0.596571413918089,5.99837245045024,5,4,-0.665330070162824,0.417982096846533,0.867452502889739,FALSE,"NS"
"P00450","HexNAc.4.Hex.5....N...rare1","Healthy","MECFS",-1.54569604903067,-1.85227933549806,-0.306583286467386,1.02049697800319,0.734903259217,-0.344769868441012,"small",-0.545129026435102,0.601981735706057,7.26950420506619,5,5,-1.62653016633587,1.0133635934011,0.868058114795778,FALSE,"NS"
"P02787","HexNAc.5.Hex.6.NeuAc.2....N...rare1","Healthy","MECFS",-0.228855878516585,-0.329245525183056,-0.100389646666471,0.260292682432522,0.318223221723378,-0.3453321875275,"small",-0.546018130977645,0.60051540669228,7.69736418137478,5,5,-0.527285437501162,0.32650614416822,0.868058114795778,FALSE,"NS"
"P04196","HexNAc.3.Hex.5.NeuAc.1....N...rare1","Healthy","MECFS",-1.32749459617881,-1.03501713770985,0.29247745846896,0.962750979954153,0.726285369525234,0.342979740954008,"small",0.542298586354598,0.603472551622117,7.43898805009835,5,5,-0.967734623362572,1.55268954030049,0.868058114795778,FALSE,"NS"
"P0DOX2","HexNAc.4.Hex.5.NeuAc.1....N...rare1","Healthy","MECFS",-1.83060753363579,-1.40336613294975,0.427241400686033,0.536184152981793,1.66068981326132,0.346232068157482,"small",0.54744096718415,0.608431757365146,4.8249867193278,5,5,-1.60101328461652,2.45549608598859,0.872571292748218,FALSE,"NS"
"P05090","HexNAc.3.Hex.4.NeuAc.1....N...rare1","Healthy","MECFS",-0.602995738544517,-1.09734478663362,-0.494349048089105,1.34833946152823,1.60189325549892,-0.333894603675194,"small",-0.52793372302642,0.612277712132298,7.77368035369925,5,5,-2.664647605314,1.6759495091358,0.875465743616032,FALSE,"NS"
"P01871","HexNAc.3.Hex.5....N...rare1","Healthy","MECFS",-2.23811326525397,-2.85235332201924,-0.614240056765274,2.06207419468701,1.60680270571251,-0.332289608597965,"small",-0.52539600298772,0.614384012377774,7.5490249073938,5,5,-3.33848039444429,2.11000028091374,0.8758629224076,FALSE,"NS"
"P02749","HexNAc.5.Hex.6.NeuAc.2....N...rare1","Healthy","MECFS",-0.117815447940441,-0.236096703785861,-0.118281255845421,0.445181716057185,0.231630838602379,-0.333325784140966,"small",-0.527034340373542,0.617024370844254,6.01786265878031,5,5,-0.667041870979579,0.430479359288738,0.877016835710378,FALSE,"NS"
"P00738","HexNAc.4.Hex.5.NeuAc.2.Fuc.1....N...rare1","Healthy","MECFS",-0.228894733735598,0.0843368990490605,0.313231632784658,0.94520440438668,1.03745730421415,0.315629342050036,"small",0.499053808629237,0.631286478314186,7.93160795933851,5,5,-1.13630945052963,1.76277271609895,0.881592487208441,FALSE,"NS"
"P02765","HexNAc.3.Hex.4.NeuAc.1....N...rare1","Healthy","MECFS",-0.670426991197971,-0.764193873065162,-0.0937668818671905,0.199721413380561,0.363622157069369,-0.319640482768994,"small",-0.505395978972913,0.630708946852103,6.21212247353678,5,5,-0.544014809863343,0.356481046128962,0.881592487208441,FALSE,"NS"
"P05156","HexNAc.4.Hex.5.NeuAc.1....N...rare1","Healthy","MECFS",-0.0357935461323563,-0.214012315849665,-0.178218769717309,0.581914522135,0.535438917832426,-0.318726010511582,"small",-0.503950071377684,0.627970473272882,7.94520604280347,5,5,-0.994702601949735,0.638265062515117,0.881592487208441,FALSE,"NS"
"P06681","HexNAc.3.Hex.5.NeuAc.1....N...rare1","Healthy","MECFS",-0.705861473795775,-0.8768050065066,-0.170943532710825,0.491011803185085,0.581899897957465,-0.317516275577532,"small",-0.502037312499347,0.629538369446615,7.77985602746031,5,5,-0.960021418316911,0.61813435289526,0.881592487208441,FALSE,"NS"
"P0DOX2","HexNAc.5.Hex.4.Fuc.1....N...rare1","Healthy","MECFS",-0.452419288284942,-0.25569557269605,0.196723715588893,0.662230423146962,0.565372838549055,0.319507525818629,"small",0.50518575557596,0.627375905159112,7.80797436121906,5,5,-0.705112956608981,1.09856038778677,0.881592487208441,FALSE,"NS"
"P10721","HexNAc.4.Hex.5.NeuAc.1....N...rare1","Healthy","MECFS",1.36925473127232,1.51850579154104,0.149251060268718,0.482998057982751,0.453103252684014,0.318715524125231,"small",0.503933490945037,0.627944148709667,7.96756261540356,5,5,-0.534207406667894,0.83270952720533,0.881592487208441,FALSE,"NS"
"P02745","HexNAc.4.Hex.5.NeuAc.1....N...rare1","Healthy","MECFS",-0.654738095425779,-0.380629900359402,0.274108195066377,0.913552617204564,0.851114331472595,0.310468528349766,"small",0.490893845692909,0.636747519104757,7.96023731328054,5,5,-1.01465239844912,1.56286878858187,0.884802295622171,FALSE,"NS"
"P02790","HexNAc.3.Hex.6.NeuAc.1....N...rare1","Healthy","MECFS",-1.46580763819353,-1.15939250336503,0.306415134828495,0.991184748233541,0.986243243976278,0.309911844368432,"small",0.490013651033936,0.637279315218474,7.99980017459653,5,5,-1.13558069268295,1.74841096233994,0.884802295622171,FALSE,"NS"
"P01859","HexNAc.2.Hex.5....N...rare1","Healthy","MECFS",-3.37360838698889,-2.82545084351253,0.548157543476367,1.92872621641214,1.67922874673109,0.303136588366579,"small",0.479301030685645,0.644789771671859,7.85124724317224,5,5,-2.09785055498944,3.19416564194218,0.889895936818693,FALSE,"NS"
"P02751","HexNAc.3.Hex.4.NeuAc.1....N...rare1","Healthy","MECFS",-0.827990122319527,-1.13030944579304,-0.302319323473516,0.796083686448727,1.16213472855335,-0.303512472319585,"small",-0.479895355399348,0.645779967469805,7.07655695986959,5,5,-1.78869923390449,1.18406058695746,0.889895936818693,FALSE,"NS"
"P02787","HexNAc.5.Hex.6.NeuAc.1....N...rare1","Healthy","MECFS",0.0754716521620109,0.146572975142165,0.0711013229801542,0.184770160118138,0.275684087883936,0.30298193569673,"small",0.47905650334417,0.646521473930908,6.99023195584055,5,5,-0.27995444942453,0.422157095384838,0.889895936818693,FALSE,"NS"
"P01871","HexNAc.4.Hex.4....N...rare1","Healthy","MECFS",-1.99431843255722,-1.72898911303961,0.265329319517607,1.21986230300819,0.365204865746119,0.294679539767362,"small",0.465929262757514,0.662007312510678,4.71132246565667,5,5,-1.22591503293044,1.75657367196565,0.90600429340747,FALSE,"NS"
"P51884","HexNAc.4.Hex.5.NeuAc.2.Fuc.1....N...rare1","Healthy","MECFS",-0.681022267733644,-0.485006275773011,0.196015991960633,0.524129270958109,0.799497312793363,0.289971553133154,"small",0.45848528227865,0.660690394355399,6.90216092610889,5,5,-0.817842953768132,1.2098749376894,0.90600429340747,FALSE,"NS"
"P00734","HexNAc.4.Hex.5.NeuAc.2.Fuc.1....N...rare1","Healthy","MECFS",-0.439200541913939,-0.114808720583949,0.32439182132999,0.84735654943152,1.39149483856248,0.281586780441415,"small",0.445227792594313,0.67037279649403,6.60797516838178,5,5,-1.41940535672,2.06818899937998,0.907644858314911,FALSE,"NS"
"P00747","HexNAc.4.Hex.5.NeuAc.1....N...rare1","Healthy","MECFS",-0.803771752312077,-1.09853642623686,-0.294764673924778,1.10104524329253,1.02466239307567,-0.277154352532761,"small",-0.438219508716391,0.672877613928883,7.95900013918239,5,5,-1.84727093279285,1.25774158494329,0.907644858314911,FALSE,"NS"
"P00747","HexNAc.4.Hex.5.NeuAc.2....N...rare1","Healthy","MECFS",0.803771752312077,1.09853642623686,0.294764673924778,1.10104524329253,1.02466239307567,0.277154352532761,"small",0.438219508716391,0.672877613928883,7.95900013918239,5,5,-1.25774158494329,1.84727093279285,0.907644858314911,FALSE,"NS"
"P06681","HexNAc.3.Hex.6.NeuAc.1....N...rare1","Healthy","MECFS",-0.0796317034574764,-0.188650275312647,-0.10901857185517,0.170254080644957,0.518960192030073,-0.282282786105915,"small",-0.446328274176412,0.674575301795633,4.85116754711055,5,5,-0.742738250279994,0.524701106569654,0.907644858314911,FALSE,"NS"
"P0DOX5","HexNAc.5.Hex.4....N...rare1","Healthy","MECFS",0.392238567065641,0.315810858715429,-0.0764277083502126,0.216650179355231,0.316431456105217,-0.28184442537105,"small",-0.445635164996933,0.669179250087879,7.07453893474203,5,5,-0.481102966608789,0.328247549908363,0.907644858314911,FALSE,"NS"
"P10909","HexNAc.4.Hex.5.NeuAc.1....N...rare1","Healthy","MECFS",1.61700382675558,1.67646934066647,0.0594655139108908,0.150983327504026,0.255597233976703,0.283288121152903,"small",0.447917848456449,0.668782825058981,6.48849723801927,5,5,-0.259548832445875,0.378479860267657,0.907644858314911,FALSE,"NS"
"P01591","HexNAc.5.Hex.5.NeuAc.2.Fuc.1....N...rare1","Healthy","MECFS",-1.47417217335385,-1.66669799179698,-0.192525818443128,0.88657461974703,0.450145759254489,-0.273831636463354,"small",-0.432965833317706,0.680333799458553,5.9338451947259,5,5,-1.28353514394113,0.898483507054873,0.908035375984296,FALSE,"NS"
"P0C0L4","HexNAc.3.Hex.4.NeuAc.1....N...rare1","Healthy","MECFS",-1.86648415980858,-1.66646944049317,0.200014719315404,0.323962362367054,0.969703610942209,0.276669521468787,"small",0.437452923495111,0.680456338850852,4.88191023171005,5,5,-0.9839243065655,1.38395374519631,0.908035375984296,FALSE,"NS"
"P10909","HexNAc.5.Hex.6.NeuAc.3....N...rare1","Healthy","MECFS",1.89463012058809,2.15407218314139,0.259442062553294,1.02295737278711,0.892086855513844,0.270321032205778,"small",0.427415080608995,0.680552609558167,7.85463328625523,5,5,-1.14483045163459,1.66371457674118,0.908035375984296,FALSE,"NS"
"P02790","HexNAc.4.Hex.5....N...rare1","Healthy","MECFS",-1.7618109187745,-1.46788511595815,0.293925802816341,1.13751244126637,1.08665550531628,0.264232740099146,"small",0.417788645550303,0.687112131051441,7.98332158287342,5,5,-1.32900167534437,1.91685328097705,0.909189808766962,FALSE,"NS"
"P06276","HexNAc.4.Hex.5.NeuAc.1....N...rare1","Healthy","MECFS",-0.872756619731947,-0.934550810816661,-0.0617941910847142,0.0866386998359776,0.308386937532899,-0.272816362232352,"small",-0.431360543807886,0.685555770108757,4.62751596579332,5,5,-0.43913731964512,0.315548937475691,0.909189808766962,FALSE,"NS"
"P06276","HexNAc.4.Hex.5.NeuAc.2....N...rare1","Healthy","MECFS",0.872756619731947,0.934550810816661,0.0617941910847143,0.0866386998359776,0.308386937532899,0.272816362232353,"small",0.431360543807887,0.685555770108756,4.62751596579332,5,5,-0.315548937475691,0.43913731964512,0.909189808766962,FALSE,"NS"
"P00450","HexNAc.5.Hex.6.NeuAc.3....N...rare1","Healthy","MECFS",1.70775437691504,1.5951414696543,-0.112612907260741,0.335473903495282,0.518271571894332,-0.257962307664155,"small",-0.40787422134592,0.695809849320944,6.85135246657013,5,5,-0.768361338948807,0.543135524427325,0.917959015891046,FALSE,"NS"
"P01871","HexNAc.5.Hex.5.NeuAc.1.Fuc.1....N...rare1","Healthy","MECFS",4.90241063830649,4.83114640432424,-0.0712642339822533,0.129812176759376,0.364571900528583,-0.260425249775194,"small",-0.411768474753933,0.697572195791943,4.99822639643735,5,5,-0.516198973409097,0.37367050544459,0.917959015891046,FALSE,"NS"
"P01024","HexNAc.2.Hex.5....N...rare1","Healthy","MECFS",-0.699384127105521,-0.370981954630706,0.328402172474815,0.905454874418338,1.58381434465603,0.25457087557184,"small",0.402511896375167,0.70048462085418,6.36231767914589,5,5,-1.64075149671016,2.29755584165979,0.91926611887439,FALSE,"NS"
"O75882","HexNAc.2.Hex.8....N...rare1","Healthy","MECFS",-0.242416219317543,-0.133480773884597,0.108935445432946,0.542059145242523,0.298472084095238,0.24896239764726,"small",0.393644114150944,0.706982093158948,6.22132304578884,5,5,-0.562416116940064,0.780287007805955,0.920925167081503,FALSE,"NS"
"P01023","HexNAc.5.Hex.5.Fuc.1....N...rare1","Healthy","MECFS",-0.714689720323605,-1.0984502803394,-0.383760560015796,1.59809479746389,1.50422258049489,-0.247289332393003,"small",-0.390998765712173,0.706041580396674,7.97086117561418,5,5,-2.64851672873893,1.88099560870733,0.920925167081503,FALSE,"NS"
"P01871","HexNAc.3.Hex.6.NeuAc.1....N...rare1","Healthy","MECFS",0.5262100807211,0.567607576819098,0.0413974960979981,0.185381792233224,0.148680895247669,0.246360389408227,"small",0.389529977888009,0.707516621056353,7.63989913526658,5,5,-0.205699553073788,0.288494545269784,0.920925167081503,FALSE,"NS"
"P01042","HexNAc.4.Hex.5.NeuAc.2....N...rare1","Healthy","MECFS",2.10346743552115,2.03153165430661,-0.071935781214536,0.148386022256635,0.380786063821458,-0.248931785183685,"small",-0.393595711596101,0.709539103625752,5.18744372455683,5,5,-0.536689412049158,0.392817849620086,0.921054825573809,FALSE,"NS"
"P04217","HexNAc.4.Hex.5.NeuAc.2....N...rare1","Healthy","MECFS",2.12599543320893,2.02188480847702,-0.104110624731915,0.416014082037311,0.442742139013906,-0.242351047123796,"small",-0.383190651118998,0.711597814992743,7.96918035544989,5,5,-0.731060263584061,0.522839014120232,0.92123068481493,FALSE,"NS"
"P25311","HexNAc.5.Hex.6.NeuAc.3....N...rare1","Healthy","MECFS",-0.925353039584,-1.05997956289131,-0.134626523307311,0.303214023187047,0.718299777487826,-0.244192288394941,"small",-0.386101909188358,0.714217914609675,5.3816615555178,5,5,-1.01215459105967,0.742901544445046,0.92213040727233,FALSE,"NS"
"P01871","HexNAc.5.Hex.6.NeuAc.1....N...rare1","Healthy","MECFS",-1.47318341820226,-1.6907017893487,-0.217518371146445,0.778853770701842,1.04207143474578,-0.236452144222542,"small",-0.373863666686928,0.718980162539947,7.40607494773838,5,5,-1.57814016286981,1.14310342057692,0.925783596388803,FALSE,"NS"
"O95445","HexNAc.3.Hex.5.NeuAc.1....N...rare1","Healthy","MECFS",1.06307555717519,1.14556139133474,0.0824858341595509,0.226607216212693,0.437501063521034,0.236759592184979,"small",0.374349784598567,0.721013053166192,6.0021415972595,5,5,-0.45663056945111,0.621602237770211,0.925912205004306,FALSE,"NS"
"P02790","HexNAc.4.Hex.5.NeuAc.2.Fuc.1....N...rare1","Healthy","MECFS",1.2144685530346,1.28195061054261,0.0674820575080084,0.218558674205057,0.349144755157731,0.231686560479112,"small",0.366328617182174,0.725384241594769,6.71755646407062,5,5,-0.371850020554842,0.506814135570859,0.926557471263718,FALSE,"NS"
"P10909","HexNAc.6.Hex.7.NeuAc.1....N...rare1","Healthy","MECFS",-2.14007887386428,-1.95124138369512,0.188837490169156,0.812416813625669,0.820395101107642,0.231300658990873,"small",0.365718453354531,0.724057463502213,7.99923610298999,5,5,-1.0018797616284,1.37955474196672,0.926557471263718,FALSE,"NS"
"P43652","HexNAc.4.Hex.4.NeuAc.1....N...rare1","Healthy","MECFS",-0.580607563068,-0.337228974824298,0.243378588243702,1.29827797927054,0.754066911689695,0.229248588463053,"small",0.362473844960923,0.728628451506475,6.42306158104972,5,5,-1.37369179921856,1.86044897570597,0.928226139020217,FALSE,"NS"
"P08603","HexNAc.5.Hex.4.NeuAc.1....N...rare1","Healthy","MECFS",-0.767962203783802,-0.535548598832379,0.232413604951424,1.07485799295196,1.02146552896929,0.221662597329831,"small",0.350479339815512,0.73505139239865,7.97932211904964,5,5,-1.29745854713332,1.76228575703617,0.92899635081518,FALSE,"NS"
"P10909","HexNAc.3.Hex.4.NeuAc.1.Fuc.1....N...rare1","Healthy","MECFS",-0.537090034991054,-0.796346495883815,-0.259256460892761,1.20096982827774,1.13505615584739,-0.22187537342147,"small",-0.350815768356115,0.734813694022701,7.97464429216411,5,5,-1.96436084825068,1.44584792646516,0.92899635081518,FALSE,"NS"
"Q03591","HexNAc.4.Hex.5.NeuAc.2.Fuc.1....N...rare1","Healthy","MECFS",-0.700691831462898,-0.866578277464928,-0.16588644600203,0.650430347627809,0.826922979565217,-0.222986878787079,"small",-0.352573212649527,0.734010823103714,7.57939899135384,5,5,-1.26143627116248,0.929663379158425,0.92899635081518,FALSE,"NS"
"P08603","HexNAc.4.Hex.5.NeuAc.2....N...rare1","Healthy","MECFS",4.5328436802371,4.4940519523894,-0.0387917278477046,0.118421263266182,0.222959589507349,-0.217303428219356,"small",-0.343586888268036,0.742708047886757,6.09045812228128,5,5,-0.314061971460768,0.236478515765358,0.936203039309885,FALSE,"NS"
"P00748","HexNAc.5.Hex.6.NeuAc.3....N...rare1","Healthy","MECFS",-1.00526996844114,-1.09723810299808,-0.091968134556947,0.248875418003932,0.554080380296332,-0.21412734144836,"small",-0.338565054146698,0.747373222977856,5.55089083728052,5,5,-0.769905722625717,0.585969453511823,0.936967589270385,FALSE,"NS"
"P01871","HexNAc.2.Hex.6....N...rare1","Healthy","MECFS",-0.589633129587267,-0.454042730933042,0.135590398654224,0.210415096325294,0.866329650423123,0.215087204802698,"small",0.340082731367817,0.749182853216195,4.47029321643521,5,5,-0.926923570112822,1.19810436742127,0.936967589270385,FALSE,"NS"
"P02745","HexNAc.4.Hex.5.NeuAc.1.Fuc.1....N...rare1","Healthy","MECFS",1.66740774509464,1.492306533727,-0.175101211367638,0.607073147630057,0.994069857987727,-0.212598504382343,"small",-0.336147750496746,0.747162280909992,6.61926907114889,5,5,-1.42135578643548,1.07115336370021,0.936967589270385,FALSE,"NS"
"O75882","HexNAc.3.Hex.6....N...rare1","Healthy","MECFS",-0.250817997934859,-0.390227516413593,-0.139409518478734,0.560846093362746,0.872575253391709,-0.19007028373248,"negligible",-0.300527506054543,0.772724569271606,6.8231648062674,5,5,-1.24210721531354,0.963288178356069,0.940759096817902,FALSE,"NS"
"P00738","HexNAc.5.Hex.6.NeuAc.3....N...rare1","Healthy","MECFS",1.71932167538936,1.57216517552287,-0.147156499866486,0.605941436051392,0.966420433231796,-0.1824456536475,"negligible",-0.288471907362153,0.781674573138884,6.72400427945028,5,5,-1.36351851529835,1.06920551556538,0.940759096817902,FALSE,"NS"
"P01042","HexNAc.4.Hex.5.NeuAc.2.Fuc.1....N...rare1","Healthy","MECFS",-0.828756268695705,-0.750715811327663,0.0780404573680422,0.466943111272125,0.374908230018125,0.184303878761975,"negligible",0.291410019245687,0.778489117028249,7.64318053898547,5,5,-0.544568695699657,0.700649610435741,0.940759096817902,FALSE,"NS"
"P01591","HexNAc.5.Hex.6.NeuAc.1....N...rare1","Healthy","MECFS",-1.3177577549884,-1.58834791174331,-0.270590156754905,1.22266466959452,1.51446801260091,-0.19660387376348,"negligible",-0.310858018952409,0.764199045507342,7.65956316601588,5,5,-2.29351539451096,1.75233508100115,0.940759096817902,FALSE,"NS"
"P01859","HexNAc.4.Hex.5.NeuAc.1....N...rare1","Healthy","MECFS",-0.976219924833964,-1.06948151586199,-0.0932615910280258,0.335277686365893,0.546229118082151,-0.205785400135316,"small",-0.325375286818361,0.754909246859444,6.63939577108749,5,5,-0.77856278072709,0.592039598671038,0.940759096817902,FALSE,"NS"
"P01859","HexNAc.4.Hex.5.NeuAc.2.Fuc.1....N...rare1","Healthy","MECFS",-2.46474864504087,-2.67534515149469,-0.210596506453823,0.27682411668438,1.54471603478282,-0.189781301247407,"negligible",-0.30007058462618,0.778211931709018,4.25665683174937,5,5,-2.11369765860093,1.69250464569329,0.940759096817902,FALSE,"NS"
"P02675","HexNAc.4.Hex.6.NeuAc.1....N...rare1","Healthy","MECFS",-2.06788267965002,-1.85746097129705,0.21042170835297,1.20764904810764,1.04902321979241,0.186029480508372,"negligible",0.294138435172177,0.776282773705853,7.84644545245665,5,5,-1.44489142456346,1.8657348412694,0.940759096817902,FALSE,"NS"
"P02749","HexNAc.4.Hex.5....N...rare1","Healthy","MECFS",-2.45554150768614,-2.18611656638767,0.269424941298474,1.46380007894324,1.24506876817896,0.198275299574464,"negligible",0.313500775203759,0.762120179529903,7.79922366445306,5,5,-1.72128800884616,2.26013789144311,0.940759096817902,FALSE,"NS"
"P02749","HexNAc.4.Hex.5.NeuAc.2....N...rare1","Healthy","MECFS",4.11072320137438,4.19632500064248,0.0856017992681011,0.472725889254288,0.410686395771429,0.19332194222171,"negligible",0.305668829554038,0.767808534211988,7.84672032751933,5,5,-0.56239137077498,0.733594969311183,0.940759096817902,FALSE,"NS"
"P03952","HexNAc.4.Hex.5.NeuAc.1....N...rare1","Healthy","MECFS",-0.599453876922126,-0.555211792026952,0.0442420848951736,0.185855862383096,0.268757112629128,0.191478621757116,"negligible",0.302754283991179,0.770738713231372,7.11370099538257,5,5,-0.300188685895049,0.388672855685396,0.940759096817902,FALSE,"NS"
"P03952","HexNAc.4.Hex.5.NeuAc.2....N...rare1","Healthy","MECFS",0.599453876922126,0.555211792026952,-0.0442420848951737,0.185855862383096,0.268757112629128,-0.191478621757116,"negligible",-0.30275428399118,0.770738713231371,7.11370099538257,5,5,-0.388672855685397,0.300188685895049,0.940759096817902,FALSE,"NS"
"P08603","HexNAc.5.Hex.6.NeuAc.1....N...rare1","Healthy","MECFS",-0.994657451465655,-1.05805157079547,-0.0633941193298154,0.173579724619411,0.431791291741712,-0.192646521875333,"negligible",-0.304600896217752,0.772356018954024,5.25992274611316,5,5,-0.590533776694037,0.463745538034406,0.940759096817902,FALSE,"NS"
"P0C0L4","HexNAc.4.Hex.5.NeuAc.1....N...rare1","Healthy","MECFS",-0.134559922697184,-0.0812576796875817,0.0533022430096023,0.0938906655104594,0.390208656683517,0.187820082786969,"negligible",0.296969625964104,0.779810378782404,4.46162328568356,5,5,-0.425343640974122,0.531948126993327,0.940759096817902,FALSE,"NS"
"P0DOX6","HexNAc.2.Hex.5....N...rare1","Healthy","MECFS",0.11440271281682,0.188027229693296,0.0736245168764764,0.292808759249482,0.476100979462565,0.186284023467769,"negligible",0.294540902929205,0.777329170564576,6.64720892162754,5,5,-0.523864732045848,0.671113765798801,0.940759096817902,FALSE,"NS"
"P43652","HexNAc.3.Hex.4.NeuAc.1....N...rare1","Healthy","MECFS",-1.78170981963657,-1.57187105975853,0.209838759878044,1.26343168593082,0.959163919456854,0.187078284629175,"negligible",0.295796740092731,0.775449431613799,7.46107899042171,5,5,-1.44684253302726,1.86652005278334,0.940759096817902,FALSE,"NS"
"P01023","HexNAc.2.Hex.6....N...rare1","Healthy","MECFS",0.764869285661881,0.823060604517732,0.0581913188558513,0.325384017633025,0.332882639404115,0.17679018977787,"negligible",0.279529833835742,0.786932790356441,7.99585073525594,5,5,-0.42190607134606,0.538288709057763,0.941391195809358,FALSE,"NS"
"P01023","HexNAc.4.Hex.5.NeuAc.1.Fuc.1....N...rare1","Healthy","MECFS",-1.83494398893337,-2.09774500528138,-0.262801016348011,1.45140653399411,1.51746162565676,-0.176994045728843,"negligible",-0.27985215839557,0.786704330150655,7.98420598200351,5,5,-2.42904824195907,1.90344620926305,0.941391195809358,FALSE,"NS"
"P04004","HexNAc.4.Hex.5.NeuAc.2....N...rare1","Healthy","MECFS",2.30073906486115,2.18283106366724,-0.117908001193908,0.637466717193786,0.70199951149978,-0.175848255336464,"negligible",-0.278040504715042,0.788095761001154,7.92674479135322,5,5,-1.09738520274236,0.86156920035454,0.941391195809358,FALSE,"NS"
"P02765","HexNAc.5.Hex.6.NeuAc.2....N...rare1","Healthy","MECFS",-0.755656117731895,-0.896924736267039,-0.141268618535143,0.423505383461355,1.05854954796872,-0.175229977196165,"negligible",-0.277062921139623,0.792314724355866,5.24852918400671,5,5,-1.43350559548819,1.1509683584179,0.944076499916567,FALSE,"NS"
"O95445","HexNAc.4.Hex.5.NeuAc.1....N...rare1","Healthy","MECFS",1.18360789264942,1.12141940149159,-0.062188491157831,0.304018765359529,0.571973165080142,-0.135774202432623,"negligible",-0.214677863589931,0.837023490099913,6.09309547448772,5,5,-0.768399860933356,0.644022878617694,0.953831646162074,FALSE,"NS"
"P01008","HexNAc.5.Hex.6.NeuAc.2....N...rare1","Healthy","MECFS",-0.394544927083605,-0.526298696436918,-0.131753769353313,0.882229277136638,1.17683966170247,-0.126683971637081,"negligible",-0.200304946704673,0.846624550163818,7.41678577704142,5,5,-1.66957886334968,1.40607132464306,0.953831646162074,FALSE,"NS"
"P01009","HexNAc.5.Hex.6.NeuAc.3....N...rare1","Healthy","MECFS",-1.68494631313777,-1.85191810909744,-0.166971795959667,1.54154672636687,1.15048811629609,-0.122760284776604,"negligible",-0.194101053052481,0.85131770438018,7.40086253299155,5,5,-2.17897235152394,1.84502875960461,0.953831646162074,FALSE,"NS"
"P01023","HexNAc.3.Hex.6.NeuAc.1....N...rare1","Healthy","MECFS",1.09843700300917,1.1263806958327,0.0279436928235288,0.178886917579384,0.280185021746573,0.118880179391914,"negligible",0.18796606776393,0.856391757600284,6.79639175169634,5,5,-0.325735816442065,0.381623202089123,0.953831646162074,FALSE,"NS"
"P01023","HexNAc.4.Hex.5.NeuAc.2....N...rare1","Healthy","MECFS",-1.32107294643075,-1.18584616667838,0.135226779752368,1.20659495923113,0.742341509285659,0.134992692366117,"negligible",0.213442187677678,0.837378662898212,6.64864614484573,5,5,-1.37908567144491,1.64953923094965,0.953831646162074,FALSE,"NS"
"P01859","HexNAc.4.Hex.3....N...rare1","Healthy","MECFS",-1.13762608356008,-0.987723734310622,0.149902349249461,1.21882930484871,1.41702711704096,0.113420719121944,"negligible",0.179333903139778,0.862231947365717,7.82501444520715,5,5,-1.78517849258437,2.08498319108329,0.953831646162074,FALSE,"NS"
"P02745","HexNAc.4.Hex.5.NeuAc.2.Fuc.1....N...rare1","Healthy","MECFS",-1.01266964966886,-1.1116766333676,-0.0990069836987388,0.664653588170664,0.842369157452646,-0.130489963335385,"negligible",-0.206322747965839,0.841965677615127,7.58934242058785,5,5,-1.21608616431428,1.0180721969168,0.953831646162074,FALSE,"NS"
"P02749","HexNAc.4.Hex.5.NeuAc.1....N...rare1","Healthy","MECFS",1.96904454229837,2.03705062851486,0.0680060862164868,0.589734625641664,0.19703935690525,0.154676889824404,"negligible",0.24456563661802,0.816738008814187,4.88207190801867,5,5,-0.652017291670016,0.78802946410299,0.953831646162074,FALSE,"NS"
"P02749","HexNAc.5.Hex.6.NeuAc.3....N...rare1","Healthy","MECFS",1.95829365848374,1.92454064508309,-0.0337530134006483,0.363152001932606,0.192377720506969,-0.116152196864738,"negligible",-0.18365274866242,0.860256797338107,6.08113744836416,5,5,-0.482013462414225,0.414507435612928,0.953831646162074,FALSE,"NS"
"P02751","HexNAc.4.Hex.5.NeuAc.1.Fuc.1....N...rare1","Healthy","MECFS",-1.81818685439874,-1.71860877390267,0.0995780804960775,1.11814414936949,0.296996050502919,0.121724272235513,"negligible",0.192462973395308,0.855650477727611,4.56161591179711,5,5,-1.2697899343913,1.46894609538346,0.953831646162074,FALSE,"NS"
"P02751","HexNAc.4.Hex.5.NeuAc.2....N...rare1","Healthy","MECFS",2.80714022547162,2.83650134680522,0.0293611213336082,0.209770139153753,0.280892358063712,0.118441684985446,"negligible",0.187272747231087,0.856476597229638,7.40315579686742,5,5,-0.337317289541002,0.396039532208218,0.953831646162074,FALSE,"NS"
"P02760","HexNAc.4.Hex.5.NeuAc.2....N...rare1","Healthy","MECFS",1.20965892231892,1.10946374583185,-0.100195176487065,0.481183977930532,1.09590909648171,-0.11838759418573,"negligible",-0.187187222167306,0.858241226117285,5.48701361119717,5,5,-1.44020953816898,1.23981918519485,0.953831646162074,FALSE,"NS"
"P02763","HexNAc.3.Hex.4.NeuAc.1....N...rare1","Healthy","MECFS",-3.02956352554375,-2.83281718985139,0.196746335692357,0.581120042666581,1.68579506019353,0.156039672952034,"negligible",0.246720385938099,0.81505380981062,4.93739505969891,5,5,-1.86099803888731,2.25449071027202,0.953831646162074,FALSE,"NS"
"P02765","HexNAc.4.Hex.6.NeuAc.1....N...rare1","Healthy","MECFS",-2.25201316323232,-2.07330403052169,0.178709132710622,1.3169074619717,1.21114162934962,0.141257492519954,"negligible",0.223347706463626,0.828900745299571,7.94457173641905,5,5,-1.66865706155364,2.02607532697489,0.953831646162074,FALSE,"NS"
"P02790","HexNAc.4.Hex.5.NeuAc.1....N...rare1","Healthy","MECFS",2.02261783612175,2.0893357366255,0.0667179005037477,0.385837944291583,0.433054358601378,0.162676514718064,"negligible",0.257214154163494,0.803589442016534,7.89569623720443,5,5,-0.532806813605514,0.666242614613009,0.953831646162074,FALSE,"NS"
"P04196","HexNAc.4.Hex.5....N...rare1","Healthy","MECFS",-1.62346233693002,-1.48975035776751,0.133711979162508,0.948329674263972,0.964269327642861,0.139817427197338,"negligible",0.22107076326418,0.830576911033473,7.9977783332043,5,5,-1.26111419288536,1.52853815121038,0.953831646162074,FALSE,"NS"
"P04217","HexNAc.4.Hex.5.NeuAc.2.Fuc.1....N...rare1","Healthy","MECFS",-1.69043319534658,-1.51486492360336,0.175568271743224,1.57406837283218,1.42846075181202,0.116809649671748,"negligible",0.184692272824531,0.858108693037906,7.92579109057754,5,5,-2.02009442123978,2.37123096472623,0.953831646162074,FALSE,"NS"
"P04217","HexNAc.5.Hex.6.NeuAc.3....N...rare1","Healthy","MECFS",-0.944531087048786,-1.05755603342533,-0.113024946376544,0.81336187794696,0.846785153006168,-0.136134987122023,"negligible",-0.215248314271642,0.834968405915477,7.98706102412278,5,5,-1.32422842267565,1.09817852992256,0.953831646162074,FALSE,"NS"
"P05090","HexNAc.4.Hex.5.NeuAc.1....N...rare1","Healthy","MECFS",1.51932526822256,1.4626242678622,-0.056701000360353,0.465456672924585,0.281783244599894,-0.147374359630084,"negligible",-0.233019322569917,0.822822744122788,6.58479353754088,5,5,-0.639526387697652,0.526124386976946,0.953831646162074,FALSE,"NS"
"P05160","HexNAc.4.Hex.5.NeuAc.1....N...rare1","Healthy","MECFS",-1.30491417778661,-1.27233189940972,0.0325822783768872,0.230787635477704,0.332366691789214,0.113875838207246,"negligible",0.180053509597861,0.862121491580683,7.12968923530433,5,5,-0.39374462515545,0.458909181909224,0.953831646162074,FALSE,"NS"
"P05160","HexNAc.4.Hex.5.NeuAc.2....N...rare1","Healthy","MECFS",1.30491417778661,1.27233189940972,-0.0325822783768872,0.230787635477704,0.332366691789214,-0.113875838207246,"negligible",-0.180053509597861,0.862121491580683,7.12968923530433,5,5,-0.458909181909224,0.39374462515545,0.953831646162074,FALSE,"NS"
"P05546","HexNAc.4.Hex.5.NeuAc.2....N...rare1","Healthy","MECFS",0.153846827597271,0.0862926966948817,-0.0675541309023889,0.594092935249951,0.287592466106177,-0.144742189439453,"negligible",-0.22885749607412,0.82686494014457,5.77712786354925,5,5,-0.79664177236399,0.661533510559212,0.953831646162074,FALSE,"NS"
"P05546","HexNAc.5.Hex.5.NeuAc.1.Fuc.1....N...rare1","Healthy","MECFS",-0.153846827597271,-0.0862926966948818,0.0675541309023889,0.594092935249951,0.287592466106177,0.144742189439453,"negligible",0.22885749607412,0.826864940144569,5.77712786354925,5,5,-0.661533510559212,0.79664177236399,0.953831646162074,FALSE,"NS"
"P06681","HexNAc.2.Hex.6....N...rare1","Healthy","MECFS",1.50023373300521,1.53848266204057,0.0382489290353643,0.363634902276331,0.272951805385144,0.118967775781439,"negligible",0.188104569816782,0.85583545161783,7.42133141736875,5,5,-0.43709181059237,0.513589668663098,0.953831646162074,FALSE,"NS"
"P06681","HexNAc.2.Hex.7....N...rare1","Healthy","MECFS",1.20337431858392,1.14482729577826,-0.0585470228056646,0.43368533140713,0.285950786057876,-0.159388852254384,"negligible",-0.252015903381958,0.808344366865632,6.92509886516095,5,5,-0.609090981615163,0.491996936003834,0.953831646162074,FALSE,"NS"
"P0DOX2","HexNAc.4.Hex.6.NeuAc.1....N...rare1","Healthy","MECFS",-1.12181283381319,-1.38255446687043,-0.260741633057235,1.53798099446195,1.89331787630639,-0.151169962383208,"negligible",-0.239020697466457,0.817345806381761,7.6776081066576,5,5,-2.79480894595555,2.27332567984108,0.953831646162074,FALSE,"NS"
"P0DOX5","HexNAc.5.Hex.5....N...rare1","Healthy","MECFS",-1.61391185948258,-1.85382945731514,-0.239917597832564,1.50385756350374,1.71846993527359,-0.148580335562095,"negligible",-0.234926137944167,0.820269159301045,7.86173752277022,5,5,-2.60214591522784,2.12231071956271,0.953831646162074,FALSE,"NS"
"P10721","HexNAc.4.Hex.5.NeuAc.1.Fuc.1....N...rare1","Healthy","MECFS",0.961631672907871,0.89650737422879,-0.0651242986790812,0.479937180334064,0.589773380178362,-0.121123776418085,"negligible",-0.19151350614107,0.853087543995829,7.68273315115862,5,5,-0.854955143456658,0.724706546098495,0.953831646162074,FALSE,"NS"
"P10721","HexNAc.5.Hex.6.NeuAc.2.Fuc.1....N...rare1","Healthy","MECFS",-1.47192188264814,-1.64948997025146,-0.177568087603317,1.37220810232752,0.873689862909601,-0.154369420964796,"negligible",-0.244079485665051,0.814384450345837,6.78537683422821,5,5,-1.90892685890247,1.55379068369583,0.953831646162074,FALSE,"NS"
"P27169","HexNAc.4.Hex.5.NeuAc.1....N...rare1","Healthy","MECFS",-0.231850956924419,-0.167980624961701,0.0638703319627181,0.498447826865188,0.381495127606425,0.143903796081252,"negligible",0.227531879780584,0.826098047609759,7.48903878822655,5,5,-0.591215360084376,0.718956024009812,0.953831646162074,FALSE,"NS"
"Q03591","HexNAc.4.Hex.5.NeuAc.2....N...rare1","Healthy","MECFS",1.6566532072782,1.58884902911723,-0.0678041781609724,0.456957843762121,0.423406989460823,-0.153924805454553,"negligible",-0.243376486817348,0.813873033943996,7.95392528242009,5,5,-0.710900443300492,0.575292086978548,0.953831646162074,FALSE,"NS"
"P01871","HexNAc.3.Hex.4.NeuAc.1.Fuc.1....N...rare1","Healthy","MECFS",2.7678954417801,2.747026552799,-0.0208688889811044,0.269745277831089,0.0472970386850763,-0.107766820723362,"negligible",-0.170394304840429,0.872514631494841,4.24571964969864,5,5,-0.353289016830209,0.311551238868,0.956371872965741,FALSE,"NS"
"P02790","HexNAc.5.Hex.6.NeuAc.1....N...rare1","Healthy","MECFS",-1.36263285311673,-1.25697679530204,0.105656057814686,0.76953305469101,1.1848073951124,0.105763205644049,"negligible",0.167226311237985,0.872011070601659,6.86496380889233,5,5,-1.39432661857337,1.60563873420274,0.956371872965741,FALSE,"NS"
"P0DOX2","HexNAc.4.Hex.3.Fuc.1....N...rare1","Healthy","MECFS",-1.16436891287288,-1.28427337171055,-0.119904458837664,1.07364400597298,1.18379359537218,-0.106104350477548,"negligible",-0.167765708580913,0.87096973575356,7.92488585467002,5,5,-1.77076040764425,1.53095148996892,0.956371872965741,FALSE,"NS"
"P43652","HexNAc.5.Hex.6.NeuAc.2....N...rare1","Healthy","MECFS",-1.50906111041677,-1.41197790018415,0.0970832102326176,0.858483124931335,0.946871165555235,0.107421647763564,"negligible",0.169848538470598,0.869385204343077,7.92438495821908,5,5,-1.22319113791872,1.41735755838396,0.956371872965741,FALSE,"NS"
"P04217","HexNAc.4.Hex.5.NeuAc.1....N...rare1","Healthy","MECFS",0.508968849186432,0.550536148551666,0.0415672993652345,0.480185063340011,0.335928114534351,0.100311472362586,"negligible",0.158606364055402,0.87836090160934,7.15871260050963,5,5,-0.575375210889336,0.658509809619805,0.958393785582856,FALSE,"NS"
"P27169","HexNAc.3.Hex.6.NeuAc.1....N...rare1","Healthy","MECFS",-0.823424400081671,-0.873107940462616,-0.0496835403809454,0.594501739719653,0.354064417959752,-0.101543754042301,"negligible",-0.1605547724688,0.877303991691131,6.52047869608946,5,5,-0.792465860436328,0.693098779674438,0.958393785582856,FALSE,"NS"
"O95445","HexNAc.4.Hex.5.NeuAc.2....N...rare1","Healthy","MECFS",0.476511926030509,0.432701817990173,-0.0438101080403358,0.312534618937089,0.622128069489228,-0.0889904298307217,"negligible",-0.140706224111237,0.892784231535872,5.89806662835391,5,5,-0.808880539651463,0.721260323570791,0.959471274098198,FALSE,"NS"
"O95445","HexNAc.5.Hex.5.NeuAc.1.Fuc.1....N...rare1","Healthy","MECFS",-0.62864720762519,-0.700738280593985,-0.0720910729687957,0.600445638631509,0.989240961826307,-0.0881017811291932,"negligible",-0.139301147142946,0.893369912834648,6.59511634983723,5,5,-1.31122605547774,1.16704390954015,0.959471274098198,FALSE,"NS"
"P00738","HexNAc.6.Hex.7.NeuAc.2.Fuc.1....N...rare1","Healthy","MECFS",-1.65153612352619,-1.76670050714206,-0.115164383615876,1.52106020160185,1.01881356299002,-0.0889624544994152,"negligible",-0.140661991228623,0.89210590812818,6.98774551946811,5,5,-2.05184489149104,1.82151612425929,0.959471274098198,FALSE,"NS"
"P08603","HexNAc.4.Hex.5.Fuc.1....N...rare1","Healthy","MECFS",-1.82272687079062,-1.8917892601388,-0.0690623893481848,1.04395695321334,0.242906138569576,-0.0911223738783264,"negligible",-0.144077123628471,0.891757587054711,4.4318477953742,5,5,-1.3503157133629,1.21219093466653,0.959471274098198,FALSE,"NS"
"P0DOX2","HexNAc.5.Hex.6.NeuAc.1....N...rare1","Healthy","MECFS",-1.5101431063813,-1.59706965907089,-0.0869265526895944,0.896642809388202,0.953231032384782,-0.0939371190991901,"negligible",-0.148527626593973,0.885615464564228,7.97022265872506,5,5,-1.43740542829615,1.26355232291696,0.959471274098198,FALSE,"NS"
"P0DOX5","HexNAc.4.Hex.3.Fuc.1....N...rare1","Healthy","MECFS",2.85765088981252,2.83538775771901,-0.0222631320935145,0.223866918854193,0.248821609696108,-0.0940668983606915,"negligible",-0.148732825623672,0.885485228649434,7.91228004160539,5,5,-0.368105519810515,0.323579255623486,0.959471274098198,FALSE,"NS"
"P0DOX6","HexNAc.2.Hex.8....N...rare1","Healthy","MECFS",1.2664064056665,1.29376907563049,0.0273626699639919,0.207290899100865,0.378793165656759,0.0896164786290568,"negligible",0.141696094175812,0.891813667926564,6.19859798359366,5,5,-0.441510329340591,0.496235669268575,0.959471274098198,FALSE,"NS"
"P01871","HexNAc.4.Hex.5.NeuAc.2....N...rare1","Healthy","MECFS",0.463078909420918,0.407543104482665,-0.0555358049382535,0.361801913310914,0.858472156358123,-0.0843061899529366,"negligible",-0.133299790551042,0.898802579618783,5.37749372744497,5,5,-1.10427787991212,0.993206270035616,0.961489372084627,FALSE,"NS"
"P02787","HexNAc.5.Hex.6.NeuAc.2.Fuc.1....N...rare1","Healthy","MECFS",-1.78178179970511,-1.73255297272218,0.0492288269829297,0.493464921887212,0.679632058783341,0.0828923573786675,"negligible",0.131064324968627,0.899263546333847,7.30026658419306,5,5,-0.831591108021262,0.930048761987121,0.961489372084627,FALSE,"NS"
"P00734","HexNAc.3.Hex.4.NeuAc.1....N...rare1","Healthy","MECFS",-1.71076014101418,-1.67426047921147,0.0364996618027116,0.585966313660878,0.264910004444851,0.0802690856168645,"negligible",0.126916568124177,0.903463212991241,5.56952422088317,5,5,-0.68059940721923,0.753598730824653,0.961686397828454,FALSE,"NS"
"P01871","HexNAc.3.Hex.5.NeuAc.1....N...rare1","Healthy","MECFS",0.653097673884017,0.629471889792582,-0.0236257840914341,0.205113951910379,0.357034622612855,-0.0811443251093143,"negligible",-0.128300443271312,0.901860156446748,6.38098347615676,5,5,-0.467768817177665,0.420517248994797,0.961686397828454,FALSE,"NS"
"P04114","HexNAc.4.Hex.5.NeuAc.1....N...rare1","Healthy","MECFS",2.37095984623591,2.41424983017777,0.0432899839418588,0.617039532106815,0.503448482328052,0.0768758506190065,"negligible",0.121551392509463,0.906370169406016,7.69026244557737,5,5,-0.783776527422685,0.870356495306403,0.962641488127454,FALSE,"NS"
"P02763","HexNAc.5.Hex.6.NeuAc.3....N...rare1","Healthy","MECFS",2.33308407249382,2.37194782351448,0.0388637510206604,0.557858487126896,0.561416710765146,0.0694441451230876,"negligible",0.109800834376115,0.91527184519152,7.99967661761124,5,5,-0.777346814952059,0.85507431699338,0.969945163377739,FALSE,"NS"
"P02787","HexNAc.4.Hex.6.NeuAc.1....N...rare1","Healthy","MECFS",-2.37533300413553,-2.47566478748482,-0.100331783349295,1.67823952521623,1.46765960608727,-0.0636433364314296,"negligible",-0.100628950507845,0.922364288687393,7.86037461666915,5,5,-2.40665443120653,2.20599086450794,0.975303519384683,FALSE,"NS"
"P01871","HexNAc.3.Hex.6....N...rare1","Healthy","MECFS",-2.93515195480489,-2.90525333526673,0.0298986195381614,0.417104942071558,0.542527863492093,0.0617871297010507,"negligible",0.0976940299697794,0.924733821794319,7.5043184045202,5,5,-0.684035956199642,0.743833195275965,0.975655287752156,FALSE,"NS"
"P00734","HexNAc.4.Hex.5.NeuAc.1....N...rare1","Healthy","MECFS",0.660909945460791,0.69462696311646,0.0337170176556697,0.745491675537472,0.385093531796937,0.0568278072592691,"negligible",0.0898526526861705,0.931332074198691,5.99280756548752,5,5,-0.884748667287277,0.952182702598616,0.978915262258136,FALSE,"NS"
"P01023","HexNAc.4.Hex.5.NeuAc.1....N...rare1","Healthy","MECFS",1.09690495396318,1.0818359210508,-0.0150690329123768,0.230661025472058,0.311627773426448,-0.0549663916782881,"negligible",-0.0869094962321578,0.933057564160128,7.37108296856126,5,5,-0.420918338358783,0.390780272534029,0.978915262258136,FALSE,"NS"
"P01871","HexNAc.2.Hex.7....N...rare1","Healthy","MECFS",-3.10742190431175,-3.02267308298376,0.0847488213279961,1.74138486639374,1.69604628839672,0.0493051041370002,"negligible",0.0779582146723556,0.939777193174424,7.99443884941503,5,5,-2.42242504391814,2.59192268657413,0.978915262258136,FALSE,"NS"
"P02679","HexNAc.4.Hex.5.NeuAc.1....N...rare1","Healthy","MECFS",1.80679059569352,1.7831720826004,-0.0236185130931141,0.589888884272644,0.226225588461829,-0.0528690082468192,"negligible",-0.083593241847087,0.936531320014516,5.15169837042517,5,5,-0.743527391965461,0.696290365779233,0.978915262258136,FALSE,"NS"
"P04004","HexNAc.4.Hex.5.NeuAc.1....N...rare1","Healthy","MECFS",-0.774937979640984,-0.836589484464114,-0.0616515048231301,1.08004574651969,1.20510034441512,-0.0538778629400317,"negligible",-0.085188381176438,0.934229397160242,7.90585808902056,5,5,-1.73399037568107,1.61068736603481,0.978915262258136,FALSE,"NS"
"P25311","HexNAc.4.Hex.5.NeuAc.2....N...rare1","Healthy","MECFS",2.14367432285315,2.12377294895736,-0.0199013738957983,0.219688962922612,0.52072160384477,-0.0497990350290584,"negligible",-0.078739187985167,0.940085638076707,5.38022370071458,5,5,-0.656046850459886,0.616244102668289,0.978915262258136,FALSE,"NS"
"P00450","HexNAc.5.Hex.6.NeuAc.2....N...rare1","Healthy","MECFS",-1.3843289933583,-1.36512236405078,0.0192066293075177,0.19106851179514,0.566534026479618,0.0454305065893352,"negligible",0.0718319380387935,0.945576075182322,4.89832514092724,5,5,-0.672436324190571,0.710849582805607,0.981049713558222,FALSE,"NS"
"P10721","HexNAc.3.Hex.4.NeuAc.1....N...rare1","Healthy","MECFS",-1.86204794844983,-1.8785135175212,-0.0164655690713691,0.487723150026322,0.240509824965134,-0.0428205499625177,"negligible",-0.0677052342712968,0.948279785756694,5.83678342065445,5,5,-0.615599147902847,0.582668009760109,0.981049713558222,FALSE,"NS"
"P49908","HexNAc.4.Hex.5.NeuAc.1....N...rare1","Healthy","MECFS",-1.28970994910004,-1.25833787967878,0.0313720694212571,0.714614716172577,0.736565095220332,0.043231694577311,"negligible",0.0683553109865266,0.947181909787457,7.99268868025306,5,5,-1.02715054366887,1.08989468251139,0.981049713558222,FALSE,"NS"
"P02787","HexNAc.3.Hex.4.NeuAc.1....N...rare1","Healthy","MECFS",-0.0586240562725924,-0.0735671682428594,-0.0149431119702669,0.423958590966733,0.44596035083057,-0.0343441996716561,"negligible",-0.0543029476890202,0.958028746053588,7.97960877006433,5,5,-0.649792838403501,0.619906614462967,0.98899950293032,FALSE,"NS"
"P01871","HexNAc.5.Hex.5.NeuAc.2.Fuc.1....N...rare1","Healthy","MECFS",1.51336413357932,1.53951300830577,0.02614887472645,0.88905193074513,0.88274177831669,0.0295166516950733,"negligible",0.0466699241291507,0.963920362910095,7.99959414554462,5,5,-1.26590263132519,1.31820038077809,0.991874701085563,FALSE,"NS"
"P17936","HexNAc.4.Hex.5.NeuAc.1.Fuc.1....N...rare1","Healthy","MECFS",-0.557030489169896,-0.564590062172578,-0.00755957300268151,0.199899922450806,0.338910398472444,-0.0271705480760666,"negligible",-0.0429604085977382,0.967026065567762,6.48271165670322,5,5,-0.430479394170765,0.415360248165402,0.991874701085563,FALSE,"NS"
"P17936","HexNAc.4.Hex.5.NeuAc.2.Fuc.1....N...rare1","Healthy","MECFS",0.557030489169896,0.564590062172578,0.00755957300268151,0.199899922450806,0.338910398472444,0.0271705480760666,"negligible",0.0429604085977382,0.967026065567762,6.48271165670322,5,5,-0.415360248165401,0.430479394170764,0.991874701085563,FALSE,"NS"
"P43652","HexNAc.4.Hex.5.NeuAc.2....N...rare1","Healthy","MECFS",3.77344116242607,3.7679083593516,-0.00553280307447546,0.295238525344725,0.121808960248402,-0.0244992783499598,"negligible",-0.0387367603081624,0.970511394610852,5.32341953782501,5,5,-0.366082225790398,0.355016619641447,0.993322559868799,FALSE,"NS"
"O75882","HexNAc.4.Hex.5.NeuAc.1.Fuc.1....N...rare1","Healthy","MECFS",-0.385781710184507,-0.39760509947657,-0.0118233892920629,0.744071862504774,0.563641916236626,-0.0179128368750656,"negligible",-0.0283226819401302,0.978148336666512,7.45345044733374,5,5,-0.986898381871875,0.963251603287749,0.995069791527496,FALSE,"NS"
"P01591","HexNAc.5.Hex.5....N...rare1","Healthy","MECFS",-0.560687164601022,-0.576013431708272,-0.0153262671072506,1.2537346141595,0.810561436485857,-0.0145181059421231,"negligible",-0.0229551410443669,0.982340711509578,6.84655408672997,5,5,-1.60129646093163,1.57064392671713,0.995069791527496,FALSE,"NS"
"P02765","HexNAc.4.Hex.5.NeuAc.2.Fuc.1....N...rare1","Healthy","MECFS",0.887009333904934,0.890841415731931,0.00383208182699768,0.198787321732164,0.240623982248295,0.017363367464257,"negligible",0.0274538945187573,0.978793651353892,7.7249027610452,5,5,-0.320051804980476,0.327715968634471,0.995069791527496,FALSE,"NS"
"P0C0L4","HexNAc.4.Hex.5.NeuAc.2.Fuc.1....N...rare1","Healthy","MECFS",-1.16268636739084,-1.15466418239604,0.00802218499480212,0.177187370315029,0.6847356520411,0.0160402276965567,"negligible",0.0253618268544177,0.980844312686966,4.53329403349798,5,5,-0.830911782708346,0.84695615269795,0.995069791527496,FALSE,"NS"
"Q14624","HexNAc.4.Hex.5.NeuAc.2....N...rare1","Healthy","MECFS",1.27888234622101,1.29201204885676,0.0131297026357517,0.884118594787747,0.959823761444106,0.0142289164311636,"negligible",0.0224978922793357,0.982605451758884,7.94660078424348,5,5,-1.33422314545104,1.36048255072254,0.995069791527496,FALSE,"NS"
"P06681","HexNAc.2.Hex.8....N...rare1","Healthy","MECFS",-0.0730570910183213,-0.0703685840358395,0.0026885069824818,0.212049400033705,0.396979937258963,0.00844795217245584,"negligible",0.013357385214564,0.989768111957718,6.11075035090528,5,5,-0.487657919121819,0.493034933086783,0.998103001321572,FALSE,"NS"
"P19652","HexNAc.5.Hex.6.NeuAc.3....N...rare1","Healthy","MECFS",1.50213713496807,1.50793096714432,0.00579383217624341,0.720449352466889,0.458972469836373,0.00959197071130923,"negligible",0.0151662373486813,0.988335678737782,6.78764034096617,5,5,-0.903304930083835,0.914892594436322,0.998103001321572,FALSE,"NS"
"O75882","HexNAc.4.Hex.5.NeuAc.1....N...rare1","Healthy","MECFS",0.541821283784732,0.543391146115805,0.00156986233107315,0.658538431829525,0.247522497867609,0.00315573247028563,"negligible",0.00498965114612611,0.996207872024837,5.10808855588975,5,5,-0.802075608879754,0.8052153335419,0.999231707879234,FALSE,"NS"
"P01591","HexNAc.5.Hex.5.NeuAc.1.Fuc.1....N...rare1","Healthy","MECFS",-0.795500346745185,-0.795871409432106,-0.00037106268692022,0.671134133022212,0.493311159761148,-0.000630017129118071,"negligible",-0.000996144546466746,0.999231707879234,7.34565783446356,5,5,-0.872857849468457,0.872115724094616,0.999231707879234,FALSE,"NS"
"P10909","HexNAc.5.Hex.6.NeuAc.1....N...rare1","Healthy","MECFS",0.310388353639218,0.309959099463787,-0.000429254175431659,0.155954285314502,0.1328723396571,-0.00296295375859128,"negligible",-0.00468484123945257,0.996379600537197,7.80317864417368,5,5,-0.212650900713489,0.211792392362626,0.999231707879234,FALSE,"NS"
"P25311","HexNAc.4.Hex.5.NeuAc.2.Fuc.1....N...rare1","Healthy","MECFS",-1.02335922808707,-1.02377331061922,-0.000414082532149918,0.237419887547936,0.370369753102717,-0.0013311112200863,"negligible",-0.0021046716372392,0.998381016420904,6.81248828135633,5,5,-0.468249337893764,0.467421172829464,0.999231707879234,FALSE,"NS"
"O75882","HexNAc.2.Hex.10....N...rare1","Healthy","MECFS",0,0,0,0,0,NA,"NA",NA,NA,NA,5,5,NA,NA,NA,NA,"NS"
"O75882","HexNAc.3.Hex.4.NeuAc.1....N...rare1","Healthy","MECFS",0,0,0,0,0,NA,"NA",NA,NA,NA,5,5,NA,NA,NA,NA,"NS"
"O75882","HexNAc.3.Hex.4.NeuAc.1.Fuc.1....N...rare1","Healthy","MECFS",0,0,0,0,0,NA,"NA",NA,NA,NA,5,5,NA,NA,NA,NA,"NS"
"O75882","HexNAc.3.Hex.5....N...rare1","Healthy","MECFS",0,0,0,0,0,NA,"NA",NA,NA,NA,5,5,NA,NA,NA,NA,"NS"
"O75882","HexNAc.3.Hex.5.NeuAc.1....N...rare1","Healthy","MECFS",0,0,0,0,0,NA,"NA",NA,NA,NA,5,5,NA,NA,NA,NA,"NS"
"O75882","HexNAc.4.Hex.3....N...rare1","Healthy","MECFS",0,0,0,0,0,NA,"NA",NA,NA,NA,5,5,NA,NA,NA,NA,"NS"
"O75882","HexNAc.4.Hex.3.Fuc.1....N...rare1","Healthy","MECFS",0,0,0,0,0,NA,"NA",NA,NA,NA,5,5,NA,NA,NA,NA,"NS"
"O75882","HexNAc.4.Hex.4....N...rare1","Healthy","MECFS",0,0,0,0,0,NA,"NA",NA,NA,NA,5,5,NA,NA,NA,NA,"NS"
"O75882","HexNAc.4.Hex.4.Fuc.1....N...rare1","Healthy","MECFS",0,0,0,0,0,NA,"NA",NA,NA,NA,5,5,NA,NA,NA,NA,"NS"
"O75882","HexNAc.4.Hex.4.NeuAc.1....N...rare1","Healthy","MECFS",0,0,0,0,0,NA,"NA",NA,NA,NA,5,5,NA,NA,NA,NA,"NS"
"O75882","HexNAc.4.Hex.5....N...rare1","Healthy","MECFS",0,0,0,0,0,NA,"NA",NA,NA,NA,5,5,NA,NA,NA,NA,"NS"
"O75882","HexNAc.4.Hex.5.Fuc.1....N...rare1","Healthy","MECFS",0,0,0,0,0,NA,"NA",NA,NA,NA,5,5,NA,NA,NA,NA,"NS"
"O75882","HexNAc.4.Hex.6.NeuAc.1....N...rare1","Healthy","MECFS",0,0,0,0,0,NA,"NA",NA,NA,NA,5,5,NA,NA,NA,NA,"NS"
"O75882","HexNAc.5.Hex.3....N...rare1","Healthy","MECFS",0,0,0,0,0,NA,"NA",NA,NA,NA,5,5,NA,NA,NA,NA,"NS"
"O75882","HexNAc.5.Hex.3.Fuc.1....N...rare1","Healthy","MECFS",0,0,0,0,0,NA,"NA",NA,NA,NA,5,5,NA,NA,NA,NA,"NS"
"O75882","HexNAc.5.Hex.4....N...rare1","Healthy","MECFS",0,0,0,0,0,NA,"NA",NA,NA,NA,5,5,NA,NA,NA,NA,"NS"
"O75882","HexNAc.5.Hex.4.Fuc.1....N...rare1","Healthy","MECFS",0,0,0,0,0,NA,"NA",NA,NA,NA,5,5,NA,NA,NA,NA,"NS"
"O75882","HexNAc.5.Hex.4.NeuAc.1....N...rare1","Healthy","MECFS",0,0,0,0,0,NA,"NA",NA,NA,NA,5,5,NA,NA,NA,NA,"NS"
"O75882","HexNAc.5.Hex.4.NeuAc.1.Fuc.1....N...rare1","Healthy","MECFS",0,0,0,0,0,NA,"NA",NA,NA,NA,5,5,NA,NA,NA,NA,"NS"
"O75882","HexNAc.5.Hex.5....N...rare1","Healthy","MECFS",0,0,0,0,0,NA,"NA",NA,NA,NA,5,5,NA,NA,NA,NA,"NS"
"O75882","HexNAc.5.Hex.5.Fuc.1....N...rare1","Healthy","MECFS",0,0,0,0,0,NA,"NA",NA,NA,NA,5,5,NA,NA,NA,NA,"NS"
"O75882","HexNAc.5.Hex.5.NeuAc.1....N...rare1","Healthy","MECFS",0,0,0,0,0,NA,"NA",NA,NA,NA,5,5,NA,NA,NA,NA,"NS"
"O75882","HexNAc.5.Hex.5.NeuAc.1.Fuc.1....N...rare1","Healthy","MECFS",0,0,0,0,0,NA,"NA",NA,NA,NA,5,5,NA,NA,NA,NA,"NS"
"O75882","HexNAc.5.Hex.5.NeuAc.2.Fuc.1....N...rare1","Healthy","MECFS",0,0,0,0,0,NA,"NA",NA,NA,NA,5,5,NA,NA,NA,NA,"NS"
"O75882","HexNAc.5.Hex.6.NeuAc.1....N...rare1","Healthy","MECFS",0,0,0,0,0,NA,"NA",NA,NA,NA,5,5,NA,NA,NA,NA,"NS"
"O75882","HexNAc.5.Hex.6.NeuAc.2....N...rare1","Healthy","MECFS",0,0,0,0,0,NA,"NA",NA,NA,NA,5,5,NA,NA,NA,NA,"NS"
"O75882","HexNAc.5.Hex.6.NeuAc.2.Fuc.1....N...rare1","Healthy","MECFS",0,0,0,0,0,NA,"NA",NA,NA,NA,5,5,NA,NA,NA,NA,"NS"
"O75882","HexNAc.6.Hex.7.NeuAc.1....N...rare1","Healthy","MECFS",0,0,0,0,0,NA,"NA",NA,NA,NA,5,5,NA,NA,NA,NA,"NS"
"O75882","HexNAc.6.Hex.7.NeuAc.2.Fuc.1....N...rare1","Healthy","MECFS",0,0,0,0,0,NA,"NA",NA,NA,NA,5,5,NA,NA,NA,NA,"NS"
"O95445","HexNAc.2.Hex.10....N...rare1","Healthy","MECFS",0,0,0,0,0,NA,"NA",NA,NA,NA,5,5,NA,NA,NA,NA,"NS"
"O95445","HexNAc.2.Hex.5....N...rare1","Healthy","MECFS",0,0,0,0,0,NA,"NA",NA,NA,NA,5,5,NA,NA,NA,NA,"NS"
"O95445","HexNAc.2.Hex.6....N...rare1","Healthy","MECFS",0,0,0,0,0,NA,"NA",NA,NA,NA,5,5,NA,NA,NA,NA,"NS"
"O95445","HexNAc.2.Hex.7....N...rare1","Healthy","MECFS",0,0,0,0,0,NA,"NA",NA,NA,NA,5,5,NA,NA,NA,NA,"NS"
"O95445","HexNAc.2.Hex.8....N...rare1","Healthy","MECFS",0,0,0,0,0,NA,"NA",NA,NA,NA,5,5,NA,NA,NA,NA,"NS"
"O95445","HexNAc.2.Hex.9....N...rare1","Healthy","MECFS",0,0,0,0,0,NA,"NA",NA,NA,NA,5,5,NA,NA,NA,NA,"NS"
"O95445","HexNAc.3.Hex.4.NeuAc.1....N...rare1","Healthy","MECFS",0,0,0,0,0,NA,"NA",NA,NA,NA,5,5,NA,NA,NA,NA,"NS"
"O95445","HexNAc.3.Hex.4.NeuAc.1.Fuc.1....N...rare1","Healthy","MECFS",0,0,0,0,0,NA,"NA",NA,NA,NA,5,5,NA,NA,NA,NA,"NS"
"O95445","HexNAc.3.Hex.5....N...rare1","Healthy","MECFS",0,0,0,0,0,NA,"NA",NA,NA,NA,5,5,NA,NA,NA,NA,"NS"
"O95445","HexNAc.3.Hex.6....N...rare1","Healthy","MECFS",0,0,0,0,0,NA,"NA",NA,NA,NA,5,5,NA,NA,NA,NA,"NS"
"O95445","HexNAc.4.Hex.3....N...rare1","Healthy","MECFS",0,0,0,0,0,NA,"NA",NA,NA,NA,5,5,NA,NA,NA,NA,"NS"
"O95445","HexNAc.4.Hex.3.Fuc.1....N...rare1","Healthy","MECFS",0,0,0,0,0,NA,"NA",NA,NA,NA,5,5,NA,NA,NA,NA,"NS"
"O95445","HexNAc.4.Hex.4....N...rare1","Healthy","MECFS",0,0,0,0,0,NA,"NA",NA,NA,NA,5,5,NA,NA,NA,NA,"NS"
"O95445","HexNAc.4.Hex.4.Fuc.1....N...rare1","Healthy","MECFS",0,0,0,0,0,NA,"NA",NA,NA,NA,5,5,NA,NA,NA,NA,"NS"
"O95445","HexNAc.4.Hex.5....N...rare1","Healthy","MECFS",0,0,0,0,0,NA,"NA",NA,NA,NA,5,5,NA,NA,NA,NA,"NS"
"O95445","HexNAc.4.Hex.5.Fuc.1....N...rare1","Healthy","MECFS",0,0,0,0,0,NA,"NA",NA,NA,NA,5,5,NA,NA,NA,NA,"NS"
"O95445","HexNAc.4.Hex.5.NeuAc.1.Fuc.1....N...rare1","Healthy","MECFS",0,0,0,0,0,NA,"NA",NA,NA,NA,5,5,NA,NA,NA,NA,"NS"
"O95445","HexNAc.4.Hex.5.NeuAc.2.Fuc.1....N...rare1","Healthy","MECFS",0,0,0,0,0,NA,"NA",NA,NA,NA,5,5,NA,NA,NA,NA,"NS"
"O95445","HexNAc.4.Hex.6.NeuAc.1....N...rare1","Healthy","MECFS",0,0,0,0,0,NA,"NA",NA,NA,NA,5,5,NA,NA,NA,NA,"NS"
"O95445","HexNAc.5.Hex.3....N...rare1","Healthy","MECFS",0,0,0,0,0,NA,"NA",NA,NA,NA,5,5,NA,NA,NA,NA,"NS"
"O95445","HexNAc.5.Hex.3.Fuc.1....N...rare1","Healthy","MECFS",0,0,0,0,0,NA,"NA",NA,NA,NA,5,5,NA,NA,NA,NA,"NS"
"O95445","HexNAc.5.Hex.4....N...rare1","Healthy","MECFS",0,0,0,0,0,NA,"NA",NA,NA,NA,5,5,NA,NA,NA,NA,"NS"
"O95445","HexNAc.5.Hex.4.Fuc.1....N...rare1","Healthy","MECFS",0,0,0,0,0,NA,"NA",NA,NA,NA,5,5,NA,NA,NA,NA,"NS"
"O95445","HexNAc.5.Hex.4.NeuAc.1....N...rare1","Healthy","MECFS",0,0,0,0,0,NA,"NA",NA,NA,NA,5,5,NA,NA,NA,NA,"NS"
"O95445","HexNAc.5.Hex.4.NeuAc.1.Fuc.1....N...rare1","Healthy","MECFS",0,0,0,0,0,NA,"NA",NA,NA,NA,5,5,NA,NA,NA,NA,"NS"
"O95445","HexNAc.5.Hex.5....N...rare1","Healthy","MECFS",0,0,0,0,0,NA,"NA",NA,NA,NA,5,5,NA,NA,NA,NA,"NS"
"O95445","HexNAc.5.Hex.5.Fuc.1....N...rare1","Healthy","MECFS",0,0,0,0,0,NA,"NA",NA,NA,NA,5,5,NA,NA,NA,NA,"NS"
"O95445","HexNAc.5.Hex.5.NeuAc.1....N...rare1","Healthy","MECFS",0,0,0,0,0,NA,"NA",NA,NA,NA,5,5,NA,NA,NA,NA,"NS"
"O95445","HexNAc.5.Hex.5.NeuAc.2.Fuc.1....N...rare1","Healthy","MECFS",0,0,0,0,0,NA,"NA",NA,NA,NA,5,5,NA,NA,NA,NA,"NS"
"O95445","HexNAc.5.Hex.6.NeuAc.1....N...rare1","Healthy","MECFS",0,0,0,0,0,NA,"NA",NA,NA,NA,5,5,NA,NA,NA,NA,"NS"
"O95445","HexNAc.5.Hex.6.NeuAc.2....N...rare1","Healthy","MECFS",0,0,0,0,0,NA,"NA",NA,NA,NA,5,5,NA,NA,NA,NA,"NS"
"O95445","HexNAc.5.Hex.6.NeuAc.2.Fuc.1....N...rare1","Healthy","MECFS",0,0,0,0,0,NA,"NA",NA,NA,NA,5,5,NA,NA,NA,NA,"NS"
"O95445","HexNAc.5.Hex.6.NeuAc.3....N...rare1","Healthy","MECFS",0,0,0,0,0,NA,"NA",NA,NA,NA,5,5,NA,NA,NA,NA,"NS"
"O95445","HexNAc.6.Hex.7.NeuAc.1....N...rare1","Healthy","MECFS",0,0,0,0,0,NA,"NA",NA,NA,NA,5,5,NA,NA,NA,NA,"NS"
"O95445","HexNAc.6.Hex.7.NeuAc.2.Fuc.1....N...rare1","Healthy","MECFS",0,0,0,0,0,NA,"NA",NA,NA,NA,5,5,NA,NA,NA,NA,"NS"
"P00450","HexNAc.2.Hex.10....N...rare1","Healthy","MECFS",0,0,0,0,0,NA,"NA",NA,NA,NA,5,5,NA,NA,NA,NA,"NS"
"P00450","HexNAc.2.Hex.5....N...rare1","Healthy","MECFS",0,0,0,0,0,NA,"NA",NA,NA,NA,5,5,NA,NA,NA,NA,"NS"
"P00450","HexNAc.2.Hex.6....N...rare1","Healthy","MECFS",0,0,0,0,0,NA,"NA",NA,NA,NA,5,5,NA,NA,NA,NA,"NS"
"P00450","HexNAc.2.Hex.7....N...rare1","Healthy","MECFS",0,0,0,0,0,NA,"NA",NA,NA,NA,5,5,NA,NA,NA,NA,"NS"
"P00450","HexNAc.2.Hex.8....N...rare1","Healthy","MECFS",0,0,0,0,0,NA,"NA",NA,NA,NA,5,5,NA,NA,NA,NA,"NS"
"P00450","HexNAc.2.Hex.9....N...rare1","Healthy","MECFS",0,0,0,0,0,NA,"NA",NA,NA,NA,5,5,NA,NA,NA,NA,"NS"
"P00450","HexNAc.3.Hex.4.NeuAc.1.Fuc.1....N...rare1","Healthy","MECFS",0,0,0,0,0,NA,"NA",NA,NA,NA,5,5,NA,NA,NA,NA,"NS"
"P00450","HexNAc.3.Hex.5....N...rare1","Healthy","MECFS",0,0,0,0,0,NA,"NA",NA,NA,NA,5,5,NA,NA,NA,NA,"NS"
"P00450","HexNAc.3.Hex.5.NeuAc.1....N...rare1","Healthy","MECFS",0,0,0,0,0,NA,"NA",NA,NA,NA,5,5,NA,NA,NA,NA,"NS"
"P00450","HexNAc.3.Hex.6....N...rare1","Healthy","MECFS",0,0,0,0,0,NA,"NA",NA,NA,NA,5,5,NA,NA,NA,NA,"NS"
"P00450","HexNAc.3.Hex.6.NeuAc.1....N...rare1","Healthy","MECFS",0,0,0,0,0,NA,"NA",NA,NA,NA,5,5,NA,NA,NA,NA,"NS"
"P00450","HexNAc.4.Hex.3....N...rare1","Healthy","MECFS",0,0,0,0,0,NA,"NA",NA,NA,NA,5,5,NA,NA,NA,NA,"NS"
"P00450","HexNAc.4.Hex.3.Fuc.1....N...rare1","Healthy","MECFS",0,0,0,0,0,NA,"NA",NA,NA,NA,5,5,NA,NA,NA,NA,"NS"
"P00450","HexNAc.4.Hex.4....N...rare1","Healthy","MECFS",0,0,0,0,0,NA,"NA",NA,NA,NA,5,5,NA,NA,NA,NA,"NS"
"P00450","HexNAc.4.Hex.4.Fuc.1....N...rare1","Healthy","MECFS",0,0,0,0,0,NA,"NA",NA,NA,NA,5,5,NA,NA,NA,NA,"NS"
"P00450","HexNAc.4.Hex.4.NeuAc.1....N...rare1","Healthy","MECFS",0,0,0,0,0,NA,"NA",NA,NA,NA,5,5,NA,NA,NA,NA,"NS"
"P00450","HexNAc.4.Hex.5.Fuc.1....N...rare1","Healthy","MECFS",0,0,0,0,0,NA,"NA",NA,NA,NA,5,5,NA,NA,NA,NA,"NS"
"P00450","HexNAc.4.Hex.6.NeuAc.1....N...rare1","Healthy","MECFS",0,0,0,0,0,NA,"NA",NA,NA,NA,5,5,NA,NA,NA,NA,"NS"
"P00450","HexNAc.5.Hex.3....N...rare1","Healthy","MECFS",0,0,0,0,0,NA,"NA",NA,NA,NA,5,5,NA,NA,NA,NA,"NS"
"P00450","HexNAc.5.Hex.3.Fuc.1....N...rare1","Healthy","MECFS",0,0,0,0,0,NA,"NA",NA,NA,NA,5,5,NA,NA,NA,NA,"NS"
"P00450","HexNAc.5.Hex.4....N...rare1","Healthy","MECFS",0,0,0,0,0,NA,"NA",NA,NA,NA,5,5,NA,NA,NA,NA,"NS"
"P00450","HexNAc.5.Hex.4.Fuc.1....N...rare1","Healthy","MECFS",0,0,0,0,0,NA,"NA",NA,NA,NA,5,5,NA,NA,NA,NA,"NS"
"P00450","HexNAc.5.Hex.4.NeuAc.1....N...rare1","Healthy","MECFS",0,0,0,0,0,NA,"NA",NA,NA,NA,5,5,NA,NA,NA,NA,"NS"
"P00450","HexNAc.5.Hex.4.NeuAc.1.Fuc.1....N...rare1","Healthy","MECFS",0,0,0,0,0,NA,"NA",NA,NA,NA,5,5,NA,NA,NA,NA,"NS"
"P00450","HexNAc.5.Hex.5.Fuc.1....N...rare1","Healthy","MECFS",0,0,0,0,0,NA,"NA",NA,NA,NA,5,5,NA,NA,NA,NA,"NS"
"P00450","HexNAc.5.Hex.5.NeuAc.1....N...rare1","Healthy","MECFS",0,0,0,0,0,NA,"NA",NA,NA,NA,5,5,NA,NA,NA,NA,"NS"
"P00450","HexNAc.5.Hex.5.NeuAc.1.Fuc.1....N...rare1","Healthy","MECFS",0,0,0,0,0,NA,"NA",NA,NA,NA,5,5,NA,NA,NA,NA,"NS"
"P00450","HexNAc.5.Hex.5.NeuAc.2.Fuc.1....N...rare1","Healthy","MECFS",0,0,0,0,0,NA,"NA",NA,NA,NA,5,5,NA,NA,NA,NA,"NS"
"P00450","HexNAc.5.Hex.6.NeuAc.1....N...rare1","Healthy","MECFS",0,0,0,0,0,NA,"NA",NA,NA,NA,5,5,NA,NA,NA,NA,"NS"
"P00450","HexNAc.6.Hex.7.NeuAc.1....N...rare1","Healthy","MECFS",0,0,0,0,0,NA,"NA",NA,NA,NA,5,5,NA,NA,NA,NA,"NS"
"P00450","HexNAc.6.Hex.7.NeuAc.2.Fuc.1....N...rare1","Healthy","MECFS",0,0,0,0,0,NA,"NA",NA,NA,NA,5,5,NA,NA,NA,NA,"NS"
"P00734","HexNAc.2.Hex.10....N...rare1","Healthy","MECFS",0,0,0,0,0,NA,"NA",NA,NA,NA,5,5,NA,NA,NA,NA,"NS"
"P00734","HexNAc.2.Hex.5....N...rare1","Healthy","MECFS",0,0,0,0,0,NA,"NA",NA,NA,NA,5,5,NA,NA,NA,NA,"NS"
"P00734","HexNAc.2.Hex.6....N...rare1","Healthy","MECFS",0,0,0,0,0,NA,"NA",NA,NA,NA,5,5,NA,NA,NA,NA,"NS"
"P00734","HexNAc.2.Hex.7....N...rare1","Healthy","MECFS",0,0,0,0,0,NA,"NA",NA,NA,NA,5,5,NA,NA,NA,NA,"NS"
"P00734","HexNAc.2.Hex.8....N...rare1","Healthy","MECFS",0,0,0,0,0,NA,"NA",NA,NA,NA,5,5,NA,NA,NA,NA,"NS"
"P00734","HexNAc.2.Hex.9....N...rare1","Healthy","MECFS",0,0,0,0,0,NA,"NA",NA,NA,NA,5,5,NA,NA,NA,NA,"NS"
"P00734","HexNAc.3.Hex.4.NeuAc.1.Fuc.1....N...rare1","Healthy","MECFS",0,0,0,0,0,NA,"NA",NA,NA,NA,5,5,NA,NA,NA,NA,"NS"
"P00734","HexNAc.3.Hex.5....N...rare1","Healthy","MECFS",0,0,0,0,0,NA,"NA",NA,NA,NA,5,5,NA,NA,NA,NA,"NS"
"P00734","HexNAc.3.Hex.5.NeuAc.1....N...rare1","Healthy","MECFS",0,0,0,0,0,NA,"NA",NA,NA,NA,5,5,NA,NA,NA,NA,"NS"
"P00734","HexNAc.3.Hex.6....N...rare1","Healthy","MECFS",0,0,0,0,0,NA,"NA",NA,NA,NA,5,5,NA,NA,NA,NA,"NS"
"P00734","HexNAc.3.Hex.6.NeuAc.1....N...rare1","Healthy","MECFS",0,0,0,0,0,NA,"NA",NA,NA,NA,5,5,NA,NA,NA,NA,"NS"
"P00734","HexNAc.4.Hex.3....N...rare1","Healthy","MECFS",0,0,0,0,0,NA,"NA",NA,NA,NA,5,5,NA,NA,NA,NA,"NS"
"P00734","HexNAc.4.Hex.3.Fuc.1....N...rare1","Healthy","MECFS",0,0,0,0,0,NA,"NA",NA,NA,NA,5,5,NA,NA,NA,NA,"NS"
"P00734","HexNAc.4.Hex.4....N...rare1","Healthy","MECFS",0,0,0,0,0,NA,"NA",NA,NA,NA,5,5,NA,NA,NA,NA,"NS"
"P00734","HexNAc.4.Hex.4.Fuc.1....N...rare1","Healthy","MECFS",0,0,0,0,0,NA,"NA",NA,NA,NA,5,5,NA,NA,NA,NA,"NS"
"P00734","HexNAc.4.Hex.4.NeuAc.1....N...rare1","Healthy","MECFS",0,0,0,0,0,NA,"NA",NA,NA,NA,5,5,NA,NA,NA,NA,"NS"
"P00734","HexNAc.4.Hex.5....N...rare1","Healthy","MECFS",0,0,0,0,0,NA,"NA",NA,NA,NA,5,5,NA,NA,NA,NA,"NS"
"P00734","HexNAc.4.Hex.5.Fuc.1....N...rare1","Healthy","MECFS",0,0,0,0,0,NA,"NA",NA,NA,NA,5,5,NA,NA,NA,NA,"NS"
"P00734","HexNAc.4.Hex.6.NeuAc.1....N...rare1","Healthy","MECFS",0,0,0,0,0,NA,"NA",NA,NA,NA,5,5,NA,NA,NA,NA,"NS"
"P00734","HexNAc.5.Hex.3....N...rare1","Healthy","MECFS",0,0,0,0,0,NA,"NA",NA,NA,NA,5,5,NA,NA,NA,NA,"NS"
"P00734","HexNAc.5.Hex.3.Fuc.1....N...rare1","Healthy","MECFS",0,0,0,0,0,NA,"NA",NA,NA,NA,5,5,NA,NA,NA,NA,"NS"
"P00734","HexNAc.5.Hex.4....N...rare1","Healthy","MECFS",0,0,0,0,0,NA,"NA",NA,NA,NA,5,5,NA,NA,NA,NA,"NS"
"P00734","HexNAc.5.Hex.4.Fuc.1....N...rare1","Healthy","MECFS",0,0,0,0,0,NA,"NA",NA,NA,NA,5,5,NA,NA,NA,NA,"NS"
"P00734","HexNAc.5.Hex.4.NeuAc.1....N...rare1","Healthy","MECFS",0,0,0,0,0,NA,"NA",NA,NA,NA,5,5,NA,NA,NA,NA,"NS"
"P00734","HexNAc.5.Hex.4.NeuAc.1.Fuc.1....N...rare1","Healthy","MECFS",0,0,0,0,0,NA,"NA",NA,NA,NA,5,5,NA,NA,NA,NA,"NS"
"P00734","HexNAc.5.Hex.5....N...rare1","Healthy","MECFS",0,0,0,0,0,NA,"NA",NA,NA,NA,5,5,NA,NA,NA,NA,"NS"
"P00734","HexNAc.5.Hex.5.Fuc.1....N...rare1","Healthy","MECFS",0,0,0,0,0,NA,"NA",NA,NA,NA,5,5,NA,NA,NA,NA,"NS"
"P00734","HexNAc.5.Hex.5.NeuAc.1....N...rare1","Healthy","MECFS",0,0,0,0,0,NA,"NA",NA,NA,NA,5,5,NA,NA,NA,NA,"NS"
"P00734","HexNAc.5.Hex.5.NeuAc.1.Fuc.1....N...rare1","Healthy","MECFS",0,0,0,0,0,NA,"NA",NA,NA,NA,5,5,NA,NA,NA,NA,"NS"
"P00734","HexNAc.5.Hex.5.NeuAc.2.Fuc.1....N...rare1","Healthy","MECFS",0,0,0,0,0,NA,"NA",NA,NA,NA,5,5,NA,NA,NA,NA,"NS"
"P00734","HexNAc.5.Hex.6.NeuAc.1....N...rare1","Healthy","MECFS",0,0,0,0,0,NA,"NA",NA,NA,NA,5,5,NA,NA,NA,NA,"NS"
"P00734","HexNAc.5.Hex.6.NeuAc.2.Fuc.1....N...rare1","Healthy","MECFS",0,0,0,0,0,NA,"NA",NA,NA,NA,5,5,NA,NA,NA,NA,"NS"
"P00734","HexNAc.6.Hex.7.NeuAc.1....N...rare1","Healthy","MECFS",0,0,0,0,0,NA,"NA",NA,NA,NA,5,5,NA,NA,NA,NA,"NS"
"P00734","HexNAc.6.Hex.7.NeuAc.2.Fuc.1....N...rare1","Healthy","MECFS",0,0,0,0,0,NA,"NA",NA,NA,NA,5,5,NA,NA,NA,NA,"NS"
"P00736","HexNAc.2.Hex.10....N...rare1","Healthy","MECFS",0,0,0,0,0,NA,"NA",NA,NA,NA,5,5,NA,NA,NA,NA,"NS"
"P00736","HexNAc.2.Hex.5....N...rare1","Healthy","MECFS",0,0,0,0,0,NA,"NA",NA,NA,NA,5,5,NA,NA,NA,NA,"NS"
"P00736","HexNAc.2.Hex.6....N...rare1","Healthy","MECFS",0,0,0,0,0,NA,"NA",NA,NA,NA,5,5,NA,NA,NA,NA,"NS"
"P00736","HexNAc.2.Hex.7....N...rare1","Healthy","MECFS",0,0,0,0,0,NA,"NA",NA,NA,NA,5,5,NA,NA,NA,NA,"NS"
"P00736","HexNAc.2.Hex.8....N...rare1","Healthy","MECFS",0,0,0,0,0,NA,"NA",NA,NA,NA,5,5,NA,NA,NA,NA,"NS"
"P00736","HexNAc.2.Hex.9....N...rare1","Healthy","MECFS",0,0,0,0,0,NA,"NA",NA,NA,NA,5,5,NA,NA,NA,NA,"NS"
"P00736","HexNAc.3.Hex.4.NeuAc.1....N...rare1","Healthy","MECFS",0,0,0,0,0,NA,"NA",NA,NA,NA,5,5,NA,NA,NA,NA,"NS"
"P00736","HexNAc.3.Hex.4.NeuAc.1.Fuc.1....N...rare1","Healthy","MECFS",0,0,0,0,0,NA,"NA",NA,NA,NA,5,5,NA,NA,NA,NA,"NS"
"P00736","HexNAc.3.Hex.5....N...rare1","Healthy","MECFS",0,0,0,0,0,NA,"NA",NA,NA,NA,5,5,NA,NA,NA,NA,"NS"
"P00736","HexNAc.3.Hex.5.NeuAc.1....N...rare1","Healthy","MECFS",0,0,0,0,0,NA,"NA",NA,NA,NA,5,5,NA,NA,NA,NA,"NS"
"P00736","HexNAc.3.Hex.6....N...rare1","Healthy","MECFS",0,0,0,0,0,NA,"NA",NA,NA,NA,5,5,NA,NA,NA,NA,"NS"
"P00736","HexNAc.3.Hex.6.NeuAc.1....N...rare1","Healthy","MECFS",0,0,0,0,0,NA,"NA",NA,NA,NA,5,5,NA,NA,NA,NA,"NS"
"P00736","HexNAc.4.Hex.3....N...rare1","Healthy","MECFS",0,0,0,0,0,NA,"NA",NA,NA,NA,5,5,NA,NA,NA,NA,"NS"
"P00736","HexNAc.4.Hex.3.Fuc.1....N...rare1","Healthy","MECFS",0,0,0,0,0,NA,"NA",NA,NA,NA,5,5,NA,NA,NA,NA,"NS"
"P00736","HexNAc.4.Hex.4....N...rare1","Healthy","MECFS",0,0,0,0,0,NA,"NA",NA,NA,NA,5,5,NA,NA,NA,NA,"NS"
"P00736","HexNAc.4.Hex.4.Fuc.1....N...rare1","Healthy","MECFS",0,0,0,0,0,NA,"NA",NA,NA,NA,5,5,NA,NA,NA,NA,"NS"
"P00736","HexNAc.4.Hex.4.NeuAc.1....N...rare1","Healthy","MECFS",0,0,0,0,0,NA,"NA",NA,NA,NA,5,5,NA,NA,NA,NA,"NS"
"P00736","HexNAc.4.Hex.5....N...rare1","Healthy","MECFS",0,0,0,0,0,NA,"NA",NA,NA,NA,5,5,NA,NA,NA,NA,"NS"
"P00736","HexNAc.4.Hex.5.Fuc.1....N...rare1","Healthy","MECFS",0,0,0,0,0,NA,"NA",NA,NA,NA,5,5,NA,NA,NA,NA,"NS"
"P00736","HexNAc.4.Hex.5.NeuAc.1....N...rare1","Healthy","MECFS",0,0,0,0,0,NA,"NA",NA,NA,NA,5,5,NA,NA,NA,NA,"NS"
"P00736","HexNAc.4.Hex.5.NeuAc.1.Fuc.1....N...rare1","Healthy","MECFS",0,0,0,0,0,NA,"NA",NA,NA,NA,5,5,NA,NA,NA,NA,"NS"
"P00736","HexNAc.4.Hex.5.NeuAc.2....N...rare1","Healthy","MECFS",0,0,0,0,0,NA,"NA",NA,NA,NA,5,5,NA,NA,NA,NA,"NS"
"P00736","HexNAc.4.Hex.5.NeuAc.2.Fuc.1....N...rare1","Healthy","MECFS",0,0,0,0,0,NA,"NA",NA,NA,NA,5,5,NA,NA,NA,NA,"NS"
"P00736","HexNAc.4.Hex.6.NeuAc.1....N...rare1","Healthy","MECFS",0,0,0,0,0,NA,"NA",NA,NA,NA,5,5,NA,NA,NA,NA,"NS"
"P00736","HexNAc.5.Hex.3....N...rare1","Healthy","MECFS",0,0,0,0,0,NA,"NA",NA,NA,NA,5,5,NA,NA,NA,NA,"NS"
"P00736","HexNAc.5.Hex.3.Fuc.1....N...rare1","Healthy","MECFS",0,0,0,0,0,NA,"NA",NA,NA,NA,5,5,NA,NA,NA,NA,"NS"
"P00736","HexNAc.5.Hex.4....N...rare1","Healthy","MECFS",0,0,0,0,0,NA,"NA",NA,NA,NA,5,5,NA,NA,NA,NA,"NS"
"P00736","HexNAc.5.Hex.4.Fuc.1....N...rare1","Healthy","MECFS",0,0,0,0,0,NA,"NA",NA,NA,NA,5,5,NA,NA,NA,NA,"NS"
"P00736","HexNAc.5.Hex.4.NeuAc.1....N...rare1","Healthy","MECFS",0,0,0,0,0,NA,"NA",NA,NA,NA,5,5,NA,NA,NA,NA,"NS"
"P00736","HexNAc.5.Hex.4.NeuAc.1.Fuc.1....N...rare1","Healthy","MECFS",0,0,0,0,0,NA,"NA",NA,NA,NA,5,5,NA,NA,NA,NA,"NS"
"P00736","HexNAc.5.Hex.5....N...rare1","Healthy","MECFS",0,0,0,0,0,NA,"NA",NA,NA,NA,5,5,NA,NA,NA,NA,"NS"
"P00736","HexNAc.5.Hex.5.Fuc.1....N...rare1","Healthy","MECFS",0,0,0,0,0,NA,"NA",NA,NA,NA,5,5,NA,NA,NA,NA,"NS"
"P00736","HexNAc.5.Hex.5.NeuAc.1....N...rare1","Healthy","MECFS",0,0,0,0,0,NA,"NA",NA,NA,NA,5,5,NA,NA,NA,NA,"NS"
"P00736","HexNAc.5.Hex.5.NeuAc.1.Fuc.1....N...rare1","Healthy","MECFS",0,0,0,0,0,NA,"NA",NA,NA,NA,5,5,NA,NA,NA,NA,"NS"
"P00736","HexNAc.5.Hex.5.NeuAc.2.Fuc.1....N...rare1","Healthy","MECFS",0,0,0,0,0,NA,"NA",NA,NA,NA,5,5,NA,NA,NA,NA,"NS"
"P00736","HexNAc.5.Hex.6.NeuAc.1....N...rare1","Healthy","MECFS",0,0,0,0,0,NA,"NA",NA,NA,NA,5,5,NA,NA,NA,NA,"NS"
"P00736","HexNAc.5.Hex.6.NeuAc.2....N...rare1","Healthy","MECFS",0,0,0,0,0,NA,"NA",NA,NA,NA,5,5,NA,NA,NA,NA,"NS"
"P00736","HexNAc.5.Hex.6.NeuAc.2.Fuc.1....N...rare1","Healthy","MECFS",0,0,0,0,0,NA,"NA",NA,NA,NA,5,5,NA,NA,NA,NA,"NS"
"P00736","HexNAc.5.Hex.6.NeuAc.3....N...rare1","Healthy","MECFS",0,0,0,0,0,NA,"NA",NA,NA,NA,5,5,NA,NA,NA,NA,"NS"
"P00736","HexNAc.6.Hex.7.NeuAc.1....N...rare1","Healthy","MECFS",0,0,0,0,0,NA,"NA",NA,NA,NA,5,5,NA,NA,NA,NA,"NS"
"P00736","HexNAc.6.Hex.7.NeuAc.2.Fuc.1....N...rare1","Healthy","MECFS",0,0,0,0,0,NA,"NA",NA,NA,NA,5,5,NA,NA,NA,NA,"NS"
"P00738","HexNAc.2.Hex.10....N...rare1","Healthy","MECFS",0,0,0,0,0,NA,"NA",NA,NA,NA,5,5,NA,NA,NA,NA,"NS"
"P00738","HexNAc.2.Hex.5....N...rare1","Healthy","MECFS",0,0,0,0,0,NA,"NA",NA,NA,NA,5,5,NA,NA,NA,NA,"NS"
"P00738","HexNAc.2.Hex.6....N...rare1","Healthy","MECFS",0,0,0,0,0,NA,"NA",NA,NA,NA,5,5,NA,NA,NA,NA,"NS"
"P00738","HexNAc.2.Hex.7....N...rare1","Healthy","MECFS",0,0,0,0,0,NA,"NA",NA,NA,NA,5,5,NA,NA,NA,NA,"NS"
"P00738","HexNAc.2.Hex.8....N...rare1","Healthy","MECFS",0,0,0,0,0,NA,"NA",NA,NA,NA,5,5,NA,NA,NA,NA,"NS"
"P00738","HexNAc.2.Hex.9....N...rare1","Healthy","MECFS",0,0,0,0,0,NA,"NA",NA,NA,NA,5,5,NA,NA,NA,NA,"NS"
"P00738","HexNAc.3.Hex.4.NeuAc.1.Fuc.1....N...rare1","Healthy","MECFS",0,0,0,0,0,NA,"NA",NA,NA,NA,5,5,NA,NA,NA,NA,"NS"
"P00738","HexNAc.3.Hex.5....N...rare1","Healthy","MECFS",0,0,0,0,0,NA,"NA",NA,NA,NA,5,5,NA,NA,NA,NA,"NS"
"P00738","HexNAc.3.Hex.5.NeuAc.1....N...rare1","Healthy","MECFS",0,0,0,0,0,NA,"NA",NA,NA,NA,5,5,NA,NA,NA,NA,"NS"
"P00738","HexNAc.3.Hex.6....N...rare1","Healthy","MECFS",0,0,0,0,0,NA,"NA",NA,NA,NA,5,5,NA,NA,NA,NA,"NS"
"P00738","HexNAc.3.Hex.6.NeuAc.1....N...rare1","Healthy","MECFS",0,0,0,0,0,NA,"NA",NA,NA,NA,5,5,NA,NA,NA,NA,"NS"
"P00738","HexNAc.4.Hex.3....N...rare1","Healthy","MECFS",0,0,0,0,0,NA,"NA",NA,NA,NA,5,5,NA,NA,NA,NA,"NS"
"P00738","HexNAc.4.Hex.3.Fuc.1....N...rare1","Healthy","MECFS",0,0,0,0,0,NA,"NA",NA,NA,NA,5,5,NA,NA,NA,NA,"NS"
"P00738","HexNAc.4.Hex.4....N...rare1","Healthy","MECFS",0,0,0,0,0,NA,"NA",NA,NA,NA,5,5,NA,NA,NA,NA,"NS"
"P00738","HexNAc.4.Hex.4.Fuc.1....N...rare1","Healthy","MECFS",0,0,0,0,0,NA,"NA",NA,NA,NA,5,5,NA,NA,NA,NA,"NS"
"P00738","HexNAc.4.Hex.4.NeuAc.1....N...rare1","Healthy","MECFS",0,0,0,0,0,NA,"NA",NA,NA,NA,5,5,NA,NA,NA,NA,"NS"
"P00738","HexNAc.4.Hex.5.Fuc.1....N...rare1","Healthy","MECFS",0,0,0,0,0,NA,"NA",NA,NA,NA,5,5,NA,NA,NA,NA,"NS"
"P00738","HexNAc.5.Hex.3....N...rare1","Healthy","MECFS",0,0,0,0,0,NA,"NA",NA,NA,NA,5,5,NA,NA,NA,NA,"NS"
"P00738","HexNAc.5.Hex.3.Fuc.1....N...rare1","Healthy","MECFS",0,0,0,0,0,NA,"NA",NA,NA,NA,5,5,NA,NA,NA,NA,"NS"
"P00738","HexNAc.5.Hex.4....N...rare1","Healthy","MECFS",0,0,0,0,0,NA,"NA",NA,NA,NA,5,5,NA,NA,NA,NA,"NS"
"P00738","HexNAc.5.Hex.4.Fuc.1....N...rare1","Healthy","MECFS",0,0,0,0,0,NA,"NA",NA,NA,NA,5,5,NA,NA,NA,NA,"NS"
"P00738","HexNAc.5.Hex.4.NeuAc.1....N...rare1","Healthy","MECFS",0,0,0,0,0,NA,"NA",NA,NA,NA,5,5,NA,NA,NA,NA,"NS"
"P00738","HexNAc.5.Hex.4.NeuAc.1.Fuc.1....N...rare1","Healthy","MECFS",0,0,0,0,0,NA,"NA",NA,NA,NA,5,5,NA,NA,NA,NA,"NS"
"P00738","HexNAc.5.Hex.5....N...rare1","Healthy","MECFS",0,0,0,0,0,NA,"NA",NA,NA,NA,5,5,NA,NA,NA,NA,"NS"
"P00738","HexNAc.5.Hex.5.Fuc.1....N...rare1","Healthy","MECFS",0,0,0,0,0,NA,"NA",NA,NA,NA,5,5,NA,NA,NA,NA,"NS"
"P00738","HexNAc.5.Hex.5.NeuAc.1....N...rare1","Healthy","MECFS",0,0,0,0,0,NA,"NA",NA,NA,NA,5,5,NA,NA,NA,NA,"NS"
"P00747","HexNAc.2.Hex.10....N...rare1","Healthy","MECFS",0,0,0,0,0,NA,"NA",NA,NA,NA,5,5,NA,NA,NA,NA,"NS"
"P00747","HexNAc.2.Hex.5....N...rare1","Healthy","MECFS",0,0,0,0,0,NA,"NA",NA,NA,NA,5,5,NA,NA,NA,NA,"NS"
"P00747","HexNAc.2.Hex.6....N...rare1","Healthy","MECFS",0,0,0,0,0,NA,"NA",NA,NA,NA,5,5,NA,NA,NA,NA,"NS"
"P00747","HexNAc.2.Hex.7....N...rare1","Healthy","MECFS",0,0,0,0,0,NA,"NA",NA,NA,NA,5,5,NA,NA,NA,NA,"NS"
"P00747","HexNAc.2.Hex.8....N...rare1","Healthy","MECFS",0,0,0,0,0,NA,"NA",NA,NA,NA,5,5,NA,NA,NA,NA,"NS"
"P00747","HexNAc.2.Hex.9....N...rare1","Healthy","MECFS",0,0,0,0,0,NA,"NA",NA,NA,NA,5,5,NA,NA,NA,NA,"NS"
"P00747","HexNAc.3.Hex.4.NeuAc.1....N...rare1","Healthy","MECFS",0,0,0,0,0,NA,"NA",NA,NA,NA,5,5,NA,NA,NA,NA,"NS"
"P00747","HexNAc.3.Hex.4.NeuAc.1.Fuc.1....N...rare1","Healthy","MECFS",0,0,0,0,0,NA,"NA",NA,NA,NA,5,5,NA,NA,NA,NA,"NS"
"P00747","HexNAc.3.Hex.5....N...rare1","Healthy","MECFS",0,0,0,0,0,NA,"NA",NA,NA,NA,5,5,NA,NA,NA,NA,"NS"
"P00747","HexNAc.3.Hex.5.NeuAc.1....N...rare1","Healthy","MECFS",0,0,0,0,0,NA,"NA",NA,NA,NA,5,5,NA,NA,NA,NA,"NS"
"P00747","HexNAc.3.Hex.6....N...rare1","Healthy","MECFS",0,0,0,0,0,NA,"NA",NA,NA,NA,5,5,NA,NA,NA,NA,"NS"
"P00747","HexNAc.3.Hex.6.NeuAc.1....N...rare1","Healthy","MECFS",0,0,0,0,0,NA,"NA",NA,NA,NA,5,5,NA,NA,NA,NA,"NS"
"P00747","HexNAc.4.Hex.3....N...rare1","Healthy","MECFS",0,0,0,0,0,NA,"NA",NA,NA,NA,5,5,NA,NA,NA,NA,"NS"
"P00747","HexNAc.4.Hex.3.Fuc.1....N...rare1","Healthy","MECFS",0,0,0,0,0,NA,"NA",NA,NA,NA,5,5,NA,NA,NA,NA,"NS"
"P00747","HexNAc.4.Hex.4....N...rare1","Healthy","MECFS",0,0,0,0,0,NA,"NA",NA,NA,NA,5,5,NA,NA,NA,NA,"NS"
"P00747","HexNAc.4.Hex.4.Fuc.1....N...rare1","Healthy","MECFS",0,0,0,0,0,NA,"NA",NA,NA,NA,5,5,NA,NA,NA,NA,"NS"
"P00747","HexNAc.4.Hex.4.NeuAc.1....N...rare1","Healthy","MECFS",0,0,0,0,0,NA,"NA",NA,NA,NA,5,5,NA,NA,NA,NA,"NS"
"P00747","HexNAc.4.Hex.5....N...rare1","Healthy","MECFS",0,0,0,0,0,NA,"NA",NA,NA,NA,5,5,NA,NA,NA,NA,"NS"
"P00747","HexNAc.4.Hex.5.Fuc.1....N...rare1","Healthy","MECFS",0,0,0,0,0,NA,"NA",NA,NA,NA,5,5,NA,NA,NA,NA,"NS"
"P00747","HexNAc.4.Hex.5.NeuAc.1.Fuc.1....N...rare1","Healthy","MECFS",0,0,0,0,0,NA,"NA",NA,NA,NA,5,5,NA,NA,NA,NA,"NS"
"P00747","HexNAc.4.Hex.5.NeuAc.2.Fuc.1....N...rare1","Healthy","MECFS",0,0,0,0,0,NA,"NA",NA,NA,NA,5,5,NA,NA,NA,NA,"NS"
"P00747","HexNAc.4.Hex.6.NeuAc.1....N...rare1","Healthy","MECFS",0,0,0,0,0,NA,"NA",NA,NA,NA,5,5,NA,NA,NA,NA,"NS"
"P00747","HexNAc.5.Hex.3....N...rare1","Healthy","MECFS",0,0,0,0,0,NA,"NA",NA,NA,NA,5,5,NA,NA,NA,NA,"NS"
"P00747","HexNAc.5.Hex.3.Fuc.1....N...rare1","Healthy","MECFS",0,0,0,0,0,NA,"NA",NA,NA,NA,5,5,NA,NA,NA,NA,"NS"
"P00747","HexNAc.5.Hex.4....N...rare1","Healthy","MECFS",0,0,0,0,0,NA,"NA",NA,NA,NA,5,5,NA,NA,NA,NA,"NS"
"P00747","HexNAc.5.Hex.4.Fuc.1....N...rare1","Healthy","MECFS",0,0,0,0,0,NA,"NA",NA,NA,NA,5,5,NA,NA,NA,NA,"NS"
"P00747","HexNAc.5.Hex.4.NeuAc.1....N...rare1","Healthy","MECFS",0,0,0,0,0,NA,"NA",NA,NA,NA,5,5,NA,NA,NA,NA,"NS"
"P00747","HexNAc.5.Hex.4.NeuAc.1.Fuc.1....N...rare1","Healthy","MECFS",0,0,0,0,0,NA,"NA",NA,NA,NA,5,5,NA,NA,NA,NA,"NS"
"P00747","HexNAc.5.Hex.5....N...rare1","Healthy","MECFS",0,0,0,0,0,NA,"NA",NA,NA,NA,5,5,NA,NA,NA,NA,"NS"
"P00747","HexNAc.5.Hex.5.Fuc.1....N...rare1","Healthy","MECFS",0,0,0,0,0,NA,"NA",NA,NA,NA,5,5,NA,NA,NA,NA,"NS"
"P00747","HexNAc.5.Hex.5.NeuAc.1....N...rare1","Healthy","MECFS",0,0,0,0,0,NA,"NA",NA,NA,NA,5,5,NA,NA,NA,NA,"NS"
"P00747","HexNAc.5.Hex.5.NeuAc.1.Fuc.1....N...rare1","Healthy","MECFS",0,0,0,0,0,NA,"NA",NA,NA,NA,5,5,NA,NA,NA,NA,"NS"
"P00747","HexNAc.5.Hex.5.NeuAc.2.Fuc.1....N...rare1","Healthy","MECFS",0,0,0,0,0,NA,"NA",NA,NA,NA,5,5,NA,NA,NA,NA,"NS"
"P00747","HexNAc.5.Hex.6.NeuAc.1....N...rare1","Healthy","MECFS",0,0,0,0,0,NA,"NA",NA,NA,NA,5,5,NA,NA,NA,NA,"NS"
"P00747","HexNAc.5.Hex.6.NeuAc.2....N...rare1","Healthy","MECFS",0,0,0,0,0,NA,"NA",NA,NA,NA,5,5,NA,NA,NA,NA,"NS"
"P00747","HexNAc.5.Hex.6.NeuAc.2.Fuc.1....N...rare1","Healthy","MECFS",0,0,0,0,0,NA,"NA",NA,NA,NA,5,5,NA,NA,NA,NA,"NS"
"P00747","HexNAc.5.Hex.6.NeuAc.3....N...rare1","Healthy","MECFS",0,0,0,0,0,NA,"NA",NA,NA,NA,5,5,NA,NA,NA,NA,"NS"
"P00747","HexNAc.6.Hex.7.NeuAc.1....N...rare1","Healthy","MECFS",0,0,0,0,0,NA,"NA",NA,NA,NA,5,5,NA,NA,NA,NA,"NS"
"P00747","HexNAc.6.Hex.7.NeuAc.2.Fuc.1....N...rare1","Healthy","MECFS",0,0,0,0,0,NA,"NA",NA,NA,NA,5,5,NA,NA,NA,NA,"NS"
"P00748","HexNAc.2.Hex.10....N...rare1","Healthy","MECFS",0,0,0,0,0,NA,"NA",NA,NA,NA,5,5,NA,NA,NA,NA,"NS"
"P00748","HexNAc.2.Hex.5....N...rare1","Healthy","MECFS",0,0,0,0,0,NA,"NA",NA,NA,NA,5,5,NA,NA,NA,NA,"NS"
"P00748","HexNAc.2.Hex.6....N...rare1","Healthy","MECFS",0,0,0,0,0,NA,"NA",NA,NA,NA,5,5,NA,NA,NA,NA,"NS"
"P00748","HexNAc.2.Hex.7....N...rare1","Healthy","MECFS",0,0,0,0,0,NA,"NA",NA,NA,NA,5,5,NA,NA,NA,NA,"NS"
"P00748","HexNAc.2.Hex.8....N...rare1","Healthy","MECFS",0,0,0,0,0,NA,"NA",NA,NA,NA,5,5,NA,NA,NA,NA,"NS"
"P00748","HexNAc.2.Hex.9....N...rare1","Healthy","MECFS",0,0,0,0,0,NA,"NA",NA,NA,NA,5,5,NA,NA,NA,NA,"NS"
"P00748","HexNAc.3.Hex.4.NeuAc.1.Fuc.1....N...rare1","Healthy","MECFS",0,0,0,0,0,NA,"NA",NA,NA,NA,5,5,NA,NA,NA,NA,"NS"
"P00748","HexNAc.3.Hex.5....N...rare1","Healthy","MECFS",0,0,0,0,0,NA,"NA",NA,NA,NA,5,5,NA,NA,NA,NA,"NS"
"P00748","HexNAc.3.Hex.5.NeuAc.1....N...rare1","Healthy","MECFS",0,0,0,0,0,NA,"NA",NA,NA,NA,5,5,NA,NA,NA,NA,"NS"
"P00748","HexNAc.3.Hex.6....N...rare1","Healthy","MECFS",0,0,0,0,0,NA,"NA",NA,NA,NA,5,5,NA,NA,NA,NA,"NS"
"P00748","HexNAc.3.Hex.6.NeuAc.1....N...rare1","Healthy","MECFS",0,0,0,0,0,NA,"NA",NA,NA,NA,5,5,NA,NA,NA,NA,"NS"
"P00748","HexNAc.4.Hex.3....N...rare1","Healthy","MECFS",0,0,0,0,0,NA,"NA",NA,NA,NA,5,5,NA,NA,NA,NA,"NS"
"P00748","HexNAc.4.Hex.3.Fuc.1....N...rare1","Healthy","MECFS",0,0,0,0,0,NA,"NA",NA,NA,NA,5,5,NA,NA,NA,NA,"NS"
"P00748","HexNAc.4.Hex.4....N...rare1","Healthy","MECFS",0,0,0,0,0,NA,"NA",NA,NA,NA,5,5,NA,NA,NA,NA,"NS"
"P00748","HexNAc.4.Hex.4.Fuc.1....N...rare1","Healthy","MECFS",0,0,0,0,0,NA,"NA",NA,NA,NA,5,5,NA,NA,NA,NA,"NS"
"P00748","HexNAc.4.Hex.4.NeuAc.1....N...rare1","Healthy","MECFS",0,0,0,0,0,NA,"NA",NA,NA,NA,5,5,NA,NA,NA,NA,"NS"
"P00748","HexNAc.4.Hex.5....N...rare1","Healthy","MECFS",0,0,0,0,0,NA,"NA",NA,NA,NA,5,5,NA,NA,NA,NA,"NS"
"P00748","HexNAc.4.Hex.5.Fuc.1....N...rare1","Healthy","MECFS",0,0,0,0,0,NA,"NA",NA,NA,NA,5,5,NA,NA,NA,NA,"NS"
"P00748","HexNAc.4.Hex.5.NeuAc.1.Fuc.1....N...rare1","Healthy","MECFS",0,0,0,0,0,NA,"NA",NA,NA,NA,5,5,NA,NA,NA,NA,"NS"
"P00748","HexNAc.4.Hex.6.NeuAc.1....N...rare1","Healthy","MECFS",0,0,0,0,0,NA,"NA",NA,NA,NA,5,5,NA,NA,NA,NA,"NS"
"P00748","HexNAc.5.Hex.3....N...rare1","Healthy","MECFS",0,0,0,0,0,NA,"NA",NA,NA,NA,5,5,NA,NA,NA,NA,"NS"
"P00748","HexNAc.5.Hex.3.Fuc.1....N...rare1","Healthy","MECFS",0,0,0,0,0,NA,"NA",NA,NA,NA,5,5,NA,NA,NA,NA,"NS"
"P00748","HexNAc.5.Hex.4....N...rare1","Healthy","MECFS",0,0,0,0,0,NA,"NA",NA,NA,NA,5,5,NA,NA,NA,NA,"NS"
"P00748","HexNAc.5.Hex.4.Fuc.1....N...rare1","Healthy","MECFS",0,0,0,0,0,NA,"NA",NA,NA,NA,5,5,NA,NA,NA,NA,"NS"
"P00748","HexNAc.5.Hex.4.NeuAc.1....N...rare1","Healthy","MECFS",0,0,0,0,0,NA,"NA",NA,NA,NA,5,5,NA,NA,NA,NA,"NS"
"P00748","HexNAc.5.Hex.4.NeuAc.1.Fuc.1....N...rare1","Healthy","MECFS",0,0,0,0,0,NA,"NA",NA,NA,NA,5,5,NA,NA,NA,NA,"NS"
"P00748","HexNAc.5.Hex.5....N...rare1","Healthy","MECFS",0,0,0,0,0,NA,"NA",NA,NA,NA,5,5,NA,NA,NA,NA,"NS"
"P00748","HexNAc.5.Hex.5.Fuc.1....N...rare1","Healthy","MECFS",0,0,0,0,0,NA,"NA",NA,NA,NA,5,5,NA,NA,NA,NA,"NS"
"P00748","HexNAc.5.Hex.5.NeuAc.1....N...rare1","Healthy","MECFS",0,0,0,0,0,NA,"NA",NA,NA,NA,5,5,NA,NA,NA,NA,"NS"
"P00748","HexNAc.5.Hex.5.NeuAc.1.Fuc.1....N...rare1","Healthy","MECFS",0,0,0,0,0,NA,"NA",NA,NA,NA,5,5,NA,NA,NA,NA,"NS"
"P00748","HexNAc.5.Hex.5.NeuAc.2.Fuc.1....N...rare1","Healthy","MECFS",0,0,0,0,0,NA,"NA",NA,NA,NA,5,5,NA,NA,NA,NA,"NS"
"P00748","HexNAc.5.Hex.6.NeuAc.1....N...rare1","Healthy","MECFS",0,0,0,0,0,NA,"NA",NA,NA,NA,5,5,NA,NA,NA,NA,"NS"
"P00748","HexNAc.5.Hex.6.NeuAc.2....N...rare1","Healthy","MECFS",0,0,0,0,0,NA,"NA",NA,NA,NA,5,5,NA,NA,NA,NA,"NS"
"P00748","HexNAc.5.Hex.6.NeuAc.2.Fuc.1....N...rare1","Healthy","MECFS",0,0,0,0,0,NA,"NA",NA,NA,NA,5,5,NA,NA,NA,NA,"NS"
"P00748","HexNAc.6.Hex.7.NeuAc.1....N...rare1","Healthy","MECFS",0,0,0,0,0,NA,"NA",NA,NA,NA,5,5,NA,NA,NA,NA,"NS"
"P00748","HexNAc.6.Hex.7.NeuAc.2.Fuc.1....N...rare1","Healthy","MECFS",0,0,0,0,0,NA,"NA",NA,NA,NA,5,5,NA,NA,NA,NA,"NS"
"P00751","HexNAc.2.Hex.10....N...rare1","Healthy","MECFS",0,0,0,0,0,NA,"NA",NA,NA,NA,5,5,NA,NA,NA,NA,"NS"
"P00751","HexNAc.2.Hex.5....N...rare1","Healthy","MECFS",0,0,0,0,0,NA,"NA",NA,NA,NA,5,5,NA,NA,NA,NA,"NS"
"P00751","HexNAc.2.Hex.6....N...rare1","Healthy","MECFS",0,0,0,0,0,NA,"NA",NA,NA,NA,5,5,NA,NA,NA,NA,"NS"
"P00751","HexNAc.2.Hex.7....N...rare1","Healthy","MECFS",0,0,0,0,0,NA,"NA",NA,NA,NA,5,5,NA,NA,NA,NA,"NS"
"P00751","HexNAc.2.Hex.8....N...rare1","Healthy","MECFS",0,0,0,0,0,NA,"NA",NA,NA,NA,5,5,NA,NA,NA,NA,"NS"
"P00751","HexNAc.2.Hex.9....N...rare1","Healthy","MECFS",0,0,0,0,0,NA,"NA",NA,NA,NA,5,5,NA,NA,NA,NA,"NS"
"P00751","HexNAc.3.Hex.4.NeuAc.1....N...rare1","Healthy","MECFS",0,0,0,0,0,NA,"NA",NA,NA,NA,5,5,NA,NA,NA,NA,"NS"
"P00751","HexNAc.3.Hex.4.NeuAc.1.Fuc.1....N...rare1","Healthy","MECFS",0,0,0,0,0,NA,"NA",NA,NA,NA,5,5,NA,NA,NA,NA,"NS"
"P00751","HexNAc.3.Hex.5....N...rare1","Healthy","MECFS",0,0,0,0,0,NA,"NA",NA,NA,NA,5,5,NA,NA,NA,NA,"NS"
"P00751","HexNAc.3.Hex.5.NeuAc.1....N...rare1","Healthy","MECFS",0,0,0,0,0,NA,"NA",NA,NA,NA,5,5,NA,NA,NA,NA,"NS"
"P00751","HexNAc.3.Hex.6....N...rare1","Healthy","MECFS",0,0,0,0,0,NA,"NA",NA,NA,NA,5,5,NA,NA,NA,NA,"NS"
"P00751","HexNAc.3.Hex.6.NeuAc.1....N...rare1","Healthy","MECFS",0,0,0,0,0,NA,"NA",NA,NA,NA,5,5,NA,NA,NA,NA,"NS"
"P00751","HexNAc.4.Hex.3....N...rare1","Healthy","MECFS",0,0,0,0,0,NA,"NA",NA,NA,NA,5,5,NA,NA,NA,NA,"NS"
"P00751","HexNAc.4.Hex.3.Fuc.1....N...rare1","Healthy","MECFS",0,0,0,0,0,NA,"NA",NA,NA,NA,5,5,NA,NA,NA,NA,"NS"
"P00751","HexNAc.4.Hex.4....N...rare1","Healthy","MECFS",0,0,0,0,0,NA,"NA",NA,NA,NA,5,5,NA,NA,NA,NA,"NS"
"P00751","HexNAc.4.Hex.4.Fuc.1....N...rare1","Healthy","MECFS",0,0,0,0,0,NA,"NA",NA,NA,NA,5,5,NA,NA,NA,NA,"NS"
"P00751","HexNAc.4.Hex.4.NeuAc.1....N...rare1","Healthy","MECFS",0,0,0,0,0,NA,"NA",NA,NA,NA,5,5,NA,NA,NA,NA,"NS"
"P00751","HexNAc.4.Hex.5....N...rare1","Healthy","MECFS",0,0,0,0,0,NA,"NA",NA,NA,NA,5,5,NA,NA,NA,NA,"NS"
"P00751","HexNAc.4.Hex.5.Fuc.1....N...rare1","Healthy","MECFS",0,0,0,0,0,NA,"NA",NA,NA,NA,5,5,NA,NA,NA,NA,"NS"
"P00751","HexNAc.4.Hex.5.NeuAc.1.Fuc.1....N...rare1","Healthy","MECFS",0,0,0,0,0,NA,"NA",NA,NA,NA,5,5,NA,NA,NA,NA,"NS"
"P00751","HexNAc.4.Hex.5.NeuAc.2.Fuc.1....N...rare1","Healthy","MECFS",0,0,0,0,0,NA,"NA",NA,NA,NA,5,5,NA,NA,NA,NA,"NS"
"P00751","HexNAc.4.Hex.6.NeuAc.1....N...rare1","Healthy","MECFS",0,0,0,0,0,NA,"NA",NA,NA,NA,5,5,NA,NA,NA,NA,"NS"
"P00751","HexNAc.5.Hex.3....N...rare1","Healthy","MECFS",0,0,0,0,0,NA,"NA",NA,NA,NA,5,5,NA,NA,NA,NA,"NS"
"P00751","HexNAc.5.Hex.3.Fuc.1....N...rare1","Healthy","MECFS",0,0,0,0,0,NA,"NA",NA,NA,NA,5,5,NA,NA,NA,NA,"NS"
"P00751","HexNAc.5.Hex.4....N...rare1","Healthy","MECFS",0,0,0,0,0,NA,"NA",NA,NA,NA,5,5,NA,NA,NA,NA,"NS"
"P00751","HexNAc.5.Hex.4.Fuc.1....N...rare1","Healthy","MECFS",0,0,0,0,0,NA,"NA",NA,NA,NA,5,5,NA,NA,NA,NA,"NS"
"P00751","HexNAc.5.Hex.4.NeuAc.1....N...rare1","Healthy","MECFS",0,0,0,0,0,NA,"NA",NA,NA,NA,5,5,NA,NA,NA,NA,"NS"
"P00751","HexNAc.5.Hex.4.NeuAc.1.Fuc.1....N...rare1","Healthy","MECFS",0,0,0,0,0,NA,"NA",NA,NA,NA,5,5,NA,NA,NA,NA,"NS"
"P00751","HexNAc.5.Hex.5....N...rare1","Healthy","MECFS",0,0,0,0,0,NA,"NA",NA,NA,NA,5,5,NA,NA,NA,NA,"NS"
"P00751","HexNAc.5.Hex.5.Fuc.1....N...rare1","Healthy","MECFS",0,0,0,0,0,NA,"NA",NA,NA,NA,5,5,NA,NA,NA,NA,"NS"
"P00751","HexNAc.5.Hex.5.NeuAc.1....N...rare1","Healthy","MECFS",0,0,0,0,0,NA,"NA",NA,NA,NA,5,5,NA,NA,NA,NA,"NS"
"P00751","HexNAc.5.Hex.5.NeuAc.1.Fuc.1....N...rare1","Healthy","MECFS",0,0,0,0,0,NA,"NA",NA,NA,NA,5,5,NA,NA,NA,NA,"NS"
"P00751","HexNAc.5.Hex.5.NeuAc.2.Fuc.1....N...rare1","Healthy","MECFS",0,0,0,0,0,NA,"NA",NA,NA,NA,5,5,NA,NA,NA,NA,"NS"
"P00751","HexNAc.5.Hex.6.NeuAc.1....N...rare1","Healthy","MECFS",0,0,0,0,0,NA,"NA",NA,NA,NA,5,5,NA,NA,NA,NA,"NS"
"P00751","HexNAc.5.Hex.6.NeuAc.2....N...rare1","Healthy","MECFS",0,0,0,0,0,NA,"NA",NA,NA,NA,5,5,NA,NA,NA,NA,"NS"
"P00751","HexNAc.5.Hex.6.NeuAc.2.Fuc.1....N...rare1","Healthy","MECFS",0,0,0,0,0,NA,"NA",NA,NA,NA,5,5,NA,NA,NA,NA,"NS"
"P00751","HexNAc.5.Hex.6.NeuAc.3....N...rare1","Healthy","MECFS",0,0,0,0,0,NA,"NA",NA,NA,NA,5,5,NA,NA,NA,NA,"NS"
"P00751","HexNAc.6.Hex.7.NeuAc.1....N...rare1","Healthy","MECFS",0,0,0,0,0,NA,"NA",NA,NA,NA,5,5,NA,NA,NA,NA,"NS"
"P00751","HexNAc.6.Hex.7.NeuAc.2.Fuc.1....N...rare1","Healthy","MECFS",0,0,0,0,0,NA,"NA",NA,NA,NA,5,5,NA,NA,NA,NA,"NS"
"P01008","HexNAc.2.Hex.10....N...rare1","Healthy","MECFS",0,0,0,0,0,NA,"NA",NA,NA,NA,5,5,NA,NA,NA,NA,"NS"
"P01008","HexNAc.2.Hex.5....N...rare1","Healthy","MECFS",0,0,0,0,0,NA,"NA",NA,NA,NA,5,5,NA,NA,NA,NA,"NS"
"P01008","HexNAc.2.Hex.6....N...rare1","Healthy","MECFS",0,0,0,0,0,NA,"NA",NA,NA,NA,5,5,NA,NA,NA,NA,"NS"
"P01008","HexNAc.2.Hex.7....N...rare1","Healthy","MECFS",0,0,0,0,0,NA,"NA",NA,NA,NA,5,5,NA,NA,NA,NA,"NS"
"P01008","HexNAc.2.Hex.8....N...rare1","Healthy","MECFS",0,0,0,0,0,NA,"NA",NA,NA,NA,5,5,NA,NA,NA,NA,"NS"
"P01008","HexNAc.2.Hex.9....N...rare1","Healthy","MECFS",0,0,0,0,0,NA,"NA",NA,NA,NA,5,5,NA,NA,NA,NA,"NS"
"P01008","HexNAc.3.Hex.4.NeuAc.1.Fuc.1....N...rare1","Healthy","MECFS",0,0,0,0,0,NA,"NA",NA,NA,NA,5,5,NA,NA,NA,NA,"NS"
"P01008","HexNAc.3.Hex.5....N...rare1","Healthy","MECFS",0,0,0,0,0,NA,"NA",NA,NA,NA,5,5,NA,NA,NA,NA,"NS"
"P01008","HexNAc.3.Hex.5.NeuAc.1....N...rare1","Healthy","MECFS",0,0,0,0,0,NA,"NA",NA,NA,NA,5,5,NA,NA,NA,NA,"NS"
"P01008","HexNAc.3.Hex.6....N...rare1","Healthy","MECFS",0,0,0,0,0,NA,"NA",NA,NA,NA,5,5,NA,NA,NA,NA,"NS"
"P01008","HexNAc.3.Hex.6.NeuAc.1....N...rare1","Healthy","MECFS",0,0,0,0,0,NA,"NA",NA,NA,NA,5,5,NA,NA,NA,NA,"NS"
"P01008","HexNAc.4.Hex.3....N...rare1","Healthy","MECFS",0,0,0,0,0,NA,"NA",NA,NA,NA,5,5,NA,NA,NA,NA,"NS"
"P01008","HexNAc.4.Hex.3.Fuc.1....N...rare1","Healthy","MECFS",0,0,0,0,0,NA,"NA",NA,NA,NA,5,5,NA,NA,NA,NA,"NS"
"P01008","HexNAc.4.Hex.4....N...rare1","Healthy","MECFS",0,0,0,0,0,NA,"NA",NA,NA,NA,5,5,NA,NA,NA,NA,"NS"
"P01008","HexNAc.4.Hex.4.Fuc.1....N...rare1","Healthy","MECFS",0,0,0,0,0,NA,"NA",NA,NA,NA,5,5,NA,NA,NA,NA,"NS"
"P01008","HexNAc.4.Hex.4.NeuAc.1....N...rare1","Healthy","MECFS",0,0,0,0,0,NA,"NA",NA,NA,NA,5,5,NA,NA,NA,NA,"NS"
"P01008","HexNAc.4.Hex.5....N...rare1","Healthy","MECFS",0,0,0,0,0,NA,"NA",NA,NA,NA,5,5,NA,NA,NA,NA,"NS"
"P01008","HexNAc.4.Hex.5.Fuc.1....N...rare1","Healthy","MECFS",0,0,0,0,0,NA,"NA",NA,NA,NA,5,5,NA,NA,NA,NA,"NS"
"P01008","HexNAc.4.Hex.5.NeuAc.1.Fuc.1....N...rare1","Healthy","MECFS",0,0,0,0,0,NA,"NA",NA,NA,NA,5,5,NA,NA,NA,NA,"NS"
"P01008","HexNAc.4.Hex.5.NeuAc.2.Fuc.1....N...rare1","Healthy","MECFS",0,0,0,0,0,NA,"NA",NA,NA,NA,5,5,NA,NA,NA,NA,"NS"
"P01008","HexNAc.4.Hex.6.NeuAc.1....N...rare1","Healthy","MECFS",0,0,0,0,0,NA,"NA",NA,NA,NA,5,5,NA,NA,NA,NA,"NS"
"P01008","HexNAc.5.Hex.3....N...rare1","Healthy","MECFS",0,0,0,0,0,NA,"NA",NA,NA,NA,5,5,NA,NA,NA,NA,"NS"
"P01008","HexNAc.5.Hex.3.Fuc.1....N...rare1","Healthy","MECFS",0,0,0,0,0,NA,"NA",NA,NA,NA,5,5,NA,NA,NA,NA,"NS"
"P01008","HexNAc.5.Hex.4....N...rare1","Healthy","MECFS",0,0,0,0,0,NA,"NA",NA,NA,NA,5,5,NA,NA,NA,NA,"NS"
"P01008","HexNAc.5.Hex.4.Fuc.1....N...rare1","Healthy","MECFS",0,0,0,0,0,NA,"NA",NA,NA,NA,5,5,NA,NA,NA,NA,"NS"
"P01008","HexNAc.5.Hex.4.NeuAc.1....N...rare1","Healthy","MECFS",0,0,0,0,0,NA,"NA",NA,NA,NA,5,5,NA,NA,NA,NA,"NS"
"P01008","HexNAc.5.Hex.4.NeuAc.1.Fuc.1....N...rare1","Healthy","MECFS",0,0,0,0,0,NA,"NA",NA,NA,NA,5,5,NA,NA,NA,NA,"NS"
"P01008","HexNAc.5.Hex.5....N...rare1","Healthy","MECFS",0,0,0,0,0,NA,"NA",NA,NA,NA,5,5,NA,NA,NA,NA,"NS"
"P01008","HexNAc.5.Hex.5.Fuc.1....N...rare1","Healthy","MECFS",0,0,0,0,0,NA,"NA",NA,NA,NA,5,5,NA,NA,NA,NA,"NS"
"P01008","HexNAc.5.Hex.5.NeuAc.1....N...rare1","Healthy","MECFS",0,0,0,0,0,NA,"NA",NA,NA,NA,5,5,NA,NA,NA,NA,"NS"
"P01008","HexNAc.5.Hex.5.NeuAc.1.Fuc.1....N...rare1","Healthy","MECFS",0,0,0,0,0,NA,"NA",NA,NA,NA,5,5,NA,NA,NA,NA,"NS"
"P01008","HexNAc.5.Hex.5.NeuAc.2.Fuc.1....N...rare1","Healthy","MECFS",0,0,0,0,0,NA,"NA",NA,NA,NA,5,5,NA,NA,NA,NA,"NS"
"P01008","HexNAc.5.Hex.6.NeuAc.1....N...rare1","Healthy","MECFS",0,0,0,0,0,NA,"NA",NA,NA,NA,5,5,NA,NA,NA,NA,"NS"
"P01008","HexNAc.5.Hex.6.NeuAc.2.Fuc.1....N...rare1","Healthy","MECFS",0,0,0,0,0,NA,"NA",NA,NA,NA,5,5,NA,NA,NA,NA,"NS"
"P01008","HexNAc.5.Hex.6.NeuAc.3....N...rare1","Healthy","MECFS",0,0,0,0,0,NA,"NA",NA,NA,NA,5,5,NA,NA,NA,NA,"NS"
"P01008","HexNAc.6.Hex.7.NeuAc.1....N...rare1","Healthy","MECFS",0,0,0,0,0,NA,"NA",NA,NA,NA,5,5,NA,NA,NA,NA,"NS"
"P01008","HexNAc.6.Hex.7.NeuAc.2.Fuc.1....N...rare1","Healthy","MECFS",0,0,0,0,0,NA,"NA",NA,NA,NA,5,5,NA,NA,NA,NA,"NS"
"P01009","HexNAc.2.Hex.10....N...rare1","Healthy","MECFS",0,0,0,0,0,NA,"NA",NA,NA,NA,5,5,NA,NA,NA,NA,"NS"
"P01009","HexNAc.2.Hex.5....N...rare1","Healthy","MECFS",0,0,0,0,0,NA,"NA",NA,NA,NA,5,5,NA,NA,NA,NA,"NS"
"P01009","HexNAc.2.Hex.6....N...rare1","Healthy","MECFS",0,0,0,0,0,NA,"NA",NA,NA,NA,5,5,NA,NA,NA,NA,"NS"
"P01009","HexNAc.2.Hex.7....N...rare1","Healthy","MECFS",0,0,0,0,0,NA,"NA",NA,NA,NA,5,5,NA,NA,NA,NA,"NS"
"P01009","HexNAc.2.Hex.8....N...rare1","Healthy","MECFS",0,0,0,0,0,NA,"NA",NA,NA,NA,5,5,NA,NA,NA,NA,"NS"
"P01009","HexNAc.2.Hex.9....N...rare1","Healthy","MECFS",0,0,0,0,0,NA,"NA",NA,NA,NA,5,5,NA,NA,NA,NA,"NS"
"P01009","HexNAc.3.Hex.4.NeuAc.1....N...rare1","Healthy","MECFS",0,0,0,0,0,NA,"NA",NA,NA,NA,5,5,NA,NA,NA,NA,"NS"
"P01009","HexNAc.3.Hex.4.NeuAc.1.Fuc.1....N...rare1","Healthy","MECFS",0,0,0,0,0,NA,"NA",NA,NA,NA,5,5,NA,NA,NA,NA,"NS"
"P01009","HexNAc.3.Hex.5....N...rare1","Healthy","MECFS",0,0,0,0,0,NA,"NA",NA,NA,NA,5,5,NA,NA,NA,NA,"NS"
"P01009","HexNAc.3.Hex.5.NeuAc.1....N...rare1","Healthy","MECFS",0,0,0,0,0,NA,"NA",NA,NA,NA,5,5,NA,NA,NA,NA,"NS"
"P01009","HexNAc.3.Hex.6....N...rare1","Healthy","MECFS",0,0,0,0,0,NA,"NA",NA,NA,NA,5,5,NA,NA,NA,NA,"NS"
"P01009","HexNAc.3.Hex.6.NeuAc.1....N...rare1","Healthy","MECFS",0,0,0,0,0,NA,"NA",NA,NA,NA,5,5,NA,NA,NA,NA,"NS"
"P01009","HexNAc.4.Hex.3....N...rare1","Healthy","MECFS",0,0,0,0,0,NA,"NA",NA,NA,NA,5,5,NA,NA,NA,NA,"NS"
"P01009","HexNAc.4.Hex.3.Fuc.1....N...rare1","Healthy","MECFS",0,0,0,0,0,NA,"NA",NA,NA,NA,5,5,NA,NA,NA,NA,"NS"
"P01009","HexNAc.4.Hex.4....N...rare1","Healthy","MECFS",0,0,0,0,0,NA,"NA",NA,NA,NA,5,5,NA,NA,NA,NA,"NS"
"P01009","HexNAc.4.Hex.4.Fuc.1....N...rare1","Healthy","MECFS",0,0,0,0,0,NA,"NA",NA,NA,NA,5,5,NA,NA,NA,NA,"NS"
"P01009","HexNAc.4.Hex.4.NeuAc.1....N...rare1","Healthy","MECFS",0,0,0,0,0,NA,"NA",NA,NA,NA,5,5,NA,NA,NA,NA,"NS"
"P01009","HexNAc.4.Hex.5....N...rare1","Healthy","MECFS",0,0,0,0,0,NA,"NA",NA,NA,NA,5,5,NA,NA,NA,NA,"NS"
"P01009","HexNAc.4.Hex.5.Fuc.1....N...rare1","Healthy","MECFS",0,0,0,0,0,NA,"NA",NA,NA,NA,5,5,NA,NA,NA,NA,"NS"
"P01009","HexNAc.4.Hex.5.NeuAc.1....N...rare1","Healthy","MECFS",0,0,0,0,0,NA,"NA",NA,NA,NA,5,5,NA,NA,NA,NA,"NS"
"P01009","HexNAc.4.Hex.5.NeuAc.1.Fuc.1....N...rare1","Healthy","MECFS",0,0,0,0,0,NA,"NA",NA,NA,NA,5,5,NA,NA,NA,NA,"NS"
"P01009","HexNAc.4.Hex.6.NeuAc.1....N...rare1","Healthy","MECFS",0,0,0,0,0,NA,"NA",NA,NA,NA,5,5,NA,NA,NA,NA,"NS"
"P01009","HexNAc.5.Hex.3....N...rare1","Healthy","MECFS",0,0,0,0,0,NA,"NA",NA,NA,NA,5,5,NA,NA,NA,NA,"NS"
"P01009","HexNAc.5.Hex.3.Fuc.1....N...rare1","Healthy","MECFS",0,0,0,0,0,NA,"NA",NA,NA,NA,5,5,NA,NA,NA,NA,"NS"
"P01009","HexNAc.5.Hex.4....N...rare1","Healthy","MECFS",0,0,0,0,0,NA,"NA",NA,NA,NA,5,5,NA,NA,NA,NA,"NS"
"P01009","HexNAc.5.Hex.4.Fuc.1....N...rare1","Healthy","MECFS",0,0,0,0,0,NA,"NA",NA,NA,NA,5,5,NA,NA,NA,NA,"NS"
"P01009","HexNAc.5.Hex.4.NeuAc.1....N...rare1","Healthy","MECFS",0,0,0,0,0,NA,"NA",NA,NA,NA,5,5,NA,NA,NA,NA,"NS"
"P01009","HexNAc.5.Hex.4.NeuAc.1.Fuc.1....N...rare1","Healthy","MECFS",0,0,0,0,0,NA,"NA",NA,NA,NA,5,5,NA,NA,NA,NA,"NS"
"P01009","HexNAc.5.Hex.5....N...rare1","Healthy","MECFS",0,0,0,0,0,NA,"NA",NA,NA,NA,5,5,NA,NA,NA,NA,"NS"
"P01009","HexNAc.5.Hex.5.Fuc.1....N...rare1","Healthy","MECFS",0,0,0,0,0,NA,"NA",NA,NA,NA,5,5,NA,NA,NA,NA,"NS"
"P01009","HexNAc.5.Hex.5.NeuAc.1....N...rare1","Healthy","MECFS",0,0,0,0,0,NA,"NA",NA,NA,NA,5,5,NA,NA,NA,NA,"NS"
"P01009","HexNAc.5.Hex.5.NeuAc.1.Fuc.1....N...rare1","Healthy","MECFS",0,0,0,0,0,NA,"NA",NA,NA,NA,5,5,NA,NA,NA,NA,"NS"
"P01009","HexNAc.5.Hex.5.NeuAc.2.Fuc.1....N...rare1","Healthy","MECFS",0,0,0,0,0,NA,"NA",NA,NA,NA,5,5,NA,NA,NA,NA,"NS"
"P01009","HexNAc.5.Hex.6.NeuAc.1....N...rare1","Healthy","MECFS",0,0,0,0,0,NA,"NA",NA,NA,NA,5,5,NA,NA,NA,NA,"NS"
"P01009","HexNAc.5.Hex.6.NeuAc.2....N...rare1","Healthy","MECFS",0,0,0,0,0,NA,"NA",NA,NA,NA,5,5,NA,NA,NA,NA,"NS"
"P01009","HexNAc.5.Hex.6.NeuAc.2.Fuc.1....N...rare1","Healthy","MECFS",0,0,0,0,0,NA,"NA",NA,NA,NA,5,5,NA,NA,NA,NA,"NS"
"P01009","HexNAc.6.Hex.7.NeuAc.1....N...rare1","Healthy","MECFS",0,0,0,0,0,NA,"NA",NA,NA,NA,5,5,NA,NA,NA,NA,"NS"
"P01009","HexNAc.6.Hex.7.NeuAc.2.Fuc.1....N...rare1","Healthy","MECFS",0,0,0,0,0,NA,"NA",NA,NA,NA,5,5,NA,NA,NA,NA,"NS"
"P01011","HexNAc.2.Hex.10....N...rare1","Healthy","MECFS",0,0,0,0,0,NA,"NA",NA,NA,NA,5,5,NA,NA,NA,NA,"NS"
"P01011","HexNAc.2.Hex.5....N...rare1","Healthy","MECFS",0,0,0,0,0,NA,"NA",NA,NA,NA,5,5,NA,NA,NA,NA,"NS"
"P01011","HexNAc.2.Hex.6....N...rare1","Healthy","MECFS",0,0,0,0,0,NA,"NA",NA,NA,NA,5,5,NA,NA,NA,NA,"NS"
"P01011","HexNAc.2.Hex.7....N...rare1","Healthy","MECFS",0,0,0,0,0,NA,"NA",NA,NA,NA,5,5,NA,NA,NA,NA,"NS"
"P01011","HexNAc.2.Hex.8....N...rare1","Healthy","MECFS",0,0,0,0,0,NA,"NA",NA,NA,NA,5,5,NA,NA,NA,NA,"NS"
"P01011","HexNAc.2.Hex.9....N...rare1","Healthy","MECFS",0,0,0,0,0,NA,"NA",NA,NA,NA,5,5,NA,NA,NA,NA,"NS"
"P01011","HexNAc.3.Hex.4.NeuAc.1....N...rare1","Healthy","MECFS",0,0,0,0,0,NA,"NA",NA,NA,NA,5,5,NA,NA,NA,NA,"NS"
"P01011","HexNAc.3.Hex.4.NeuAc.1.Fuc.1....N...rare1","Healthy","MECFS",0,0,0,0,0,NA,"NA",NA,NA,NA,5,5,NA,NA,NA,NA,"NS"
"P01011","HexNAc.3.Hex.5....N...rare1","Healthy","MECFS",0,0,0,0,0,NA,"NA",NA,NA,NA,5,5,NA,NA,NA,NA,"NS"
"P01011","HexNAc.3.Hex.5.NeuAc.1....N...rare1","Healthy","MECFS",0,0,0,0,0,NA,"NA",NA,NA,NA,5,5,NA,NA,NA,NA,"NS"
"P01011","HexNAc.3.Hex.6....N...rare1","Healthy","MECFS",0,0,0,0,0,NA,"NA",NA,NA,NA,5,5,NA,NA,NA,NA,"NS"
"P01011","HexNAc.3.Hex.6.NeuAc.1....N...rare1","Healthy","MECFS",0,0,0,0,0,NA,"NA",NA,NA,NA,5,5,NA,NA,NA,NA,"NS"
"P01011","HexNAc.4.Hex.3....N...rare1","Healthy","MECFS",0,0,0,0,0,NA,"NA",NA,NA,NA,5,5,NA,NA,NA,NA,"NS"
"P01011","HexNAc.4.Hex.3.Fuc.1....N...rare1","Healthy","MECFS",0,0,0,0,0,NA,"NA",NA,NA,NA,5,5,NA,NA,NA,NA,"NS"
"P01011","HexNAc.4.Hex.4....N...rare1","Healthy","MECFS",0,0,0,0,0,NA,"NA",NA,NA,NA,5,5,NA,NA,NA,NA,"NS"
"P01011","HexNAc.4.Hex.4.Fuc.1....N...rare1","Healthy","MECFS",0,0,0,0,0,NA,"NA",NA,NA,NA,5,5,NA,NA,NA,NA,"NS"
"P01011","HexNAc.4.Hex.4.NeuAc.1....N...rare1","Healthy","MECFS",0,0,0,0,0,NA,"NA",NA,NA,NA,5,5,NA,NA,NA,NA,"NS"
"P01011","HexNAc.4.Hex.5....N...rare1","Healthy","MECFS",0,0,0,0,0,NA,"NA",NA,NA,NA,5,5,NA,NA,NA,NA,"NS"
"P01011","HexNAc.4.Hex.5.Fuc.1....N...rare1","Healthy","MECFS",0,0,0,0,0,NA,"NA",NA,NA,NA,5,5,NA,NA,NA,NA,"NS"
"P01011","HexNAc.4.Hex.5.NeuAc.1....N...rare1","Healthy","MECFS",0,0,0,0,0,NA,"NA",NA,NA,NA,5,5,NA,NA,NA,NA,"NS"
"P01011","HexNAc.4.Hex.5.NeuAc.1.Fuc.1....N...rare1","Healthy","MECFS",0,0,0,0,0,NA,"NA",NA,NA,NA,5,5,NA,NA,NA,NA,"NS"
"P01011","HexNAc.4.Hex.5.NeuAc.2.Fuc.1....N...rare1","Healthy","MECFS",0,0,0,0,0,NA,"NA",NA,NA,NA,5,5,NA,NA,NA,NA,"NS"
"P01011","HexNAc.4.Hex.6.NeuAc.1....N...rare1","Healthy","MECFS",0,0,0,0,0,NA,"NA",NA,NA,NA,5,5,NA,NA,NA,NA,"NS"
"P01011","HexNAc.5.Hex.3....N...rare1","Healthy","MECFS",0,0,0,0,0,NA,"NA",NA,NA,NA,5,5,NA,NA,NA,NA,"NS"
"P01011","HexNAc.5.Hex.3.Fuc.1....N...rare1","Healthy","MECFS",0,0,0,0,0,NA,"NA",NA,NA,NA,5,5,NA,NA,NA,NA,"NS"
"P01011","HexNAc.5.Hex.4....N...rare1","Healthy","MECFS",0,0,0,0,0,NA,"NA",NA,NA,NA,5,5,NA,NA,NA,NA,"NS"
"P01011","HexNAc.5.Hex.4.Fuc.1....N...rare1","Healthy","MECFS",0,0,0,0,0,NA,"NA",NA,NA,NA,5,5,NA,NA,NA,NA,"NS"
"P01011","HexNAc.5.Hex.4.NeuAc.1....N...rare1","Healthy","MECFS",0,0,0,0,0,NA,"NA",NA,NA,NA,5,5,NA,NA,NA,NA,"NS"
"P01011","HexNAc.5.Hex.4.NeuAc.1.Fuc.1....N...rare1","Healthy","MECFS",0,0,0,0,0,NA,"NA",NA,NA,NA,5,5,NA,NA,NA,NA,"NS"
"P01011","HexNAc.5.Hex.5....N...rare1","Healthy","MECFS",0,0,0,0,0,NA,"NA",NA,NA,NA,5,5,NA,NA,NA,NA,"NS"
"P01011","HexNAc.5.Hex.5.Fuc.1....N...rare1","Healthy","MECFS",0,0,0,0,0,NA,"NA",NA,NA,NA,5,5,NA,NA,NA,NA,"NS"
"P01011","HexNAc.5.Hex.5.NeuAc.1....N...rare1","Healthy","MECFS",0,0,0,0,0,NA,"NA",NA,NA,NA,5,5,NA,NA,NA,NA,"NS"
"P01011","HexNAc.5.Hex.5.NeuAc.1.Fuc.1....N...rare1","Healthy","MECFS",0,0,0,0,0,NA,"NA",NA,NA,NA,5,5,NA,NA,NA,NA,"NS"
"P01011","HexNAc.5.Hex.5.NeuAc.2.Fuc.1....N...rare1","Healthy","MECFS",0,0,0,0,0,NA,"NA",NA,NA,NA,5,5,NA,NA,NA,NA,"NS"
"P01011","HexNAc.5.Hex.6.NeuAc.1....N...rare1","Healthy","MECFS",0,0,0,0,0,NA,"NA",NA,NA,NA,5,5,NA,NA,NA,NA,"NS"
"P01011","HexNAc.5.Hex.6.NeuAc.2....N...rare1","Healthy","MECFS",0,0,0,0,0,NA,"NA",NA,NA,NA,5,5,NA,NA,NA,NA,"NS"
"P01011","HexNAc.5.Hex.6.NeuAc.2.Fuc.1....N...rare1","Healthy","MECFS",0,0,0,0,0,NA,"NA",NA,NA,NA,5,5,NA,NA,NA,NA,"NS"
"P01011","HexNAc.6.Hex.7.NeuAc.1....N...rare1","Healthy","MECFS",0,0,0,0,0,NA,"NA",NA,NA,NA,5,5,NA,NA,NA,NA,"NS"
"P01011","HexNAc.6.Hex.7.NeuAc.2.Fuc.1....N...rare1","Healthy","MECFS",0,0,0,0,0,NA,"NA",NA,NA,NA,5,5,NA,NA,NA,NA,"NS"
"P01019","HexNAc.2.Hex.10....N...rare1","Healthy","MECFS",0,0,0,0,0,NA,"NA",NA,NA,NA,5,5,NA,NA,NA,NA,"NS"
"P01019","HexNAc.2.Hex.5....N...rare1","Healthy","MECFS",0,0,0,0,0,NA,"NA",NA,NA,NA,5,5,NA,NA,NA,NA,"NS"
"P01019","HexNAc.2.Hex.6....N...rare1","Healthy","MECFS",0,0,0,0,0,NA,"NA",NA,NA,NA,5,5,NA,NA,NA,NA,"NS"
"P01019","HexNAc.2.Hex.7....N...rare1","Healthy","MECFS",0,0,0,0,0,NA,"NA",NA,NA,NA,5,5,NA,NA,NA,NA,"NS"
"P01019","HexNAc.2.Hex.8....N...rare1","Healthy","MECFS",0,0,0,0,0,NA,"NA",NA,NA,NA,5,5,NA,NA,NA,NA,"NS"
"P01019","HexNAc.2.Hex.9....N...rare1","Healthy","MECFS",0,0,0,0,0,NA,"NA",NA,NA,NA,5,5,NA,NA,NA,NA,"NS"
"P01019","HexNAc.3.Hex.4.NeuAc.1.Fuc.1....N...rare1","Healthy","MECFS",0,0,0,0,0,NA,"NA",NA,NA,NA,5,5,NA,NA,NA,NA,"NS"
"P01019","HexNAc.3.Hex.5....N...rare1","Healthy","MECFS",0,0,0,0,0,NA,"NA",NA,NA,NA,5,5,NA,NA,NA,NA,"NS"
"P01019","HexNAc.3.Hex.5.NeuAc.1....N...rare1","Healthy","MECFS",0,0,0,0,0,NA,"NA",NA,NA,NA,5,5,NA,NA,NA,NA,"NS"
"P01019","HexNAc.3.Hex.6....N...rare1","Healthy","MECFS",0,0,0,0,0,NA,"NA",NA,NA,NA,5,5,NA,NA,NA,NA,"NS"
"P01019","HexNAc.3.Hex.6.NeuAc.1....N...rare1","Healthy","MECFS",0,0,0,0,0,NA,"NA",NA,NA,NA,5,5,NA,NA,NA,NA,"NS"
"P01019","HexNAc.4.Hex.3....N...rare1","Healthy","MECFS",0,0,0,0,0,NA,"NA",NA,NA,NA,5,5,NA,NA,NA,NA,"NS"
"P01019","HexNAc.4.Hex.3.Fuc.1....N...rare1","Healthy","MECFS",0,0,0,0,0,NA,"NA",NA,NA,NA,5,5,NA,NA,NA,NA,"NS"
"P01019","HexNAc.4.Hex.4....N...rare1","Healthy","MECFS",0,0,0,0,0,NA,"NA",NA,NA,NA,5,5,NA,NA,NA,NA,"NS"
"P01019","HexNAc.4.Hex.4.Fuc.1....N...rare1","Healthy","MECFS",0,0,0,0,0,NA,"NA",NA,NA,NA,5,5,NA,NA,NA,NA,"NS"
"P01019","HexNAc.4.Hex.4.NeuAc.1....N...rare1","Healthy","MECFS",0,0,0,0,0,NA,"NA",NA,NA,NA,5,5,NA,NA,NA,NA,"NS"
"P01019","HexNAc.4.Hex.5.Fuc.1....N...rare1","Healthy","MECFS",0,0,0,0,0,NA,"NA",NA,NA,NA,5,5,NA,NA,NA,NA,"NS"
"P01019","HexNAc.4.Hex.6.NeuAc.1....N...rare1","Healthy","MECFS",0,0,0,0,0,NA,"NA",NA,NA,NA,5,5,NA,NA,NA,NA,"NS"
"P01019","HexNAc.5.Hex.3....N...rare1","Healthy","MECFS",0,0,0,0,0,NA,"NA",NA,NA,NA,5,5,NA,NA,NA,NA,"NS"
"P01019","HexNAc.5.Hex.3.Fuc.1....N...rare1","Healthy","MECFS",0,0,0,0,0,NA,"NA",NA,NA,NA,5,5,NA,NA,NA,NA,"NS"
"P01019","HexNAc.5.Hex.4....N...rare1","Healthy","MECFS",0,0,0,0,0,NA,"NA",NA,NA,NA,5,5,NA,NA,NA,NA,"NS"
"P01019","HexNAc.5.Hex.4.Fuc.1....N...rare1","Healthy","MECFS",0,0,0,0,0,NA,"NA",NA,NA,NA,5,5,NA,NA,NA,NA,"NS"
"P01019","HexNAc.5.Hex.4.NeuAc.1....N...rare1","Healthy","MECFS",0,0,0,0,0,NA,"NA",NA,NA,NA,5,5,NA,NA,NA,NA,"NS"
"P01019","HexNAc.5.Hex.4.NeuAc.1.Fuc.1....N...rare1","Healthy","MECFS",0,0,0,0,0,NA,"NA",NA,NA,NA,5,5,NA,NA,NA,NA,"NS"
"P01019","HexNAc.5.Hex.5....N...rare1","Healthy","MECFS",0,0,0,0,0,NA,"NA",NA,NA,NA,5,5,NA,NA,NA,NA,"NS"
"P01019","HexNAc.5.Hex.5.Fuc.1....N...rare1","Healthy","MECFS",0,0,0,0,0,NA,"NA",NA,NA,NA,5,5,NA,NA,NA,NA,"NS"
"P01019","HexNAc.5.Hex.5.NeuAc.1....N...rare1","Healthy","MECFS",0,0,0,0,0,NA,"NA",NA,NA,NA,5,5,NA,NA,NA,NA,"NS"
"P01019","HexNAc.5.Hex.5.NeuAc.1.Fuc.1....N...rare1","Healthy","MECFS",0,0,0,0,0,NA,"NA",NA,NA,NA,5,5,NA,NA,NA,NA,"NS"
"P01019","HexNAc.5.Hex.5.NeuAc.2.Fuc.1....N...rare1","Healthy","MECFS",0,0,0,0,0,NA,"NA",NA,NA,NA,5,5,NA,NA,NA,NA,"NS"
"P01019","HexNAc.5.Hex.6.NeuAc.2.Fuc.1....N...rare1","Healthy","MECFS",0,0,0,0,0,NA,"NA",NA,NA,NA,5,5,NA,NA,NA,NA,"NS"
"P01019","HexNAc.6.Hex.7.NeuAc.1....N...rare1","Healthy","MECFS",0,0,0,0,0,NA,"NA",NA,NA,NA,5,5,NA,NA,NA,NA,"NS"
"P01019","HexNAc.6.Hex.7.NeuAc.2.Fuc.1....N...rare1","Healthy","MECFS",0,0,0,0,0,NA,"NA",NA,NA,NA,5,5,NA,NA,NA,NA,"NS"
"P01023","HexNAc.2.Hex.10....N...rare1","Healthy","MECFS",0,0,0,0,0,NA,"NA",NA,NA,NA,5,5,NA,NA,NA,NA,"NS"
"P01023","HexNAc.2.Hex.8....N...rare1","Healthy","MECFS",0,0,0,0,0,NA,"NA",NA,NA,NA,5,5,NA,NA,NA,NA,"NS"
"P01023","HexNAc.2.Hex.9....N...rare1","Healthy","MECFS",0,0,0,0,0,NA,"NA",NA,NA,NA,5,5,NA,NA,NA,NA,"NS"
"P01023","HexNAc.3.Hex.4.NeuAc.1.Fuc.1....N...rare1","Healthy","MECFS",0,0,0,0,0,NA,"NA",NA,NA,NA,5,5,NA,NA,NA,NA,"NS"
"P01023","HexNAc.4.Hex.3....N...rare1","Healthy","MECFS",0,0,0,0,0,NA,"NA",NA,NA,NA,5,5,NA,NA,NA,NA,"NS"
"P01023","HexNAc.4.Hex.3.Fuc.1....N...rare1","Healthy","MECFS",0,0,0,0,0,NA,"NA",NA,NA,NA,5,5,NA,NA,NA,NA,"NS"
"P01023","HexNAc.4.Hex.4.Fuc.1....N...rare1","Healthy","MECFS",0,0,0,0,0,NA,"NA",NA,NA,NA,5,5,NA,NA,NA,NA,"NS"
"P01023","HexNAc.4.Hex.5.Fuc.1....N...rare1","Healthy","MECFS",0,0,0,0,0,NA,"NA",NA,NA,NA,5,5,NA,NA,NA,NA,"NS"
"P01023","HexNAc.4.Hex.5.NeuAc.2.Fuc.1....N...rare1","Healthy","MECFS",0,0,0,0,0,NA,"NA",NA,NA,NA,5,5,NA,NA,NA,NA,"NS"
"P01023","HexNAc.4.Hex.6.NeuAc.1....N...rare1","Healthy","MECFS",0,0,0,0,0,NA,"NA",NA,NA,NA,5,5,NA,NA,NA,NA,"NS"
"P01023","HexNAc.5.Hex.3....N...rare1","Healthy","MECFS",0,0,0,0,0,NA,"NA",NA,NA,NA,5,5,NA,NA,NA,NA,"NS"
"P01023","HexNAc.5.Hex.3.Fuc.1....N...rare1","Healthy","MECFS",0,0,0,0,0,NA,"NA",NA,NA,NA,5,5,NA,NA,NA,NA,"NS"
"P01023","HexNAc.5.Hex.4....N...rare1","Healthy","MECFS",0,0,0,0,0,NA,"NA",NA,NA,NA,5,5,NA,NA,NA,NA,"NS"
"P01023","HexNAc.5.Hex.4.Fuc.1....N...rare1","Healthy","MECFS",0,0,0,0,0,NA,"NA",NA,NA,NA,5,5,NA,NA,NA,NA,"NS"
"P01023","HexNAc.5.Hex.4.NeuAc.1....N...rare1","Healthy","MECFS",0,0,0,0,0,NA,"NA",NA,NA,NA,5,5,NA,NA,NA,NA,"NS"
"P01023","HexNAc.5.Hex.4.NeuAc.1.Fuc.1....N...rare1","Healthy","MECFS",0,0,0,0,0,NA,"NA",NA,NA,NA,5,5,NA,NA,NA,NA,"NS"
"P01023","HexNAc.5.Hex.5....N...rare1","Healthy","MECFS",0,0,0,0,0,NA,"NA",NA,NA,NA,5,5,NA,NA,NA,NA,"NS"
"P01023","HexNAc.5.Hex.5.NeuAc.1....N...rare1","Healthy","MECFS",0,0,0,0,0,NA,"NA",NA,NA,NA,5,5,NA,NA,NA,NA,"NS"
"P01023","HexNAc.5.Hex.5.NeuAc.1.Fuc.1....N...rare1","Healthy","MECFS",0,0,0,0,0,NA,"NA",NA,NA,NA,5,5,NA,NA,NA,NA,"NS"
"P01023","HexNAc.5.Hex.5.NeuAc.2.Fuc.1....N...rare1","Healthy","MECFS",0,0,0,0,0,NA,"NA",NA,NA,NA,5,5,NA,NA,NA,NA,"NS"
"P01023","HexNAc.5.Hex.6.NeuAc.1....N...rare1","Healthy","MECFS",0,0,0,0,0,NA,"NA",NA,NA,NA,5,5,NA,NA,NA,NA,"NS"
"P01023","HexNAc.5.Hex.6.NeuAc.2....N...rare1","Healthy","MECFS",0,0,0,0,0,NA,"NA",NA,NA,NA,5,5,NA,NA,NA,NA,"NS"
"P01023","HexNAc.5.Hex.6.NeuAc.2.Fuc.1....N...rare1","Healthy","MECFS",0,0,0,0,0,NA,"NA",NA,NA,NA,5,5,NA,NA,NA,NA,"NS"
"P01023","HexNAc.5.Hex.6.NeuAc.3....N...rare1","Healthy","MECFS",0,0,0,0,0,NA,"NA",NA,NA,NA,5,5,NA,NA,NA,NA,"NS"
"P01023","HexNAc.6.Hex.7.NeuAc.1....N...rare1","Healthy","MECFS",0,0,0,0,0,NA,"NA",NA,NA,NA,5,5,NA,NA,NA,NA,"NS"
"P01023","HexNAc.6.Hex.7.NeuAc.2.Fuc.1....N...rare1","Healthy","MECFS",0,0,0,0,0,NA,"NA",NA,NA,NA,5,5,NA,NA,NA,NA,"NS"
"P01024","HexNAc.3.Hex.4.NeuAc.1....N...rare1","Healthy","MECFS",0,0,0,0,0,NA,"NA",NA,NA,NA,5,5,NA,NA,NA,NA,"NS"
"P01024","HexNAc.3.Hex.4.NeuAc.1.Fuc.1....N...rare1","Healthy","MECFS",0,0,0,0,0,NA,"NA",NA,NA,NA,5,5,NA,NA,NA,NA,"NS"
"P01024","HexNAc.3.Hex.5.NeuAc.1....N...rare1","Healthy","MECFS",0,0,0,0,0,NA,"NA",NA,NA,NA,5,5,NA,NA,NA,NA,"NS"
"P01024","HexNAc.4.Hex.3....N...rare1","Healthy","MECFS",0,0,0,0,0,NA,"NA",NA,NA,NA,5,5,NA,NA,NA,NA,"NS"
"P01024","HexNAc.4.Hex.3.Fuc.1....N...rare1","Healthy","MECFS",0,0,0,0,0,NA,"NA",NA,NA,NA,5,5,NA,NA,NA,NA,"NS"
"P01024","HexNAc.4.Hex.4....N...rare1","Healthy","MECFS",0,0,0,0,0,NA,"NA",NA,NA,NA,5,5,NA,NA,NA,NA,"NS"
"P01024","HexNAc.4.Hex.4.Fuc.1....N...rare1","Healthy","MECFS",0,0,0,0,0,NA,"NA",NA,NA,NA,5,5,NA,NA,NA,NA,"NS"
"P01024","HexNAc.4.Hex.4.NeuAc.1....N...rare1","Healthy","MECFS",0,0,0,0,0,NA,"NA",NA,NA,NA,5,5,NA,NA,NA,NA,"NS"
"P01024","HexNAc.4.Hex.5....N...rare1","Healthy","MECFS",0,0,0,0,0,NA,"NA",NA,NA,NA,5,5,NA,NA,NA,NA,"NS"
"P01024","HexNAc.4.Hex.5.Fuc.1....N...rare1","Healthy","MECFS",0,0,0,0,0,NA,"NA",NA,NA,NA,5,5,NA,NA,NA,NA,"NS"
"P01024","HexNAc.4.Hex.5.NeuAc.1....N...rare1","Healthy","MECFS",0,0,0,0,0,NA,"NA",NA,NA,NA,5,5,NA,NA,NA,NA,"NS"
"P01024","HexNAc.4.Hex.5.NeuAc.1.Fuc.1....N...rare1","Healthy","MECFS",0,0,0,0,0,NA,"NA",NA,NA,NA,5,5,NA,NA,NA,NA,"NS"
"P01024","HexNAc.4.Hex.5.NeuAc.2....N...rare1","Healthy","MECFS",0,0,0,0,0,NA,"NA",NA,NA,NA,5,5,NA,NA,NA,NA,"NS"
"P01024","HexNAc.4.Hex.5.NeuAc.2.Fuc.1....N...rare1","Healthy","MECFS",0,0,0,0,0,NA,"NA",NA,NA,NA,5,5,NA,NA,NA,NA,"NS"
"P01024","HexNAc.4.Hex.6.NeuAc.1....N...rare1","Healthy","MECFS",0,0,0,0,0,NA,"NA",NA,NA,NA,5,5,NA,NA,NA,NA,"NS"
"P01024","HexNAc.5.Hex.3....N...rare1","Healthy","MECFS",0,0,0,0,0,NA,"NA",NA,NA,NA,5,5,NA,NA,NA,NA,"NS"
"P01024","HexNAc.5.Hex.3.Fuc.1....N...rare1","Healthy","MECFS",0,0,0,0,0,NA,"NA",NA,NA,NA,5,5,NA,NA,NA,NA,"NS"
"P01024","HexNAc.5.Hex.4....N...rare1","Healthy","MECFS",0,0,0,0,0,NA,"NA",NA,NA,NA,5,5,NA,NA,NA,NA,"NS"
"P01024","HexNAc.5.Hex.4.Fuc.1....N...rare1","Healthy","MECFS",0,0,0,0,0,NA,"NA",NA,NA,NA,5,5,NA,NA,NA,NA,"NS"
"P01024","HexNAc.5.Hex.4.NeuAc.1....N...rare1","Healthy","MECFS",0,0,0,0,0,NA,"NA",NA,NA,NA,5,5,NA,NA,NA,NA,"NS"
"P01024","HexNAc.5.Hex.4.NeuAc.1.Fuc.1....N...rare1","Healthy","MECFS",0,0,0,0,0,NA,"NA",NA,NA,NA,5,5,NA,NA,NA,NA,"NS"
"P01024","HexNAc.5.Hex.5....N...rare1","Healthy","MECFS",0,0,0,0,0,NA,"NA",NA,NA,NA,5,5,NA,NA,NA,NA,"NS"
"P01024","HexNAc.5.Hex.5.Fuc.1....N...rare1","Healthy","MECFS",0,0,0,0,0,NA,"NA",NA,NA,NA,5,5,NA,NA,NA,NA,"NS"
"P01024","HexNAc.5.Hex.5.NeuAc.1....N...rare1","Healthy","MECFS",0,0,0,0,0,NA,"NA",NA,NA,NA,5,5,NA,NA,NA,NA,"NS"
"P01024","HexNAc.5.Hex.5.NeuAc.1.Fuc.1....N...rare1","Healthy","MECFS",0,0,0,0,0,NA,"NA",NA,NA,NA,5,5,NA,NA,NA,NA,"NS"
"P01024","HexNAc.5.Hex.5.NeuAc.2.Fuc.1....N...rare1","Healthy","MECFS",0,0,0,0,0,NA,"NA",NA,NA,NA,5,5,NA,NA,NA,NA,"NS"
"P01024","HexNAc.5.Hex.6.NeuAc.1....N...rare1","Healthy","MECFS",0,0,0,0,0,NA,"NA",NA,NA,NA,5,5,NA,NA,NA,NA,"NS"
"P01024","HexNAc.5.Hex.6.NeuAc.2....N...rare1","Healthy","MECFS",0,0,0,0,0,NA,"NA",NA,NA,NA,5,5,NA,NA,NA,NA,"NS"
"P01024","HexNAc.5.Hex.6.NeuAc.2.Fuc.1....N...rare1","Healthy","MECFS",0,0,0,0,0,NA,"NA",NA,NA,NA,5,5,NA,NA,NA,NA,"NS"
"P01024","HexNAc.5.Hex.6.NeuAc.3....N...rare1","Healthy","MECFS",0,0,0,0,0,NA,"NA",NA,NA,NA,5,5,NA,NA,NA,NA,"NS"
"P01024","HexNAc.6.Hex.7.NeuAc.1....N...rare1","Healthy","MECFS",0,0,0,0,0,NA,"NA",NA,NA,NA,5,5,NA,NA,NA,NA,"NS"
"P01024","HexNAc.6.Hex.7.NeuAc.2.Fuc.1....N...rare1","Healthy","MECFS",0,0,0,0,0,NA,"NA",NA,NA,NA,5,5,NA,NA,NA,NA,"NS"
"P01031","HexNAc.2.Hex.10....N...rare1","Healthy","MECFS",0,0,0,0,0,NA,"NA",NA,NA,NA,5,5,NA,NA,NA,NA,"NS"
"P01031","HexNAc.2.Hex.5....N...rare1","Healthy","MECFS",0,0,0,0,0,NA,"NA",NA,NA,NA,5,5,NA,NA,NA,NA,"NS"
"P01031","HexNAc.2.Hex.6....N...rare1","Healthy","MECFS",0,0,0,0,0,NA,"NA",NA,NA,NA,5,5,NA,NA,NA,NA,"NS"
"P01031","HexNAc.2.Hex.7....N...rare1","Healthy","MECFS",0,0,0,0,0,NA,"NA",NA,NA,NA,5,5,NA,NA,NA,NA,"NS"
"P01031","HexNAc.2.Hex.8....N...rare1","Healthy","MECFS",0,0,0,0,0,NA,"NA",NA,NA,NA,5,5,NA,NA,NA,NA,"NS"
"P01031","HexNAc.2.Hex.9....N...rare1","Healthy","MECFS",0,0,0,0,0,NA,"NA",NA,NA,NA,5,5,NA,NA,NA,NA,"NS"
"P01031","HexNAc.3.Hex.4.NeuAc.1....N...rare1","Healthy","MECFS",0,0,0,0,0,NA,"NA",NA,NA,NA,5,5,NA,NA,NA,NA,"NS"
"P01031","HexNAc.3.Hex.4.NeuAc.1.Fuc.1....N...rare1","Healthy","MECFS",0,0,0,0,0,NA,"NA",NA,NA,NA,5,5,NA,NA,NA,NA,"NS"
"P01031","HexNAc.3.Hex.5....N...rare1","Healthy","MECFS",0,0,0,0,0,NA,"NA",NA,NA,NA,5,5,NA,NA,NA,NA,"NS"
"P01031","HexNAc.3.Hex.5.NeuAc.1....N...rare1","Healthy","MECFS",0,0,0,0,0,NA,"NA",NA,NA,NA,5,5,NA,NA,NA,NA,"NS"
"P01031","HexNAc.3.Hex.6....N...rare1","Healthy","MECFS",0,0,0,0,0,NA,"NA",NA,NA,NA,5,5,NA,NA,NA,NA,"NS"
"P01031","HexNAc.3.Hex.6.NeuAc.1....N...rare1","Healthy","MECFS",0,0,0,0,0,NA,"NA",NA,NA,NA,5,5,NA,NA,NA,NA,"NS"
"P01031","HexNAc.4.Hex.3....N...rare1","Healthy","MECFS",0,0,0,0,0,NA,"NA",NA,NA,NA,5,5,NA,NA,NA,NA,"NS"
"P01031","HexNAc.4.Hex.3.Fuc.1....N...rare1","Healthy","MECFS",0,0,0,0,0,NA,"NA",NA,NA,NA,5,5,NA,NA,NA,NA,"NS"
"P01031","HexNAc.4.Hex.4....N...rare1","Healthy","MECFS",0,0,0,0,0,NA,"NA",NA,NA,NA,5,5,NA,NA,NA,NA,"NS"
"P01031","HexNAc.4.Hex.4.Fuc.1....N...rare1","Healthy","MECFS",0,0,0,0,0,NA,"NA",NA,NA,NA,5,5,NA,NA,NA,NA,"NS"
"P01031","HexNAc.4.Hex.4.NeuAc.1....N...rare1","Healthy","MECFS",0,0,0,0,0,NA,"NA",NA,NA,NA,5,5,NA,NA,NA,NA,"NS"
"P01031","HexNAc.4.Hex.5....N...rare1","Healthy","MECFS",0,0,0,0,0,NA,"NA",NA,NA,NA,5,5,NA,NA,NA,NA,"NS"
"P01031","HexNAc.4.Hex.5.Fuc.1....N...rare1","Healthy","MECFS",0,0,0,0,0,NA,"NA",NA,NA,NA,5,5,NA,NA,NA,NA,"NS"
"P01031","HexNAc.4.Hex.5.NeuAc.1....N...rare1","Healthy","MECFS",0,0,0,0,0,NA,"NA",NA,NA,NA,5,5,NA,NA,NA,NA,"NS"
"P01031","HexNAc.4.Hex.5.NeuAc.1.Fuc.1....N...rare1","Healthy","MECFS",0,0,0,0,0,NA,"NA",NA,NA,NA,5,5,NA,NA,NA,NA,"NS"
"P01031","HexNAc.4.Hex.6.NeuAc.1....N...rare1","Healthy","MECFS",0,0,0,0,0,NA,"NA",NA,NA,NA,5,5,NA,NA,NA,NA,"NS"
"P01031","HexNAc.5.Hex.3....N...rare1","Healthy","MECFS",0,0,0,0,0,NA,"NA",NA,NA,NA,5,5,NA,NA,NA,NA,"NS"
"P01031","HexNAc.5.Hex.3.Fuc.1....N...rare1","Healthy","MECFS",0,0,0,0,0,NA,"NA",NA,NA,NA,5,5,NA,NA,NA,NA,"NS"
"P01031","HexNAc.5.Hex.4....N...rare1","Healthy","MECFS",0,0,0,0,0,NA,"NA",NA,NA,NA,5,5,NA,NA,NA,NA,"NS"
"P01031","HexNAc.5.Hex.4.Fuc.1....N...rare1","Healthy","MECFS",0,0,0,0,0,NA,"NA",NA,NA,NA,5,5,NA,NA,NA,NA,"NS"
"P01031","HexNAc.5.Hex.4.NeuAc.1....N...rare1","Healthy","MECFS",0,0,0,0,0,NA,"NA",NA,NA,NA,5,5,NA,NA,NA,NA,"NS"
"P01031","HexNAc.5.Hex.4.NeuAc.1.Fuc.1....N...rare1","Healthy","MECFS",0,0,0,0,0,NA,"NA",NA,NA,NA,5,5,NA,NA,NA,NA,"NS"
"P01031","HexNAc.5.Hex.5....N...rare1","Healthy","MECFS",0,0,0,0,0,NA,"NA",NA,NA,NA,5,5,NA,NA,NA,NA,"NS"
"P01031","HexNAc.5.Hex.5.Fuc.1....N...rare1","Healthy","MECFS",0,0,0,0,0,NA,"NA",NA,NA,NA,5,5,NA,NA,NA,NA,"NS"
"P01031","HexNAc.5.Hex.5.NeuAc.1....N...rare1","Healthy","MECFS",0,0,0,0,0,NA,"NA",NA,NA,NA,5,5,NA,NA,NA,NA,"NS"
"P01031","HexNAc.5.Hex.5.NeuAc.1.Fuc.1....N...rare1","Healthy","MECFS",0,0,0,0,0,NA,"NA",NA,NA,NA,5,5,NA,NA,NA,NA,"NS"
"P01031","HexNAc.5.Hex.5.NeuAc.2.Fuc.1....N...rare1","Healthy","MECFS",0,0,0,0,0,NA,"NA",NA,NA,NA,5,5,NA,NA,NA,NA,"NS"
"P01031","HexNAc.5.Hex.6.NeuAc.1....N...rare1","Healthy","MECFS",0,0,0,0,0,NA,"NA",NA,NA,NA,5,5,NA,NA,NA,NA,"NS"
"P01031","HexNAc.5.Hex.6.NeuAc.2....N...rare1","Healthy","MECFS",0,0,0,0,0,NA,"NA",NA,NA,NA,5,5,NA,NA,NA,NA,"NS"
"P01031","HexNAc.5.Hex.6.NeuAc.2.Fuc.1....N...rare1","Healthy","MECFS",0,0,0,0,0,NA,"NA",NA,NA,NA,5,5,NA,NA,NA,NA,"NS"
"P01031","HexNAc.5.Hex.6.NeuAc.3....N...rare1","Healthy","MECFS",0,0,0,0,0,NA,"NA",NA,NA,NA,5,5,NA,NA,NA,NA,"NS"
"P01031","HexNAc.6.Hex.7.NeuAc.1....N...rare1","Healthy","MECFS",0,0,0,0,0,NA,"NA",NA,NA,NA,5,5,NA,NA,NA,NA,"NS"
"P01031","HexNAc.6.Hex.7.NeuAc.2.Fuc.1....N...rare1","Healthy","MECFS",0,0,0,0,0,NA,"NA",NA,NA,NA,5,5,NA,NA,NA,NA,"NS"
"P01042","HexNAc.2.Hex.10....N...rare1","Healthy","MECFS",0,0,0,0,0,NA,"NA",NA,NA,NA,5,5,NA,NA,NA,NA,"NS"
"P01042","HexNAc.2.Hex.5....N...rare1","Healthy","MECFS",0,0,0,0,0,NA,"NA",NA,NA,NA,5,5,NA,NA,NA,NA,"NS"
"P01042","HexNAc.2.Hex.6....N...rare1","Healthy","MECFS",0,0,0,0,0,NA,"NA",NA,NA,NA,5,5,NA,NA,NA,NA,"NS"
"P01042","HexNAc.2.Hex.7....N...rare1","Healthy","MECFS",0,0,0,0,0,NA,"NA",NA,NA,NA,5,5,NA,NA,NA,NA,"NS"
"P01042","HexNAc.2.Hex.8....N...rare1","Healthy","MECFS",0,0,0,0,0,NA,"NA",NA,NA,NA,5,5,NA,NA,NA,NA,"NS"
"P01042","HexNAc.2.Hex.9....N...rare1","Healthy","MECFS",0,0,0,0,0,NA,"NA",NA,NA,NA,5,5,NA,NA,NA,NA,"NS"
"P01042","HexNAc.3.Hex.4.NeuAc.1....N...rare1","Healthy","MECFS",0,0,0,0,0,NA,"NA",NA,NA,NA,5,5,NA,NA,NA,NA,"NS"
"P01042","HexNAc.3.Hex.4.NeuAc.1.Fuc.1....N...rare1","Healthy","MECFS",0,0,0,0,0,NA,"NA",NA,NA,NA,5,5,NA,NA,NA,NA,"NS"
"P01042","HexNAc.3.Hex.5....N...rare1","Healthy","MECFS",0,0,0,0,0,NA,"NA",NA,NA,NA,5,5,NA,NA,NA,NA,"NS"
"P01042","HexNAc.3.Hex.5.NeuAc.1....N...rare1","Healthy","MECFS",0,0,0,0,0,NA,"NA",NA,NA,NA,5,5,NA,NA,NA,NA,"NS"
"P01042","HexNAc.3.Hex.6....N...rare1","Healthy","MECFS",0,0,0,0,0,NA,"NA",NA,NA,NA,5,5,NA,NA,NA,NA,"NS"
"P01042","HexNAc.3.Hex.6.NeuAc.1....N...rare1","Healthy","MECFS",0,0,0,0,0,NA,"NA",NA,NA,NA,5,5,NA,NA,NA,NA,"NS"
"P01042","HexNAc.4.Hex.3....N...rare1","Healthy","MECFS",0,0,0,0,0,NA,"NA",NA,NA,NA,5,5,NA,NA,NA,NA,"NS"
"P01042","HexNAc.4.Hex.3.Fuc.1....N...rare1","Healthy","MECFS",0,0,0,0,0,NA,"NA",NA,NA,NA,5,5,NA,NA,NA,NA,"NS"
"P01042","HexNAc.4.Hex.4....N...rare1","Healthy","MECFS",0,0,0,0,0,NA,"NA",NA,NA,NA,5,5,NA,NA,NA,NA,"NS"
"P01042","HexNAc.4.Hex.4.Fuc.1....N...rare1","Healthy","MECFS",0,0,0,0,0,NA,"NA",NA,NA,NA,5,5,NA,NA,NA,NA,"NS"
"P01042","HexNAc.4.Hex.4.NeuAc.1....N...rare1","Healthy","MECFS",0,0,0,0,0,NA,"NA",NA,NA,NA,5,5,NA,NA,NA,NA,"NS"
"P01042","HexNAc.4.Hex.5....N...rare1","Healthy","MECFS",0,0,0,0,0,NA,"NA",NA,NA,NA,5,5,NA,NA,NA,NA,"NS"
"P01042","HexNAc.4.Hex.5.Fuc.1....N...rare1","Healthy","MECFS",0,0,0,0,0,NA,"NA",NA,NA,NA,5,5,NA,NA,NA,NA,"NS"
"P01042","HexNAc.4.Hex.5.NeuAc.1.Fuc.1....N...rare1","Healthy","MECFS",0,0,0,0,0,NA,"NA",NA,NA,NA,5,5,NA,NA,NA,NA,"NS"
"P01042","HexNAc.4.Hex.6.NeuAc.1....N...rare1","Healthy","MECFS",0,0,0,0,0,NA,"NA",NA,NA,NA,5,5,NA,NA,NA,NA,"NS"
"P01042","HexNAc.5.Hex.3....N...rare1","Healthy","MECFS",0,0,0,0,0,NA,"NA",NA,NA,NA,5,5,NA,NA,NA,NA,"NS"
"P01042","HexNAc.5.Hex.3.Fuc.1....N...rare1","Healthy","MECFS",0,0,0,0,0,NA,"NA",NA,NA,NA,5,5,NA,NA,NA,NA,"NS"
"P01042","HexNAc.5.Hex.4....N...rare1","Healthy","MECFS",0,0,0,0,0,NA,"NA",NA,NA,NA,5,5,NA,NA,NA,NA,"NS"
"P01042","HexNAc.5.Hex.4.Fuc.1....N...rare1","Healthy","MECFS",0,0,0,0,0,NA,"NA",NA,NA,NA,5,5,NA,NA,NA,NA,"NS"
"P01042","HexNAc.5.Hex.4.NeuAc.1....N...rare1","Healthy","MECFS",0,0,0,0,0,NA,"NA",NA,NA,NA,5,5,NA,NA,NA,NA,"NS"
"P01042","HexNAc.5.Hex.4.NeuAc.1.Fuc.1....N...rare1","Healthy","MECFS",0,0,0,0,0,NA,"NA",NA,NA,NA,5,5,NA,NA,NA,NA,"NS"
"P01042","HexNAc.5.Hex.5....N...rare1","Healthy","MECFS",0,0,0,0,0,NA,"NA",NA,NA,NA,5,5,NA,NA,NA,NA,"NS"
"P01042","HexNAc.5.Hex.5.Fuc.1....N...rare1","Healthy","MECFS",0,0,0,0,0,NA,"NA",NA,NA,NA,5,5,NA,NA,NA,NA,"NS"
"P01042","HexNAc.5.Hex.5.NeuAc.1....N...rare1","Healthy","MECFS",0,0,0,0,0,NA,"NA",NA,NA,NA,5,5,NA,NA,NA,NA,"NS"
"P01042","HexNAc.5.Hex.5.NeuAc.1.Fuc.1....N...rare1","Healthy","MECFS",0,0,0,0,0,NA,"NA",NA,NA,NA,5,5,NA,NA,NA,NA,"NS"
"P01042","HexNAc.5.Hex.5.NeuAc.2.Fuc.1....N...rare1","Healthy","MECFS",0,0,0,0,0,NA,"NA",NA,NA,NA,5,5,NA,NA,NA,NA,"NS"
"P01042","HexNAc.5.Hex.6.NeuAc.1....N...rare1","Healthy","MECFS",0,0,0,0,0,NA,"NA",NA,NA,NA,5,5,NA,NA,NA,NA,"NS"
"P01042","HexNAc.6.Hex.7.NeuAc.1....N...rare1","Healthy","MECFS",0,0,0,0,0,NA,"NA",NA,NA,NA,5,5,NA,NA,NA,NA,"NS"
"P01042","HexNAc.6.Hex.7.NeuAc.2.Fuc.1....N...rare1","Healthy","MECFS",0,0,0,0,0,NA,"NA",NA,NA,NA,5,5,NA,NA,NA,NA,"NS"
"P01591","HexNAc.2.Hex.10....N...rare1","Healthy","MECFS",0,0,0,0,0,NA,"NA",NA,NA,NA,5,5,NA,NA,NA,NA,"NS"
"P01591","HexNAc.2.Hex.5....N...rare1","Healthy","MECFS",0,0,0,0,0,NA,"NA",NA,NA,NA,5,5,NA,NA,NA,NA,"NS"
"P01591","HexNAc.2.Hex.6....N...rare1","Healthy","MECFS",0,0,0,0,0,NA,"NA",NA,NA,NA,5,5,NA,NA,NA,NA,"NS"
"P01591","HexNAc.2.Hex.7....N...rare1","Healthy","MECFS",0,0,0,0,0,NA,"NA",NA,NA,NA,5,5,NA,NA,NA,NA,"NS"
"P01591","HexNAc.2.Hex.8....N...rare1","Healthy","MECFS",0,0,0,0,0,NA,"NA",NA,NA,NA,5,5,NA,NA,NA,NA,"NS"
"P01591","HexNAc.2.Hex.9....N...rare1","Healthy","MECFS",0,0,0,0,0,NA,"NA",NA,NA,NA,5,5,NA,NA,NA,NA,"NS"
"P01591","HexNAc.3.Hex.4.NeuAc.1....N...rare1","Healthy","MECFS",0,0,0,0,0,NA,"NA",NA,NA,NA,5,5,NA,NA,NA,NA,"NS"
"P01591","HexNAc.3.Hex.4.NeuAc.1.Fuc.1....N...rare1","Healthy","MECFS",0,0,0,0,0,NA,"NA",NA,NA,NA,5,5,NA,NA,NA,NA,"NS"
"P01591","HexNAc.3.Hex.5....N...rare1","Healthy","MECFS",0,0,0,0,0,NA,"NA",NA,NA,NA,5,5,NA,NA,NA,NA,"NS"
"P01591","HexNAc.3.Hex.5.NeuAc.1....N...rare1","Healthy","MECFS",0,0,0,0,0,NA,"NA",NA,NA,NA,5,5,NA,NA,NA,NA,"NS"
"P01591","HexNAc.3.Hex.6....N...rare1","Healthy","MECFS",0,0,0,0,0,NA,"NA",NA,NA,NA,5,5,NA,NA,NA,NA,"NS"
"P01591","HexNAc.3.Hex.6.NeuAc.1....N...rare1","Healthy","MECFS",0,0,0,0,0,NA,"NA",NA,NA,NA,5,5,NA,NA,NA,NA,"NS"
"P01591","HexNAc.4.Hex.3....N...rare1","Healthy","MECFS",0,0,0,0,0,NA,"NA",NA,NA,NA,5,5,NA,NA,NA,NA,"NS"
"P01591","HexNAc.4.Hex.3.Fuc.1....N...rare1","Healthy","MECFS",0,0,0,0,0,NA,"NA",NA,NA,NA,5,5,NA,NA,NA,NA,"NS"
"P01591","HexNAc.4.Hex.4....N...rare1","Healthy","MECFS",0,0,0,0,0,NA,"NA",NA,NA,NA,5,5,NA,NA,NA,NA,"NS"
"P01591","HexNAc.4.Hex.4.Fuc.1....N...rare1","Healthy","MECFS",0,0,0,0,0,NA,"NA",NA,NA,NA,5,5,NA,NA,NA,NA,"NS"
"P01591","HexNAc.4.Hex.4.NeuAc.1....N...rare1","Healthy","MECFS",0,0,0,0,0,NA,"NA",NA,NA,NA,5,5,NA,NA,NA,NA,"NS"
"P01591","HexNAc.4.Hex.5....N...rare1","Healthy","MECFS",0,0,0,0,0,NA,"NA",NA,NA,NA,5,5,NA,NA,NA,NA,"NS"
"P01591","HexNAc.4.Hex.5.Fuc.1....N...rare1","Healthy","MECFS",0,0,0,0,0,NA,"NA",NA,NA,NA,5,5,NA,NA,NA,NA,"NS"
"P01591","HexNAc.5.Hex.3....N...rare1","Healthy","MECFS",0,0,0,0,0,NA,"NA",NA,NA,NA,5,5,NA,NA,NA,NA,"NS"
"P01591","HexNAc.5.Hex.3.Fuc.1....N...rare1","Healthy","MECFS",0,0,0,0,0,NA,"NA",NA,NA,NA,5,5,NA,NA,NA,NA,"NS"
"P01591","HexNAc.5.Hex.4....N...rare1","Healthy","MECFS",0,0,0,0,0,NA,"NA",NA,NA,NA,5,5,NA,NA,NA,NA,"NS"
"P01591","HexNAc.5.Hex.4.Fuc.1....N...rare1","Healthy","MECFS",0,0,0,0,0,NA,"NA",NA,NA,NA,5,5,NA,NA,NA,NA,"NS"
"P01591","HexNAc.5.Hex.4.NeuAc.1....N...rare1","Healthy","MECFS",0,0,0,0,0,NA,"NA",NA,NA,NA,5,5,NA,NA,NA,NA,"NS"
"P01591","HexNAc.5.Hex.4.NeuAc.1.Fuc.1....N...rare1","Healthy","MECFS",0,0,0,0,0,NA,"NA",NA,NA,NA,5,5,NA,NA,NA,NA,"NS"
"P01591","HexNAc.5.Hex.5.Fuc.1....N...rare1","Healthy","MECFS",0,0,0,0,0,NA,"NA",NA,NA,NA,5,5,NA,NA,NA,NA,"NS"
"P01591","HexNAc.5.Hex.6.NeuAc.2....N...rare1","Healthy","MECFS",0,0,0,0,0,NA,"NA",NA,NA,NA,5,5,NA,NA,NA,NA,"NS"
"P01591","HexNAc.5.Hex.6.NeuAc.2.Fuc.1....N...rare1","Healthy","MECFS",0,0,0,0,0,NA,"NA",NA,NA,NA,5,5,NA,NA,NA,NA,"NS"
"P01591","HexNAc.5.Hex.6.NeuAc.3....N...rare1","Healthy","MECFS",0,0,0,0,0,NA,"NA",NA,NA,NA,5,5,NA,NA,NA,NA,"NS"
"P01591","HexNAc.6.Hex.7.NeuAc.1....N...rare1","Healthy","MECFS",0,0,0,0,0,NA,"NA",NA,NA,NA,5,5,NA,NA,NA,NA,"NS"
"P01591","HexNAc.6.Hex.7.NeuAc.2.Fuc.1....N...rare1","Healthy","MECFS",0,0,0,0,0,NA,"NA",NA,NA,NA,5,5,NA,NA,NA,NA,"NS"
"P01859","HexNAc.2.Hex.10....N...rare1","Healthy","MECFS",0,0,0,0,0,NA,"NA",NA,NA,NA,5,5,NA,NA,NA,NA,"NS"
"P01859","HexNAc.2.Hex.6....N...rare1","Healthy","MECFS",0,0,0,0,0,NA,"NA",NA,NA,NA,5,5,NA,NA,NA,NA,"NS"
"P01859","HexNAc.2.Hex.7....N...rare1","Healthy","MECFS",0,0,0,0,0,NA,"NA",NA,NA,NA,5,5,NA,NA,NA,NA,"NS"
"P01859","HexNAc.2.Hex.8....N...rare1","Healthy","MECFS",0,0,0,0,0,NA,"NA",NA,NA,NA,5,5,NA,NA,NA,NA,"NS"
"P01859","HexNAc.2.Hex.9....N...rare1","Healthy","MECFS",0,0,0,0,0,NA,"NA",NA,NA,NA,5,5,NA,NA,NA,NA,"NS"
"P01859","HexNAc.3.Hex.4.NeuAc.1....N...rare1","Healthy","MECFS",0,0,0,0,0,NA,"NA",NA,NA,NA,5,5,NA,NA,NA,NA,"NS"
"P01859","HexNAc.3.Hex.5....N...rare1","Healthy","MECFS",0,0,0,0,0,NA,"NA",NA,NA,NA,5,5,NA,NA,NA,NA,"NS"
"P01859","HexNAc.3.Hex.5.NeuAc.1....N...rare1","Healthy","MECFS",0,0,0,0,0,NA,"NA",NA,NA,NA,5,5,NA,NA,NA,NA,"NS"
"P01859","HexNAc.3.Hex.6....N...rare1","Healthy","MECFS",0,0,0,0,0,NA,"NA",NA,NA,NA,5,5,NA,NA,NA,NA,"NS"
"P01859","HexNAc.3.Hex.6.NeuAc.1....N...rare1","Healthy","MECFS",0,0,0,0,0,NA,"NA",NA,NA,NA,5,5,NA,NA,NA,NA,"NS"
"P01859","HexNAc.4.Hex.4.NeuAc.1....N...rare1","Healthy","MECFS",0,0,0,0,0,NA,"NA",NA,NA,NA,5,5,NA,NA,NA,NA,"NS"
"P01859","HexNAc.4.Hex.5.NeuAc.2....N...rare1","Healthy","MECFS",0,0,0,0,0,NA,"NA",NA,NA,NA,5,5,NA,NA,NA,NA,"NS"
"P01859","HexNAc.4.Hex.6.NeuAc.1....N...rare1","Healthy","MECFS",0,0,0,0,0,NA,"NA",NA,NA,NA,5,5,NA,NA,NA,NA,"NS"
"P01859","HexNAc.5.Hex.3....N...rare1","Healthy","MECFS",0,0,0,0,0,NA,"NA",NA,NA,NA,5,5,NA,NA,NA,NA,"NS"
"P01859","HexNAc.5.Hex.4....N...rare1","Healthy","MECFS",0,0,0,0,0,NA,"NA",NA,NA,NA,5,5,NA,NA,NA,NA,"NS"
"P01859","HexNAc.5.Hex.4.NeuAc.1....N...rare1","Healthy","MECFS",0,0,0,0,0,NA,"NA",NA,NA,NA,5,5,NA,NA,NA,NA,"NS"
"P01859","HexNAc.5.Hex.5....N...rare1","Healthy","MECFS",0,0,0,0,0,NA,"NA",NA,NA,NA,5,5,NA,NA,NA,NA,"NS"
"P01859","HexNAc.5.Hex.5.NeuAc.1....N...rare1","Healthy","MECFS",0,0,0,0,0,NA,"NA",NA,NA,NA,5,5,NA,NA,NA,NA,"NS"
"P01859","HexNAc.5.Hex.5.NeuAc.2.Fuc.1....N...rare1","Healthy","MECFS",0,0,0,0,0,NA,"NA",NA,NA,NA,5,5,NA,NA,NA,NA,"NS"
"P01859","HexNAc.5.Hex.6.NeuAc.1....N...rare1","Healthy","MECFS",0,0,0,0,0,NA,"NA",NA,NA,NA,5,5,NA,NA,NA,NA,"NS"
"P01859","HexNAc.5.Hex.6.NeuAc.2....N...rare1","Healthy","MECFS",0,0,0,0,0,NA,"NA",NA,NA,NA,5,5,NA,NA,NA,NA,"NS"
"P01859","HexNAc.5.Hex.6.NeuAc.2.Fuc.1....N...rare1","Healthy","MECFS",0,0,0,0,0,NA,"NA",NA,NA,NA,5,5,NA,NA,NA,NA,"NS"
"P01859","HexNAc.5.Hex.6.NeuAc.3....N...rare1","Healthy","MECFS",0,0,0,0,0,NA,"NA",NA,NA,NA,5,5,NA,NA,NA,NA,"NS"
"P01859","HexNAc.6.Hex.7.NeuAc.1....N...rare1","Healthy","MECFS",0,0,0,0,0,NA,"NA",NA,NA,NA,5,5,NA,NA,NA,NA,"NS"
"P01859","HexNAc.6.Hex.7.NeuAc.2.Fuc.1....N...rare1","Healthy","MECFS",0,0,0,0,0,NA,"NA",NA,NA,NA,5,5,NA,NA,NA,NA,"NS"
"P01860","HexNAc.2.Hex.10....N...rare1","Healthy","MECFS",0,0,0,0,0,NA,"NA",NA,NA,NA,5,5,NA,NA,NA,NA,"NS"
"P01860","HexNAc.2.Hex.5....N...rare1","Healthy","MECFS",0,0,0,0,0,NA,"NA",NA,NA,NA,5,5,NA,NA,NA,NA,"NS"
"P01860","HexNAc.2.Hex.6....N...rare1","Healthy","MECFS",0,0,0,0,0,NA,"NA",NA,NA,NA,5,5,NA,NA,NA,NA,"NS"
"P01860","HexNAc.2.Hex.7....N...rare1","Healthy","MECFS",0,0,0,0,0,NA,"NA",NA,NA,NA,5,5,NA,NA,NA,NA,"NS"
"P01860","HexNAc.2.Hex.8....N...rare1","Healthy","MECFS",0,0,0,0,0,NA,"NA",NA,NA,NA,5,5,NA,NA,NA,NA,"NS"
"P01860","HexNAc.2.Hex.9....N...rare1","Healthy","MECFS",0,0,0,0,0,NA,"NA",NA,NA,NA,5,5,NA,NA,NA,NA,"NS"
"P01860","HexNAc.3.Hex.4.NeuAc.1....N...rare1","Healthy","MECFS",0,0,0,0,0,NA,"NA",NA,NA,NA,5,5,NA,NA,NA,NA,"NS"
"P01860","HexNAc.3.Hex.4.NeuAc.1.Fuc.1....N...rare1","Healthy","MECFS",0,0,0,0,0,NA,"NA",NA,NA,NA,5,5,NA,NA,NA,NA,"NS"
"P01860","HexNAc.3.Hex.5....N...rare1","Healthy","MECFS",0,0,0,0,0,NA,"NA",NA,NA,NA,5,5,NA,NA,NA,NA,"NS"
"P01860","HexNAc.3.Hex.5.NeuAc.1....N...rare1","Healthy","MECFS",0,0,0,0,0,NA,"NA",NA,NA,NA,5,5,NA,NA,NA,NA,"NS"
"P01860","HexNAc.3.Hex.6....N...rare1","Healthy","MECFS",0,0,0,0,0,NA,"NA",NA,NA,NA,5,5,NA,NA,NA,NA,"NS"
"P01860","HexNAc.3.Hex.6.NeuAc.1....N...rare1","Healthy","MECFS",0,0,0,0,0,NA,"NA",NA,NA,NA,5,5,NA,NA,NA,NA,"NS"
"P01860","HexNAc.4.Hex.3....N...rare1","Healthy","MECFS",0,0,0,0,0,NA,"NA",NA,NA,NA,5,5,NA,NA,NA,NA,"NS"
"P01860","HexNAc.4.Hex.3.Fuc.1....N...rare1","Healthy","MECFS",0,0,0,0,0,NA,"NA",NA,NA,NA,5,5,NA,NA,NA,NA,"NS"
"P01860","HexNAc.4.Hex.4....N...rare1","Healthy","MECFS",0,0,0,0,0,NA,"NA",NA,NA,NA,5,5,NA,NA,NA,NA,"NS"
"P01860","HexNAc.4.Hex.4.Fuc.1....N...rare1","Healthy","MECFS",0,0,0,0,0,NA,"NA",NA,NA,NA,5,5,NA,NA,NA,NA,"NS"
"P01860","HexNAc.4.Hex.4.NeuAc.1....N...rare1","Healthy","MECFS",0,0,0,0,0,NA,"NA",NA,NA,NA,5,5,NA,NA,NA,NA,"NS"
"P01860","HexNAc.4.Hex.5....N...rare1","Healthy","MECFS",0,0,0,0,0,NA,"NA",NA,NA,NA,5,5,NA,NA,NA,NA,"NS"
"P01860","HexNAc.4.Hex.5.Fuc.1....N...rare1","Healthy","MECFS",0,0,0,0,0,NA,"NA",NA,NA,NA,5,5,NA,NA,NA,NA,"NS"
"P01860","HexNAc.4.Hex.5.NeuAc.1....N...rare1","Healthy","MECFS",0,0,0,0,0,NA,"NA",NA,NA,NA,5,5,NA,NA,NA,NA,"NS"
"P01860","HexNAc.4.Hex.5.NeuAc.1.Fuc.1....N...rare1","Healthy","MECFS",0,0,0,0,0,NA,"NA",NA,NA,NA,5,5,NA,NA,NA,NA,"NS"
"P01860","HexNAc.4.Hex.5.NeuAc.2....N...rare1","Healthy","MECFS",0,0,0,0,0,NA,"NA",NA,NA,NA,5,5,NA,NA,NA,NA,"NS"
"P01860","HexNAc.4.Hex.5.NeuAc.2.Fuc.1....N...rare1","Healthy","MECFS",0,0,0,0,0,NA,"NA",NA,NA,NA,5,5,NA,NA,NA,NA,"NS"
"P01860","HexNAc.4.Hex.6.NeuAc.1....N...rare1","Healthy","MECFS",0,0,0,0,0,NA,"NA",NA,NA,NA,5,5,NA,NA,NA,NA,"NS"
"P01860","HexNAc.5.Hex.3....N...rare1","Healthy","MECFS",0,0,0,0,0,NA,"NA",NA,NA,NA,5,5,NA,NA,NA,NA,"NS"
"P01860","HexNAc.5.Hex.3.Fuc.1....N...rare1","Healthy","MECFS",0,0,0,0,0,NA,"NA",NA,NA,NA,5,5,NA,NA,NA,NA,"NS"
"P01860","HexNAc.5.Hex.4....N...rare1","Healthy","MECFS",0,0,0,0,0,NA,"NA",NA,NA,NA,5,5,NA,NA,NA,NA,"NS"
"P01860","HexNAc.5.Hex.4.Fuc.1....N...rare1","Healthy","MECFS",0,0,0,0,0,NA,"NA",NA,NA,NA,5,5,NA,NA,NA,NA,"NS"
"P01860","HexNAc.5.Hex.4.NeuAc.1....N...rare1","Healthy","MECFS",0,0,0,0,0,NA,"NA",NA,NA,NA,5,5,NA,NA,NA,NA,"NS"
"P01860","HexNAc.5.Hex.4.NeuAc.1.Fuc.1....N...rare1","Healthy","MECFS",0,0,0,0,0,NA,"NA",NA,NA,NA,5,5,NA,NA,NA,NA,"NS"
"P01860","HexNAc.5.Hex.5....N...rare1","Healthy","MECFS",0,0,0,0,0,NA,"NA",NA,NA,NA,5,5,NA,NA,NA,NA,"NS"
"P01860","HexNAc.5.Hex.5.Fuc.1....N...rare1","Healthy","MECFS",0,0,0,0,0,NA,"NA",NA,NA,NA,5,5,NA,NA,NA,NA,"NS"
"P01860","HexNAc.5.Hex.5.NeuAc.1....N...rare1","Healthy","MECFS",0,0,0,0,0,NA,"NA",NA,NA,NA,5,5,NA,NA,NA,NA,"NS"
"P01860","HexNAc.5.Hex.5.NeuAc.1.Fuc.1....N...rare1","Healthy","MECFS",0,0,0,0,0,NA,"NA",NA,NA,NA,5,5,NA,NA,NA,NA,"NS"
"P01860","HexNAc.5.Hex.5.NeuAc.2.Fuc.1....N...rare1","Healthy","MECFS",0,0,0,0,0,NA,"NA",NA,NA,NA,5,5,NA,NA,NA,NA,"NS"
"P01860","HexNAc.5.Hex.6.NeuAc.1....N...rare1","Healthy","MECFS",0,0,0,0,0,NA,"NA",NA,NA,NA,5,5,NA,NA,NA,NA,"NS"
"P01860","HexNAc.5.Hex.6.NeuAc.2....N...rare1","Healthy","MECFS",0,0,0,0,0,NA,"NA",NA,NA,NA,5,5,NA,NA,NA,NA,"NS"
"P01860","HexNAc.5.Hex.6.NeuAc.2.Fuc.1....N...rare1","Healthy","MECFS",0,0,0,0,0,NA,"NA",NA,NA,NA,5,5,NA,NA,NA,NA,"NS"
"P01860","HexNAc.5.Hex.6.NeuAc.3....N...rare1","Healthy","MECFS",0,0,0,0,0,NA,"NA",NA,NA,NA,5,5,NA,NA,NA,NA,"NS"
"P01860","HexNAc.6.Hex.7.NeuAc.1....N...rare1","Healthy","MECFS",0,0,0,0,0,NA,"NA",NA,NA,NA,5,5,NA,NA,NA,NA,"NS"
"P01860","HexNAc.6.Hex.7.NeuAc.2.Fuc.1....N...rare1","Healthy","MECFS",0,0,0,0,0,NA,"NA",NA,NA,NA,5,5,NA,NA,NA,NA,"NS"
"P01861","HexNAc.2.Hex.10....N...rare1","Healthy","MECFS",0,0,0,0,0,NA,"NA",NA,NA,NA,5,5,NA,NA,NA,NA,"NS"
"P01861","HexNAc.2.Hex.5....N...rare1","Healthy","MECFS",0,0,0,0,0,NA,"NA",NA,NA,NA,5,5,NA,NA,NA,NA,"NS"
"P01861","HexNAc.2.Hex.6....N...rare1","Healthy","MECFS",0,0,0,0,0,NA,"NA",NA,NA,NA,5,5,NA,NA,NA,NA,"NS"
"P01861","HexNAc.2.Hex.7....N...rare1","Healthy","MECFS",0,0,0,0,0,NA,"NA",NA,NA,NA,5,5,NA,NA,NA,NA,"NS"
"P01861","HexNAc.2.Hex.8....N...rare1","Healthy","MECFS",0,0,0,0,0,NA,"NA",NA,NA,NA,5,5,NA,NA,NA,NA,"NS"
"P01861","HexNAc.2.Hex.9....N...rare1","Healthy","MECFS",0,0,0,0,0,NA,"NA",NA,NA,NA,5,5,NA,NA,NA,NA,"NS"
"P01861","HexNAc.3.Hex.4.NeuAc.1....N...rare1","Healthy","MECFS",0,0,0,0,0,NA,"NA",NA,NA,NA,5,5,NA,NA,NA,NA,"NS"
"P01861","HexNAc.3.Hex.4.NeuAc.1.Fuc.1....N...rare1","Healthy","MECFS",0,0,0,0,0,NA,"NA",NA,NA,NA,5,5,NA,NA,NA,NA,"NS"
"P01861","HexNAc.3.Hex.5....N...rare1","Healthy","MECFS",0,0,0,0,0,NA,"NA",NA,NA,NA,5,5,NA,NA,NA,NA,"NS"
"P01861","HexNAc.3.Hex.5.NeuAc.1....N...rare1","Healthy","MECFS",0,0,0,0,0,NA,"NA",NA,NA,NA,5,5,NA,NA,NA,NA,"NS"
"P01861","HexNAc.3.Hex.6....N...rare1","Healthy","MECFS",0,0,0,0,0,NA,"NA",NA,NA,NA,5,5,NA,NA,NA,NA,"NS"
"P01861","HexNAc.3.Hex.6.NeuAc.1....N...rare1","Healthy","MECFS",0,0,0,0,0,NA,"NA",NA,NA,NA,5,5,NA,NA,NA,NA,"NS"
"P01861","HexNAc.4.Hex.3....N...rare1","Healthy","MECFS",0,0,0,0,0,NA,"NA",NA,NA,NA,5,5,NA,NA,NA,NA,"NS"
"P01861","HexNAc.4.Hex.4....N...rare1","Healthy","MECFS",0,0,0,0,0,NA,"NA",NA,NA,NA,5,5,NA,NA,NA,NA,"NS"
"P01861","HexNAc.4.Hex.4.NeuAc.1....N...rare1","Healthy","MECFS",0,0,0,0,0,NA,"NA",NA,NA,NA,5,5,NA,NA,NA,NA,"NS"
"P01861","HexNAc.4.Hex.5....N...rare1","Healthy","MECFS",0,0,0,0,0,NA,"NA",NA,NA,NA,5,5,NA,NA,NA,NA,"NS"
"P01861","HexNAc.4.Hex.5.NeuAc.1....N...rare1","Healthy","MECFS",0,0,0,0,0,NA,"NA",NA,NA,NA,5,5,NA,NA,NA,NA,"NS"
"P01861","HexNAc.4.Hex.5.NeuAc.2....N...rare1","Healthy","MECFS",0,0,0,0,0,NA,"NA",NA,NA,NA,5,5,NA,NA,NA,NA,"NS"
"P01861","HexNAc.4.Hex.6.NeuAc.1....N...rare1","Healthy","MECFS",0,0,0,0,0,NA,"NA",NA,NA,NA,5,5,NA,NA,NA,NA,"NS"
"P01861","HexNAc.5.Hex.3....N...rare1","Healthy","MECFS",0,0,0,0,0,NA,"NA",NA,NA,NA,5,5,NA,NA,NA,NA,"NS"
"P01861","HexNAc.5.Hex.4....N...rare1","Healthy","MECFS",0,0,0,0,0,NA,"NA",NA,NA,NA,5,5,NA,NA,NA,NA,"NS"
"P01861","HexNAc.5.Hex.4.NeuAc.1....N...rare1","Healthy","MECFS",0,0,0,0,0,NA,"NA",NA,NA,NA,5,5,NA,NA,NA,NA,"NS"
"P01861","HexNAc.5.Hex.5....N...rare1","Healthy","MECFS",0,0,0,0,0,NA,"NA",NA,NA,NA,5,5,NA,NA,NA,NA,"NS"
"P01861","HexNAc.5.Hex.5.NeuAc.1....N...rare1","Healthy","MECFS",0,0,0,0,0,NA,"NA",NA,NA,NA,5,5,NA,NA,NA,NA,"NS"
"P01861","HexNAc.5.Hex.5.NeuAc.1.Fuc.1....N...rare1","Healthy","MECFS",0,0,0,0,0,NA,"NA",NA,NA,NA,5,5,NA,NA,NA,NA,"NS"
"P01861","HexNAc.5.Hex.5.NeuAc.2.Fuc.1....N...rare1","Healthy","MECFS",0,0,0,0,0,NA,"NA",NA,NA,NA,5,5,NA,NA,NA,NA,"NS"
"P01861","HexNAc.5.Hex.6.NeuAc.1....N...rare1","Healthy","MECFS",0,0,0,0,0,NA,"NA",NA,NA,NA,5,5,NA,NA,NA,NA,"NS"
"P01861","HexNAc.5.Hex.6.NeuAc.2....N...rare1","Healthy","MECFS",0,0,0,0,0,NA,"NA",NA,NA,NA,5,5,NA,NA,NA,NA,"NS"
"P01861","HexNAc.5.Hex.6.NeuAc.2.Fuc.1....N...rare1","Healthy","MECFS",0,0,0,0,0,NA,"NA",NA,NA,NA,5,5,NA,NA,NA,NA,"NS"
"P01861","HexNAc.5.Hex.6.NeuAc.3....N...rare1","Healthy","MECFS",0,0,0,0,0,NA,"NA",NA,NA,NA,5,5,NA,NA,NA,NA,"NS"
"P01861","HexNAc.6.Hex.7.NeuAc.1....N...rare1","Healthy","MECFS",0,0,0,0,0,NA,"NA",NA,NA,NA,5,5,NA,NA,NA,NA,"NS"
"P01861","HexNAc.6.Hex.7.NeuAc.2.Fuc.1....N...rare1","Healthy","MECFS",0,0,0,0,0,NA,"NA",NA,NA,NA,5,5,NA,NA,NA,NA,"NS"
"P01871","HexNAc.2.Hex.10....N...rare1","Healthy","MECFS",0,0,0,0,0,NA,"NA",NA,NA,NA,5,5,NA,NA,NA,NA,"NS"
"P01871","HexNAc.2.Hex.9....N...rare1","Healthy","MECFS",0,0,0,0,0,NA,"NA",NA,NA,NA,5,5,NA,NA,NA,NA,"NS"
"P01871","HexNAc.4.Hex.3....N...rare1","Healthy","MECFS",0,0,0,0,0,NA,"NA",NA,NA,NA,5,5,NA,NA,NA,NA,"NS"
"P01871","HexNAc.5.Hex.6.NeuAc.2.Fuc.1....N...rare1","Healthy","MECFS",0,0,0,0,0,NA,"NA",NA,NA,NA,5,5,NA,NA,NA,NA,"NS"
"P01871","HexNAc.5.Hex.6.NeuAc.3....N...rare1","Healthy","MECFS",0,0,0,0,0,NA,"NA",NA,NA,NA,5,5,NA,NA,NA,NA,"NS"
"P01871","HexNAc.6.Hex.7.NeuAc.1....N...rare1","Healthy","MECFS",0,0,0,0,0,NA,"NA",NA,NA,NA,5,5,NA,NA,NA,NA,"NS"
"P01871","HexNAc.6.Hex.7.NeuAc.2.Fuc.1....N...rare1","Healthy","MECFS",0,0,0,0,0,NA,"NA",NA,NA,NA,5,5,NA,NA,NA,NA,"NS"
"P02675","HexNAc.2.Hex.10....N...rare1","Healthy","MECFS",0,0,0,0,0,NA,"NA",NA,NA,NA,5,5,NA,NA,NA,NA,"NS"
"P02675","HexNAc.2.Hex.5....N...rare1","Healthy","MECFS",0,0,0,0,0,NA,"NA",NA,NA,NA,5,5,NA,NA,NA,NA,"NS"
"P02675","HexNAc.2.Hex.6....N...rare1","Healthy","MECFS",0,0,0,0,0,NA,"NA",NA,NA,NA,5,5,NA,NA,NA,NA,"NS"
"P02675","HexNAc.2.Hex.7....N...rare1","Healthy","MECFS",0,0,0,0,0,NA,"NA",NA,NA,NA,5,5,NA,NA,NA,NA,"NS"
"P02675","HexNAc.2.Hex.8....N...rare1","Healthy","MECFS",0,0,0,0,0,NA,"NA",NA,NA,NA,5,5,NA,NA,NA,NA,"NS"
"P02675","HexNAc.2.Hex.9....N...rare1","Healthy","MECFS",0,0,0,0,0,NA,"NA",NA,NA,NA,5,5,NA,NA,NA,NA,"NS"
"P02675","HexNAc.3.Hex.4.NeuAc.1.Fuc.1....N...rare1","Healthy","MECFS",0,0,0,0,0,NA,"NA",NA,NA,NA,5,5,NA,NA,NA,NA,"NS"
"P02675","HexNAc.3.Hex.5....N...rare1","Healthy","MECFS",0,0,0,0,0,NA,"NA",NA,NA,NA,5,5,NA,NA,NA,NA,"NS"
"P02675","HexNAc.3.Hex.5.NeuAc.1....N...rare1","Healthy","MECFS",0,0,0,0,0,NA,"NA",NA,NA,NA,5,5,NA,NA,NA,NA,"NS"
"P02675","HexNAc.3.Hex.6....N...rare1","Healthy","MECFS",0,0,0,0,0,NA,"NA",NA,NA,NA,5,5,NA,NA,NA,NA,"NS"
"P02675","HexNAc.3.Hex.6.NeuAc.1....N...rare1","Healthy","MECFS",0,0,0,0,0,NA,"NA",NA,NA,NA,5,5,NA,NA,NA,NA,"NS"
"P02675","HexNAc.4.Hex.3....N...rare1","Healthy","MECFS",0,0,0,0,0,NA,"NA",NA,NA,NA,5,5,NA,NA,NA,NA,"NS"
"P02675","HexNAc.4.Hex.3.Fuc.1....N...rare1","Healthy","MECFS",0,0,0,0,0,NA,"NA",NA,NA,NA,5,5,NA,NA,NA,NA,"NS"
"P02675","HexNAc.4.Hex.4....N...rare1","Healthy","MECFS",0,0,0,0,0,NA,"NA",NA,NA,NA,5,5,NA,NA,NA,NA,"NS"
"P02675","HexNAc.4.Hex.4.Fuc.1....N...rare1","Healthy","MECFS",0,0,0,0,0,NA,"NA",NA,NA,NA,5,5,NA,NA,NA,NA,"NS"
"P02675","HexNAc.4.Hex.5.Fuc.1....N...rare1","Healthy","MECFS",0,0,0,0,0,NA,"NA",NA,NA,NA,5,5,NA,NA,NA,NA,"NS"
"P02675","HexNAc.4.Hex.5.NeuAc.2.Fuc.1....N...rare1","Healthy","MECFS",0,0,0,0,0,NA,"NA",NA,NA,NA,5,5,NA,NA,NA,NA,"NS"
"P02675","HexNAc.5.Hex.3....N...rare1","Healthy","MECFS",0,0,0,0,0,NA,"NA",NA,NA,NA,5,5,NA,NA,NA,NA,"NS"
"P02675","HexNAc.5.Hex.3.Fuc.1....N...rare1","Healthy","MECFS",0,0,0,0,0,NA,"NA",NA,NA,NA,5,5,NA,NA,NA,NA,"NS"
"P02675","HexNAc.5.Hex.4....N...rare1","Healthy","MECFS",0,0,0,0,0,NA,"NA",NA,NA,NA,5,5,NA,NA,NA,NA,"NS"
"P02675","HexNAc.5.Hex.4.Fuc.1....N...rare1","Healthy","MECFS",0,0,0,0,0,NA,"NA",NA,NA,NA,5,5,NA,NA,NA,NA,"NS"
"P02675","HexNAc.5.Hex.4.NeuAc.1....N...rare1","Healthy","MECFS",0,0,0,0,0,NA,"NA",NA,NA,NA,5,5,NA,NA,NA,NA,"NS"
"P02675","HexNAc.5.Hex.4.NeuAc.1.Fuc.1....N...rare1","Healthy","MECFS",0,0,0,0,0,NA,"NA",NA,NA,NA,5,5,NA,NA,NA,NA,"NS"
"P02675","HexNAc.5.Hex.5....N...rare1","Healthy","MECFS",0,0,0,0,0,NA,"NA",NA,NA,NA,5,5,NA,NA,NA,NA,"NS"
"P02675","HexNAc.5.Hex.5.Fuc.1....N...rare1","Healthy","MECFS",0,0,0,0,0,NA,"NA",NA,NA,NA,5,5,NA,NA,NA,NA,"NS"
"P02675","HexNAc.5.Hex.5.NeuAc.1....N...rare1","Healthy","MECFS",0,0,0,0,0,NA,"NA",NA,NA,NA,5,5,NA,NA,NA,NA,"NS"
"P02675","HexNAc.5.Hex.5.NeuAc.1.Fuc.1....N...rare1","Healthy","MECFS",0,0,0,0,0,NA,"NA",NA,NA,NA,5,5,NA,NA,NA,NA,"NS"
"P02675","HexNAc.5.Hex.5.NeuAc.2.Fuc.1....N...rare1","Healthy","MECFS",0,0,0,0,0,NA,"NA",NA,NA,NA,5,5,NA,NA,NA,NA,"NS"
"P02675","HexNAc.5.Hex.6.NeuAc.1....N...rare1","Healthy","MECFS",0,0,0,0,0,NA,"NA",NA,NA,NA,5,5,NA,NA,NA,NA,"NS"
"P02675","HexNAc.5.Hex.6.NeuAc.2....N...rare1","Healthy","MECFS",0,0,0,0,0,NA,"NA",NA,NA,NA,5,5,NA,NA,NA,NA,"NS"
"P02675","HexNAc.5.Hex.6.NeuAc.2.Fuc.1....N...rare1","Healthy","MECFS",0,0,0,0,0,NA,"NA",NA,NA,NA,5,5,NA,NA,NA,NA,"NS"
"P02675","HexNAc.5.Hex.6.NeuAc.3....N...rare1","Healthy","MECFS",0,0,0,0,0,NA,"NA",NA,NA,NA,5,5,NA,NA,NA,NA,"NS"
"P02675","HexNAc.6.Hex.7.NeuAc.1....N...rare1","Healthy","MECFS",0,0,0,0,0,NA,"NA",NA,NA,NA,5,5,NA,NA,NA,NA,"NS"
"P02675","HexNAc.6.Hex.7.NeuAc.2.Fuc.1....N...rare1","Healthy","MECFS",0,0,0,0,0,NA,"NA",NA,NA,NA,5,5,NA,NA,NA,NA,"NS"
"P02679","HexNAc.2.Hex.10....N...rare1","Healthy","MECFS",0,0,0,0,0,NA,"NA",NA,NA,NA,5,5,NA,NA,NA,NA,"NS"
"P02679","HexNAc.2.Hex.5....N...rare1","Healthy","MECFS",0,0,0,0,0,NA,"NA",NA,NA,NA,5,5,NA,NA,NA,NA,"NS"
"P02679","HexNAc.2.Hex.6....N...rare1","Healthy","MECFS",0,0,0,0,0,NA,"NA",NA,NA,NA,5,5,NA,NA,NA,NA,"NS"
"P02679","HexNAc.2.Hex.7....N...rare1","Healthy","MECFS",0,0,0,0,0,NA,"NA",NA,NA,NA,5,5,NA,NA,NA,NA,"NS"
"P02679","HexNAc.2.Hex.8....N...rare1","Healthy","MECFS",0,0,0,0,0,NA,"NA",NA,NA,NA,5,5,NA,NA,NA,NA,"NS"
"P02679","HexNAc.2.Hex.9....N...rare1","Healthy","MECFS",0,0,0,0,0,NA,"NA",NA,NA,NA,5,5,NA,NA,NA,NA,"NS"
"P02679","HexNAc.3.Hex.4.NeuAc.1....N...rare1","Healthy","MECFS",0,0,0,0,0,NA,"NA",NA,NA,NA,5,5,NA,NA,NA,NA,"NS"
"P02679","HexNAc.3.Hex.4.NeuAc.1.Fuc.1....N...rare1","Healthy","MECFS",0,0,0,0,0,NA,"NA",NA,NA,NA,5,5,NA,NA,NA,NA,"NS"
"P02679","HexNAc.3.Hex.5....N...rare1","Healthy","MECFS",0,0,0,0,0,NA,"NA",NA,NA,NA,5,5,NA,NA,NA,NA,"NS"
"P02679","HexNAc.3.Hex.5.NeuAc.1....N...rare1","Healthy","MECFS",0,0,0,0,0,NA,"NA",NA,NA,NA,5,5,NA,NA,NA,NA,"NS"
"P02679","HexNAc.3.Hex.6....N...rare1","Healthy","MECFS",0,0,0,0,0,NA,"NA",NA,NA,NA,5,5,NA,NA,NA,NA,"NS"
"P02679","HexNAc.3.Hex.6.NeuAc.1....N...rare1","Healthy","MECFS",0,0,0,0,0,NA,"NA",NA,NA,NA,5,5,NA,NA,NA,NA,"NS"
"P02679","HexNAc.4.Hex.3....N...rare1","Healthy","MECFS",0,0,0,0,0,NA,"NA",NA,NA,NA,5,5,NA,NA,NA,NA,"NS"
"P02679","HexNAc.4.Hex.3.Fuc.1....N...rare1","Healthy","MECFS",0,0,0,0,0,NA,"NA",NA,NA,NA,5,5,NA,NA,NA,NA,"NS"
"P02679","HexNAc.4.Hex.4....N...rare1","Healthy","MECFS",0,0,0,0,0,NA,"NA",NA,NA,NA,5,5,NA,NA,NA,NA,"NS"
"P02679","HexNAc.4.Hex.4.Fuc.1....N...rare1","Healthy","MECFS",0,0,0,0,0,NA,"NA",NA,NA,NA,5,5,NA,NA,NA,NA,"NS"
"P02679","HexNAc.4.Hex.5.Fuc.1....N...rare1","Healthy","MECFS",0,0,0,0,0,NA,"NA",NA,NA,NA,5,5,NA,NA,NA,NA,"NS"
"P02679","HexNAc.4.Hex.5.NeuAc.1.Fuc.1....N...rare1","Healthy","MECFS",0,0,0,0,0,NA,"NA",NA,NA,NA,5,5,NA,NA,NA,NA,"NS"
"P02679","HexNAc.4.Hex.5.NeuAc.2.Fuc.1....N...rare1","Healthy","MECFS",0,0,0,0,0,NA,"NA",NA,NA,NA,5,5,NA,NA,NA,NA,"NS"
"P02679","HexNAc.4.Hex.6.NeuAc.1....N...rare1","Healthy","MECFS",0,0,0,0,0,NA,"NA",NA,NA,NA,5,5,NA,NA,NA,NA,"NS"
"P02679","HexNAc.5.Hex.3....N...rare1","Healthy","MECFS",0,0,0,0,0,NA,"NA",NA,NA,NA,5,5,NA,NA,NA,NA,"NS"
"P02679","HexNAc.5.Hex.3.Fuc.1....N...rare1","Healthy","MECFS",0,0,0,0,0,NA,"NA",NA,NA,NA,5,5,NA,NA,NA,NA,"NS"
"P02679","HexNAc.5.Hex.4....N...rare1","Healthy","MECFS",0,0,0,0,0,NA,"NA",NA,NA,NA,5,5,NA,NA,NA,NA,"NS"
"P02679","HexNAc.5.Hex.4.Fuc.1....N...rare1","Healthy","MECFS",0,0,0,0,0,NA,"NA",NA,NA,NA,5,5,NA,NA,NA,NA,"NS"
"P02679","HexNAc.5.Hex.4.NeuAc.1....N...rare1","Healthy","MECFS",0,0,0,0,0,NA,"NA",NA,NA,NA,5,5,NA,NA,NA,NA,"NS"
"P02679","HexNAc.5.Hex.4.NeuAc.1.Fuc.1....N...rare1","Healthy","MECFS",0,0,0,0,0,NA,"NA",NA,NA,NA,5,5,NA,NA,NA,NA,"NS"
"P02679","HexNAc.5.Hex.5....N...rare1","Healthy","MECFS",0,0,0,0,0,NA,"NA",NA,NA,NA,5,5,NA,NA,NA,NA,"NS"
"P02679","HexNAc.5.Hex.5.Fuc.1....N...rare1","Healthy","MECFS",0,0,0,0,0,NA,"NA",NA,NA,NA,5,5,NA,NA,NA,NA,"NS"
"P02679","HexNAc.5.Hex.5.NeuAc.1....N...rare1","Healthy","MECFS",0,0,0,0,0,NA,"NA",NA,NA,NA,5,5,NA,NA,NA,NA,"NS"
"P02679","HexNAc.5.Hex.5.NeuAc.1.Fuc.1....N...rare1","Healthy","MECFS",0,0,0,0,0,NA,"NA",NA,NA,NA,5,5,NA,NA,NA,NA,"NS"
"P02679","HexNAc.5.Hex.5.NeuAc.2.Fuc.1....N...rare1","Healthy","MECFS",0,0,0,0,0,NA,"NA",NA,NA,NA,5,5,NA,NA,NA,NA,"NS"
"P02679","HexNAc.5.Hex.6.NeuAc.1....N...rare1","Healthy","MECFS",0,0,0,0,0,NA,"NA",NA,NA,NA,5,5,NA,NA,NA,NA,"NS"
"P02679","HexNAc.5.Hex.6.NeuAc.2....N...rare1","Healthy","MECFS",0,0,0,0,0,NA,"NA",NA,NA,NA,5,5,NA,NA,NA,NA,"NS"
"P02679","HexNAc.5.Hex.6.NeuAc.2.Fuc.1....N...rare1","Healthy","MECFS",0,0,0,0,0,NA,"NA",NA,NA,NA,5,5,NA,NA,NA,NA,"NS"
"P02679","HexNAc.5.Hex.6.NeuAc.3....N...rare1","Healthy","MECFS",0,0,0,0,0,NA,"NA",NA,NA,NA,5,5,NA,NA,NA,NA,"NS"
"P02679","HexNAc.6.Hex.7.NeuAc.1....N...rare1","Healthy","MECFS",0,0,0,0,0,NA,"NA",NA,NA,NA,5,5,NA,NA,NA,NA,"NS"
"P02679","HexNAc.6.Hex.7.NeuAc.2.Fuc.1....N...rare1","Healthy","MECFS",0,0,0,0,0,NA,"NA",NA,NA,NA,5,5,NA,NA,NA,NA,"NS"
"P02745","HexNAc.2.Hex.10....N...rare1","Healthy","MECFS",0,0,0,0,0,NA,"NA",NA,NA,NA,5,5,NA,NA,NA,NA,"NS"
"P02745","HexNAc.2.Hex.5....N...rare1","Healthy","MECFS",0,0,0,0,0,NA,"NA",NA,NA,NA,5,5,NA,NA,NA,NA,"NS"
"P02745","HexNAc.2.Hex.6....N...rare1","Healthy","MECFS",0,0,0,0,0,NA,"NA",NA,NA,NA,5,5,NA,NA,NA,NA,"NS"
"P02745","HexNAc.2.Hex.7....N...rare1","Healthy","MECFS",0,0,0,0,0,NA,"NA",NA,NA,NA,5,5,NA,NA,NA,NA,"NS"
"P02745","HexNAc.2.Hex.8....N...rare1","Healthy","MECFS",0,0,0,0,0,NA,"NA",NA,NA,NA,5,5,NA,NA,NA,NA,"NS"
"P02745","HexNAc.2.Hex.9....N...rare1","Healthy","MECFS",0,0,0,0,0,NA,"NA",NA,NA,NA,5,5,NA,NA,NA,NA,"NS"
"P02745","HexNAc.3.Hex.4.NeuAc.1....N...rare1","Healthy","MECFS",0,0,0,0,0,NA,"NA",NA,NA,NA,5,5,NA,NA,NA,NA,"NS"
"P02745","HexNAc.3.Hex.4.NeuAc.1.Fuc.1....N...rare1","Healthy","MECFS",0,0,0,0,0,NA,"NA",NA,NA,NA,5,5,NA,NA,NA,NA,"NS"
"P02745","HexNAc.3.Hex.5....N...rare1","Healthy","MECFS",0,0,0,0,0,NA,"NA",NA,NA,NA,5,5,NA,NA,NA,NA,"NS"
"P02745","HexNAc.3.Hex.5.NeuAc.1....N...rare1","Healthy","MECFS",0,0,0,0,0,NA,"NA",NA,NA,NA,5,5,NA,NA,NA,NA,"NS"
"P02745","HexNAc.3.Hex.6....N...rare1","Healthy","MECFS",0,0,0,0,0,NA,"NA",NA,NA,NA,5,5,NA,NA,NA,NA,"NS"
"P02745","HexNAc.3.Hex.6.NeuAc.1....N...rare1","Healthy","MECFS",0,0,0,0,0,NA,"NA",NA,NA,NA,5,5,NA,NA,NA,NA,"NS"
"P02745","HexNAc.4.Hex.3....N...rare1","Healthy","MECFS",0,0,0,0,0,NA,"NA",NA,NA,NA,5,5,NA,NA,NA,NA,"NS"
"P02745","HexNAc.4.Hex.3.Fuc.1....N...rare1","Healthy","MECFS",0,0,0,0,0,NA,"NA",NA,NA,NA,5,5,NA,NA,NA,NA,"NS"
"P02745","HexNAc.4.Hex.4....N...rare1","Healthy","MECFS",0,0,0,0,0,NA,"NA",NA,NA,NA,5,5,NA,NA,NA,NA,"NS"
"P02745","HexNAc.4.Hex.4.Fuc.1....N...rare1","Healthy","MECFS",0,0,0,0,0,NA,"NA",NA,NA,NA,5,5,NA,NA,NA,NA,"NS"
"P02745","HexNAc.4.Hex.4.NeuAc.1....N...rare1","Healthy","MECFS",0,0,0,0,0,NA,"NA",NA,NA,NA,5,5,NA,NA,NA,NA,"NS"
"P02745","HexNAc.4.Hex.5....N...rare1","Healthy","MECFS",0,0,0,0,0,NA,"NA",NA,NA,NA,5,5,NA,NA,NA,NA,"NS"
"P02745","HexNAc.4.Hex.5.Fuc.1....N...rare1","Healthy","MECFS",0,0,0,0,0,NA,"NA",NA,NA,NA,5,5,NA,NA,NA,NA,"NS"
"P02745","HexNAc.4.Hex.5.NeuAc.2....N...rare1","Healthy","MECFS",0,0,0,0,0,NA,"NA",NA,NA,NA,5,5,NA,NA,NA,NA,"NS"
"P02745","HexNAc.4.Hex.6.NeuAc.1....N...rare1","Healthy","MECFS",0,0,0,0,0,NA,"NA",NA,NA,NA,5,5,NA,NA,NA,NA,"NS"
"P02745","HexNAc.5.Hex.3....N...rare1","Healthy","MECFS",0,0,0,0,0,NA,"NA",NA,NA,NA,5,5,NA,NA,NA,NA,"NS"
"P02745","HexNAc.5.Hex.3.Fuc.1....N...rare1","Healthy","MECFS",0,0,0,0,0,NA,"NA",NA,NA,NA,5,5,NA,NA,NA,NA,"NS"
"P02745","HexNAc.5.Hex.4....N...rare1","Healthy","MECFS",0,0,0,0,0,NA,"NA",NA,NA,NA,5,5,NA,NA,NA,NA,"NS"
"P02745","HexNAc.5.Hex.4.Fuc.1....N...rare1","Healthy","MECFS",0,0,0,0,0,NA,"NA",NA,NA,NA,5,5,NA,NA,NA,NA,"NS"
"P02745","HexNAc.5.Hex.4.NeuAc.1....N...rare1","Healthy","MECFS",0,0,0,0,0,NA,"NA",NA,NA,NA,5,5,NA,NA,NA,NA,"NS"
"P02745","HexNAc.5.Hex.4.NeuAc.1.Fuc.1....N...rare1","Healthy","MECFS",0,0,0,0,0,NA,"NA",NA,NA,NA,5,5,NA,NA,NA,NA,"NS"
"P02745","HexNAc.5.Hex.5....N...rare1","Healthy","MECFS",0,0,0,0,0,NA,"NA",NA,NA,NA,5,5,NA,NA,NA,NA,"NS"
"P02745","HexNAc.5.Hex.5.Fuc.1....N...rare1","Healthy","MECFS",0,0,0,0,0,NA,"NA",NA,NA,NA,5,5,NA,NA,NA,NA,"NS"
"P02745","HexNAc.5.Hex.5.NeuAc.1....N...rare1","Healthy","MECFS",0,0,0,0,0,NA,"NA",NA,NA,NA,5,5,NA,NA,NA,NA,"NS"
"P02745","HexNAc.5.Hex.5.NeuAc.1.Fuc.1....N...rare1","Healthy","MECFS",0,0,0,0,0,NA,"NA",NA,NA,NA,5,5,NA,NA,NA,NA,"NS"
"P02745","HexNAc.5.Hex.5.NeuAc.2.Fuc.1....N...rare1","Healthy","MECFS",0,0,0,0,0,NA,"NA",NA,NA,NA,5,5,NA,NA,NA,NA,"NS"
"P02745","HexNAc.5.Hex.6.NeuAc.1....N...rare1","Healthy","MECFS",0,0,0,0,0,NA,"NA",NA,NA,NA,5,5,NA,NA,NA,NA,"NS"
"P02745","HexNAc.5.Hex.6.NeuAc.2....N...rare1","Healthy","MECFS",0,0,0,0,0,NA,"NA",NA,NA,NA,5,5,NA,NA,NA,NA,"NS"
"P02745","HexNAc.5.Hex.6.NeuAc.2.Fuc.1....N...rare1","Healthy","MECFS",0,0,0,0,0,NA,"NA",NA,NA,NA,5,5,NA,NA,NA,NA,"NS"
"P02745","HexNAc.5.Hex.6.NeuAc.3....N...rare1","Healthy","MECFS",0,0,0,0,0,NA,"NA",NA,NA,NA,5,5,NA,NA,NA,NA,"NS"
"P02745","HexNAc.6.Hex.7.NeuAc.1....N...rare1","Healthy","MECFS",0,0,0,0,0,NA,"NA",NA,NA,NA,5,5,NA,NA,NA,NA,"NS"
"P02745","HexNAc.6.Hex.7.NeuAc.2.Fuc.1....N...rare1","Healthy","MECFS",0,0,0,0,0,NA,"NA",NA,NA,NA,5,5,NA,NA,NA,NA,"NS"
"P02748","HexNAc.2.Hex.10....N...rare1","Healthy","MECFS",0,0,0,0,0,NA,"NA",NA,NA,NA,5,5,NA,NA,NA,NA,"NS"
"P02748","HexNAc.2.Hex.5....N...rare1","Healthy","MECFS",0,0,0,0,0,NA,"NA",NA,NA,NA,5,5,NA,NA,NA,NA,"NS"
"P02748","HexNAc.2.Hex.6....N...rare1","Healthy","MECFS",0,0,0,0,0,NA,"NA",NA,NA,NA,5,5,NA,NA,NA,NA,"NS"
"P02748","HexNAc.2.Hex.7....N...rare1","Healthy","MECFS",0,0,0,0,0,NA,"NA",NA,NA,NA,5,5,NA,NA,NA,NA,"NS"
"P02748","HexNAc.2.Hex.8....N...rare1","Healthy","MECFS",0,0,0,0,0,NA,"NA",NA,NA,NA,5,5,NA,NA,NA,NA,"NS"
"P02748","HexNAc.2.Hex.9....N...rare1","Healthy","MECFS",0,0,0,0,0,NA,"NA",NA,NA,NA,5,5,NA,NA,NA,NA,"NS"
"P02748","HexNAc.3.Hex.4.NeuAc.1....N...rare1","Healthy","MECFS",0,0,0,0,0,NA,"NA",NA,NA,NA,5,5,NA,NA,NA,NA,"NS"
"P02748","HexNAc.3.Hex.4.NeuAc.1.Fuc.1....N...rare1","Healthy","MECFS",0,0,0,0,0,NA,"NA",NA,NA,NA,5,5,NA,NA,NA,NA,"NS"
"P02748","HexNAc.3.Hex.5....N...rare1","Healthy","MECFS",0,0,0,0,0,NA,"NA",NA,NA,NA,5,5,NA,NA,NA,NA,"NS"
"P02748","HexNAc.3.Hex.5.NeuAc.1....N...rare1","Healthy","MECFS",0,0,0,0,0,NA,"NA",NA,NA,NA,5,5,NA,NA,NA,NA,"NS"
"P02748","HexNAc.3.Hex.6....N...rare1","Healthy","MECFS",0,0,0,0,0,NA,"NA",NA,NA,NA,5,5,NA,NA,NA,NA,"NS"
"P02748","HexNAc.3.Hex.6.NeuAc.1....N...rare1","Healthy","MECFS",0,0,0,0,0,NA,"NA",NA,NA,NA,5,5,NA,NA,NA,NA,"NS"
"P02748","HexNAc.4.Hex.3....N...rare1","Healthy","MECFS",0,0,0,0,0,NA,"NA",NA,NA,NA,5,5,NA,NA,NA,NA,"NS"
"P02748","HexNAc.4.Hex.3.Fuc.1....N...rare1","Healthy","MECFS",0,0,0,0,0,NA,"NA",NA,NA,NA,5,5,NA,NA,NA,NA,"NS"
"P02748","HexNAc.4.Hex.4....N...rare1","Healthy","MECFS",0,0,0,0,0,NA,"NA",NA,NA,NA,5,5,NA,NA,NA,NA,"NS"
"P02748","HexNAc.4.Hex.4.Fuc.1....N...rare1","Healthy","MECFS",0,0,0,0,0,NA,"NA",NA,NA,NA,5,5,NA,NA,NA,NA,"NS"
"P02748","HexNAc.4.Hex.4.NeuAc.1....N...rare1","Healthy","MECFS",0,0,0,0,0,NA,"NA",NA,NA,NA,5,5,NA,NA,NA,NA,"NS"
"P02748","HexNAc.4.Hex.5....N...rare1","Healthy","MECFS",0,0,0,0,0,NA,"NA",NA,NA,NA,5,5,NA,NA,NA,NA,"NS"
"P02748","HexNAc.4.Hex.5.Fuc.1....N...rare1","Healthy","MECFS",0,0,0,0,0,NA,"NA",NA,NA,NA,5,5,NA,NA,NA,NA,"NS"
"P02748","HexNAc.4.Hex.5.NeuAc.1....N...rare1","Healthy","MECFS",0,0,0,0,0,NA,"NA",NA,NA,NA,5,5,NA,NA,NA,NA,"NS"
"P02748","HexNAc.4.Hex.5.NeuAc.1.Fuc.1....N...rare1","Healthy","MECFS",0,0,0,0,0,NA,"NA",NA,NA,NA,5,5,NA,NA,NA,NA,"NS"
"P02748","HexNAc.4.Hex.5.NeuAc.2....N...rare1","Healthy","MECFS",0,0,0,0,0,NA,"NA",NA,NA,NA,5,5,NA,NA,NA,NA,"NS"
"P02748","HexNAc.4.Hex.5.NeuAc.2.Fuc.1....N...rare1","Healthy","MECFS",0,0,0,0,0,NA,"NA",NA,NA,NA,5,5,NA,NA,NA,NA,"NS"
"P02748","HexNAc.4.Hex.6.NeuAc.1....N...rare1","Healthy","MECFS",0,0,0,0,0,NA,"NA",NA,NA,NA,5,5,NA,NA,NA,NA,"NS"
"P02748","HexNAc.5.Hex.3....N...rare1","Healthy","MECFS",0,0,0,0,0,NA,"NA",NA,NA,NA,5,5,NA,NA,NA,NA,"NS"
"P02748","HexNAc.5.Hex.3.Fuc.1....N...rare1","Healthy","MECFS",0,0,0,0,0,NA,"NA",NA,NA,NA,5,5,NA,NA,NA,NA,"NS"
"P02748","HexNAc.5.Hex.4....N...rare1","Healthy","MECFS",0,0,0,0,0,NA,"NA",NA,NA,NA,5,5,NA,NA,NA,NA,"NS"
"P02748","HexNAc.5.Hex.4.Fuc.1....N...rare1","Healthy","MECFS",0,0,0,0,0,NA,"NA",NA,NA,NA,5,5,NA,NA,NA,NA,"NS"
"P02748","HexNAc.5.Hex.4.NeuAc.1....N...rare1","Healthy","MECFS",0,0,0,0,0,NA,"NA",NA,NA,NA,5,5,NA,NA,NA,NA,"NS"
"P02748","HexNAc.5.Hex.4.NeuAc.1.Fuc.1....N...rare1","Healthy","MECFS",0,0,0,0,0,NA,"NA",NA,NA,NA,5,5,NA,NA,NA,NA,"NS"
"P02748","HexNAc.5.Hex.5....N...rare1","Healthy","MECFS",0,0,0,0,0,NA,"NA",NA,NA,NA,5,5,NA,NA,NA,NA,"NS"
"P02748","HexNAc.5.Hex.5.Fuc.1....N...rare1","Healthy","MECFS",0,0,0,0,0,NA,"NA",NA,NA,NA,5,5,NA,NA,NA,NA,"NS"
"P02748","HexNAc.5.Hex.5.NeuAc.1....N...rare1","Healthy","MECFS",0,0,0,0,0,NA,"NA",NA,NA,NA,5,5,NA,NA,NA,NA,"NS"
"P02748","HexNAc.5.Hex.5.NeuAc.1.Fuc.1....N...rare1","Healthy","MECFS",0,0,0,0,0,NA,"NA",NA,NA,NA,5,5,NA,NA,NA,NA,"NS"
"P02748","HexNAc.5.Hex.5.NeuAc.2.Fuc.1....N...rare1","Healthy","MECFS",0,0,0,0,0,NA,"NA",NA,NA,NA,5,5,NA,NA,NA,NA,"NS"
"P02748","HexNAc.5.Hex.6.NeuAc.1....N...rare1","Healthy","MECFS",0,0,0,0,0,NA,"NA",NA,NA,NA,5,5,NA,NA,NA,NA,"NS"
"P02748","HexNAc.5.Hex.6.NeuAc.2....N...rare1","Healthy","MECFS",0,0,0,0,0,NA,"NA",NA,NA,NA,5,5,NA,NA,NA,NA,"NS"
"P02748","HexNAc.5.Hex.6.NeuAc.2.Fuc.1....N...rare1","Healthy","MECFS",0,0,0,0,0,NA,"NA",NA,NA,NA,5,5,NA,NA,NA,NA,"NS"
"P02748","HexNAc.5.Hex.6.NeuAc.3....N...rare1","Healthy","MECFS",0,0,0,0,0,NA,"NA",NA,NA,NA,5,5,NA,NA,NA,NA,"NS"
"P02748","HexNAc.6.Hex.7.NeuAc.1....N...rare1","Healthy","MECFS",0,0,0,0,0,NA,"NA",NA,NA,NA,5,5,NA,NA,NA,NA,"NS"
"P02748","HexNAc.6.Hex.7.NeuAc.2.Fuc.1....N...rare1","Healthy","MECFS",0,0,0,0,0,NA,"NA",NA,NA,NA,5,5,NA,NA,NA,NA,"NS"
"P02749","HexNAc.2.Hex.10....N...rare1","Healthy","MECFS",0,0,0,0,0,NA,"NA",NA,NA,NA,5,5,NA,NA,NA,NA,"NS"
"P02749","HexNAc.2.Hex.5....N...rare1","Healthy","MECFS",0,0,0,0,0,NA,"NA",NA,NA,NA,5,5,NA,NA,NA,NA,"NS"
"P02749","HexNAc.2.Hex.6....N...rare1","Healthy","MECFS",0,0,0,0,0,NA,"NA",NA,NA,NA,5,5,NA,NA,NA,NA,"NS"
"P02749","HexNAc.2.Hex.7....N...rare1","Healthy","MECFS",0,0,0,0,0,NA,"NA",NA,NA,NA,5,5,NA,NA,NA,NA,"NS"
"P02749","HexNAc.2.Hex.8....N...rare1","Healthy","MECFS",0,0,0,0,0,NA,"NA",NA,NA,NA,5,5,NA,NA,NA,NA,"NS"
"P02749","HexNAc.2.Hex.9....N...rare1","Healthy","MECFS",0,0,0,0,0,NA,"NA",NA,NA,NA,5,5,NA,NA,NA,NA,"NS"
"P02749","HexNAc.3.Hex.5....N...rare1","Healthy","MECFS",0,0,0,0,0,NA,"NA",NA,NA,NA,5,5,NA,NA,NA,NA,"NS"
"P02749","HexNAc.3.Hex.5.NeuAc.1....N...rare1","Healthy","MECFS",0,0,0,0,0,NA,"NA",NA,NA,NA,5,5,NA,NA,NA,NA,"NS"
"P02749","HexNAc.3.Hex.6....N...rare1","Healthy","MECFS",0,0,0,0,0,NA,"NA",NA,NA,NA,5,5,NA,NA,NA,NA,"NS"
"P02749","HexNAc.3.Hex.6.NeuAc.1....N...rare1","Healthy","MECFS",0,0,0,0,0,NA,"NA",NA,NA,NA,5,5,NA,NA,NA,NA,"NS"
"P02749","HexNAc.4.Hex.3....N...rare1","Healthy","MECFS",0,0,0,0,0,NA,"NA",NA,NA,NA,5,5,NA,NA,NA,NA,"NS"
"P02749","HexNAc.4.Hex.3.Fuc.1....N...rare1","Healthy","MECFS",0,0,0,0,0,NA,"NA",NA,NA,NA,5,5,NA,NA,NA,NA,"NS"
"P02749","HexNAc.4.Hex.4....N...rare1","Healthy","MECFS",0,0,0,0,0,NA,"NA",NA,NA,NA,5,5,NA,NA,NA,NA,"NS"
"P02749","HexNAc.4.Hex.4.Fuc.1....N...rare1","Healthy","MECFS",0,0,0,0,0,NA,"NA",NA,NA,NA,5,5,NA,NA,NA,NA,"NS"
"P02749","HexNAc.4.Hex.5.Fuc.1....N...rare1","Healthy","MECFS",0,0,0,0,0,NA,"NA",NA,NA,NA,5,5,NA,NA,NA,NA,"NS"
"P02749","HexNAc.5.Hex.3....N...rare1","Healthy","MECFS",0,0,0,0,0,NA,"NA",NA,NA,NA,5,5,NA,NA,NA,NA,"NS"
"P02749","HexNAc.5.Hex.3.Fuc.1....N...rare1","Healthy","MECFS",0,0,0,0,0,NA,"NA",NA,NA,NA,5,5,NA,NA,NA,NA,"NS"
"P02749","HexNAc.5.Hex.4....N...rare1","Healthy","MECFS",0,0,0,0,0,NA,"NA",NA,NA,NA,5,5,NA,NA,NA,NA,"NS"
"P02749","HexNAc.5.Hex.4.Fuc.1....N...rare1","Healthy","MECFS",0,0,0,0,0,NA,"NA",NA,NA,NA,5,5,NA,NA,NA,NA,"NS"
"P02749","HexNAc.5.Hex.4.NeuAc.1....N...rare1","Healthy","MECFS",0,0,0,0,0,NA,"NA",NA,NA,NA,5,5,NA,NA,NA,NA,"NS"
"P02749","HexNAc.5.Hex.4.NeuAc.1.Fuc.1....N...rare1","Healthy","MECFS",0,0,0,0,0,NA,"NA",NA,NA,NA,5,5,NA,NA,NA,NA,"NS"
"P02749","HexNAc.5.Hex.5....N...rare1","Healthy","MECFS",0,0,0,0,0,NA,"NA",NA,NA,NA,5,5,NA,NA,NA,NA,"NS"
"P02749","HexNAc.5.Hex.5.Fuc.1....N...rare1","Healthy","MECFS",0,0,0,0,0,NA,"NA",NA,NA,NA,5,5,NA,NA,NA,NA,"NS"
"P02749","HexNAc.5.Hex.5.NeuAc.1....N...rare1","Healthy","MECFS",0,0,0,0,0,NA,"NA",NA,NA,NA,5,5,NA,NA,NA,NA,"NS"
"P02749","HexNAc.5.Hex.5.NeuAc.1.Fuc.1....N...rare1","Healthy","MECFS",0,0,0,0,0,NA,"NA",NA,NA,NA,5,5,NA,NA,NA,NA,"NS"
"P02749","HexNAc.5.Hex.5.NeuAc.2.Fuc.1....N...rare1","Healthy","MECFS",0,0,0,0,0,NA,"NA",NA,NA,NA,5,5,NA,NA,NA,NA,"NS"
"P02749","HexNAc.6.Hex.7.NeuAc.1....N...rare1","Healthy","MECFS",0,0,0,0,0,NA,"NA",NA,NA,NA,5,5,NA,NA,NA,NA,"NS"
"P02749","HexNAc.6.Hex.7.NeuAc.2.Fuc.1....N...rare1","Healthy","MECFS",0,0,0,0,0,NA,"NA",NA,NA,NA,5,5,NA,NA,NA,NA,"NS"
"P02750","HexNAc.2.Hex.10....N...rare1","Healthy","MECFS",0,0,0,0,0,NA,"NA",NA,NA,NA,5,5,NA,NA,NA,NA,"NS"
"P02750","HexNAc.2.Hex.5....N...rare1","Healthy","MECFS",0,0,0,0,0,NA,"NA",NA,NA,NA,5,5,NA,NA,NA,NA,"NS"
"P02750","HexNAc.2.Hex.6....N...rare1","Healthy","MECFS",0,0,0,0,0,NA,"NA",NA,NA,NA,5,5,NA,NA,NA,NA,"NS"
"P02750","HexNAc.2.Hex.7....N...rare1","Healthy","MECFS",0,0,0,0,0,NA,"NA",NA,NA,NA,5,5,NA,NA,NA,NA,"NS"
"P02750","HexNAc.2.Hex.8....N...rare1","Healthy","MECFS",0,0,0,0,0,NA,"NA",NA,NA,NA,5,5,NA,NA,NA,NA,"NS"
"P02750","HexNAc.2.Hex.9....N...rare1","Healthy","MECFS",0,0,0,0,0,NA,"NA",NA,NA,NA,5,5,NA,NA,NA,NA,"NS"
"P02750","HexNAc.3.Hex.4.NeuAc.1....N...rare1","Healthy","MECFS",0,0,0,0,0,NA,"NA",NA,NA,NA,5,5,NA,NA,NA,NA,"NS"
"P02750","HexNAc.3.Hex.4.NeuAc.1.Fuc.1....N...rare1","Healthy","MECFS",0,0,0,0,0,NA,"NA",NA,NA,NA,5,5,NA,NA,NA,NA,"NS"
"P02750","HexNAc.3.Hex.5....N...rare1","Healthy","MECFS",0,0,0,0,0,NA,"NA",NA,NA,NA,5,5,NA,NA,NA,NA,"NS"
"P02750","HexNAc.3.Hex.5.NeuAc.1....N...rare1","Healthy","MECFS",0,0,0,0,0,NA,"NA",NA,NA,NA,5,5,NA,NA,NA,NA,"NS"
"P02750","HexNAc.3.Hex.6....N...rare1","Healthy","MECFS",0,0,0,0,0,NA,"NA",NA,NA,NA,5,5,NA,NA,NA,NA,"NS"
"P02750","HexNAc.3.Hex.6.NeuAc.1....N...rare1","Healthy","MECFS",0,0,0,0,0,NA,"NA",NA,NA,NA,5,5,NA,NA,NA,NA,"NS"
"P02750","HexNAc.4.Hex.3....N...rare1","Healthy","MECFS",0,0,0,0,0,NA,"NA",NA,NA,NA,5,5,NA,NA,NA,NA,"NS"
"P02750","HexNAc.4.Hex.3.Fuc.1....N...rare1","Healthy","MECFS",0,0,0,0,0,NA,"NA",NA,NA,NA,5,5,NA,NA,NA,NA,"NS"
"P02750","HexNAc.4.Hex.4....N...rare1","Healthy","MECFS",0,0,0,0,0,NA,"NA",NA,NA,NA,5,5,NA,NA,NA,NA,"NS"
"P02750","HexNAc.4.Hex.4.Fuc.1....N...rare1","Healthy","MECFS",0,0,0,0,0,NA,"NA",NA,NA,NA,5,5,NA,NA,NA,NA,"NS"
"P02750","HexNAc.4.Hex.4.NeuAc.1....N...rare1","Healthy","MECFS",0,0,0,0,0,NA,"NA",NA,NA,NA,5,5,NA,NA,NA,NA,"NS"
"P02750","HexNAc.4.Hex.5....N...rare1","Healthy","MECFS",0,0,0,0,0,NA,"NA",NA,NA,NA,5,5,NA,NA,NA,NA,"NS"
"P02750","HexNAc.4.Hex.5.Fuc.1....N...rare1","Healthy","MECFS",0,0,0,0,0,NA,"NA",NA,NA,NA,5,5,NA,NA,NA,NA,"NS"
"P02750","HexNAc.4.Hex.5.NeuAc.1....N...rare1","Healthy","MECFS",0,0,0,0,0,NA,"NA",NA,NA,NA,5,5,NA,NA,NA,NA,"NS"
"P02750","HexNAc.4.Hex.5.NeuAc.1.Fuc.1....N...rare1","Healthy","MECFS",0,0,0,0,0,NA,"NA",NA,NA,NA,5,5,NA,NA,NA,NA,"NS"
"P02750","HexNAc.4.Hex.5.NeuAc.2.Fuc.1....N...rare1","Healthy","MECFS",0,0,0,0,0,NA,"NA",NA,NA,NA,5,5,NA,NA,NA,NA,"NS"
"P02750","HexNAc.4.Hex.6.NeuAc.1....N...rare1","Healthy","MECFS",0,0,0,0,0,NA,"NA",NA,NA,NA,5,5,NA,NA,NA,NA,"NS"
"P02750","HexNAc.5.Hex.3....N...rare1","Healthy","MECFS",0,0,0,0,0,NA,"NA",NA,NA,NA,5,5,NA,NA,NA,NA,"NS"
"P02750","HexNAc.5.Hex.3.Fuc.1....N...rare1","Healthy","MECFS",0,0,0,0,0,NA,"NA",NA,NA,NA,5,5,NA,NA,NA,NA,"NS"
"P02750","HexNAc.5.Hex.4....N...rare1","Healthy","MECFS",0,0,0,0,0,NA,"NA",NA,NA,NA,5,5,NA,NA,NA,NA,"NS"
"P02750","HexNAc.5.Hex.4.Fuc.1....N...rare1","Healthy","MECFS",0,0,0,0,0,NA,"NA",NA,NA,NA,5,5,NA,NA,NA,NA,"NS"
"P02750","HexNAc.5.Hex.4.NeuAc.1....N...rare1","Healthy","MECFS",0,0,0,0,0,NA,"NA",NA,NA,NA,5,5,NA,NA,NA,NA,"NS"
"P02750","HexNAc.5.Hex.4.NeuAc.1.Fuc.1....N...rare1","Healthy","MECFS",0,0,0,0,0,NA,"NA",NA,NA,NA,5,5,NA,NA,NA,NA,"NS"
"P02750","HexNAc.5.Hex.5....N...rare1","Healthy","MECFS",0,0,0,0,0,NA,"NA",NA,NA,NA,5,5,NA,NA,NA,NA,"NS"
"P02750","HexNAc.5.Hex.5.Fuc.1....N...rare1","Healthy","MECFS",0,0,0,0,0,NA,"NA",NA,NA,NA,5,5,NA,NA,NA,NA,"NS"
"P02750","HexNAc.5.Hex.5.NeuAc.1....N...rare1","Healthy","MECFS",0,0,0,0,0,NA,"NA",NA,NA,NA,5,5,NA,NA,NA,NA,"NS"
"P02750","HexNAc.5.Hex.5.NeuAc.1.Fuc.1....N...rare1","Healthy","MECFS",0,0,0,0,0,NA,"NA",NA,NA,NA,5,5,NA,NA,NA,NA,"NS"
"P02750","HexNAc.5.Hex.5.NeuAc.2.Fuc.1....N...rare1","Healthy","MECFS",0,0,0,0,0,NA,"NA",NA,NA,NA,5,5,NA,NA,NA,NA,"NS"
"P02750","HexNAc.5.Hex.6.NeuAc.1....N...rare1","Healthy","MECFS",0,0,0,0,0,NA,"NA",NA,NA,NA,5,5,NA,NA,NA,NA,"NS"
"P02750","HexNAc.5.Hex.6.NeuAc.2....N...rare1","Healthy","MECFS",0,0,0,0,0,NA,"NA",NA,NA,NA,5,5,NA,NA,NA,NA,"NS"
"P02750","HexNAc.5.Hex.6.NeuAc.2.Fuc.1....N...rare1","Healthy","MECFS",0,0,0,0,0,NA,"NA",NA,NA,NA,5,5,NA,NA,NA,NA,"NS"
"P02750","HexNAc.6.Hex.7.NeuAc.1....N...rare1","Healthy","MECFS",0,0,0,0,0,NA,"NA",NA,NA,NA,5,5,NA,NA,NA,NA,"NS"
"P02750","HexNAc.6.Hex.7.NeuAc.2.Fuc.1....N...rare1","Healthy","MECFS",0,0,0,0,0,NA,"NA",NA,NA,NA,5,5,NA,NA,NA,NA,"NS"
"P02751","HexNAc.2.Hex.10....N...rare1","Healthy","MECFS",0,0,0,0,0,NA,"NA",NA,NA,NA,5,5,NA,NA,NA,NA,"NS"
"P02751","HexNAc.2.Hex.5....N...rare1","Healthy","MECFS",0,0,0,0,0,NA,"NA",NA,NA,NA,5,5,NA,NA,NA,NA,"NS"
"P02751","HexNAc.2.Hex.6....N...rare1","Healthy","MECFS",0,0,0,0,0,NA,"NA",NA,NA,NA,5,5,NA,NA,NA,NA,"NS"
"P02751","HexNAc.2.Hex.7....N...rare1","Healthy","MECFS",0,0,0,0,0,NA,"NA",NA,NA,NA,5,5,NA,NA,NA,NA,"NS"
"P02751","HexNAc.2.Hex.8....N...rare1","Healthy","MECFS",0,0,0,0,0,NA,"NA",NA,NA,NA,5,5,NA,NA,NA,NA,"NS"
"P02751","HexNAc.2.Hex.9....N...rare1","Healthy","MECFS",0,0,0,0,0,NA,"NA",NA,NA,NA,5,5,NA,NA,NA,NA,"NS"
"P02751","HexNAc.3.Hex.4.NeuAc.1.Fuc.1....N...rare1","Healthy","MECFS",0,0,0,0,0,NA,"NA",NA,NA,NA,5,5,NA,NA,NA,NA,"NS"
"P02751","HexNAc.3.Hex.5....N...rare1","Healthy","MECFS",0,0,0,0,0,NA,"NA",NA,NA,NA,5,5,NA,NA,NA,NA,"NS"
"P02751","HexNAc.3.Hex.5.NeuAc.1....N...rare1","Healthy","MECFS",0,0,0,0,0,NA,"NA",NA,NA,NA,5,5,NA,NA,NA,NA,"NS"
"P02751","HexNAc.3.Hex.6....N...rare1","Healthy","MECFS",0,0,0,0,0,NA,"NA",NA,NA,NA,5,5,NA,NA,NA,NA,"NS"
"P02751","HexNAc.3.Hex.6.NeuAc.1....N...rare1","Healthy","MECFS",0,0,0,0,0,NA,"NA",NA,NA,NA,5,5,NA,NA,NA,NA,"NS"
"P02751","HexNAc.4.Hex.3....N...rare1","Healthy","MECFS",0,0,0,0,0,NA,"NA",NA,NA,NA,5,5,NA,NA,NA,NA,"NS"
"P02751","HexNAc.4.Hex.3.Fuc.1....N...rare1","Healthy","MECFS",0,0,0,0,0,NA,"NA",NA,NA,NA,5,5,NA,NA,NA,NA,"NS"
"P02751","HexNAc.4.Hex.4....N...rare1","Healthy","MECFS",0,0,0,0,0,NA,"NA",NA,NA,NA,5,5,NA,NA,NA,NA,"NS"
"P02751","HexNAc.4.Hex.4.Fuc.1....N...rare1","Healthy","MECFS",0,0,0,0,0,NA,"NA",NA,NA,NA,5,5,NA,NA,NA,NA,"NS"
"P02751","HexNAc.4.Hex.5.Fuc.1....N...rare1","Healthy","MECFS",0,0,0,0,0,NA,"NA",NA,NA,NA,5,5,NA,NA,NA,NA,"NS"
"P02751","HexNAc.4.Hex.5.NeuAc.2.Fuc.1....N...rare1","Healthy","MECFS",0,0,0,0,0,NA,"NA",NA,NA,NA,5,5,NA,NA,NA,NA,"NS"
"P02751","HexNAc.4.Hex.6.NeuAc.1....N...rare1","Healthy","MECFS",0,0,0,0,0,NA,"NA",NA,NA,NA,5,5,NA,NA,NA,NA,"NS"
"P02751","HexNAc.5.Hex.3....N...rare1","Healthy","MECFS",0,0,0,0,0,NA,"NA",NA,NA,NA,5,5,NA,NA,NA,NA,"NS"
"P02751","HexNAc.5.Hex.3.Fuc.1....N...rare1","Healthy","MECFS",0,0,0,0,0,NA,"NA",NA,NA,NA,5,5,NA,NA,NA,NA,"NS"
"P02751","HexNAc.5.Hex.4....N...rare1","Healthy","MECFS",0,0,0,0,0,NA,"NA",NA,NA,NA,5,5,NA,NA,NA,NA,"NS"
"P02751","HexNAc.5.Hex.4.Fuc.1....N...rare1","Healthy","MECFS",0,0,0,0,0,NA,"NA",NA,NA,NA,5,5,NA,NA,NA,NA,"NS"
"P02751","HexNAc.5.Hex.4.NeuAc.1....N...rare1","Healthy","MECFS",0,0,0,0,0,NA,"NA",NA,NA,NA,5,5,NA,NA,NA,NA,"NS"
"P02751","HexNAc.5.Hex.4.NeuAc.1.Fuc.1....N...rare1","Healthy","MECFS",0,0,0,0,0,NA,"NA",NA,NA,NA,5,5,NA,NA,NA,NA,"NS"
"P02751","HexNAc.5.Hex.5....N...rare1","Healthy","MECFS",0,0,0,0,0,NA,"NA",NA,NA,NA,5,5,NA,NA,NA,NA,"NS"
"P02751","HexNAc.5.Hex.5.Fuc.1....N...rare1","Healthy","MECFS",0,0,0,0,0,NA,"NA",NA,NA,NA,5,5,NA,NA,NA,NA,"NS"
"P02751","HexNAc.5.Hex.5.NeuAc.1....N...rare1","Healthy","MECFS",0,0,0,0,0,NA,"NA",NA,NA,NA,5,5,NA,NA,NA,NA,"NS"
"P02751","HexNAc.5.Hex.5.NeuAc.1.Fuc.1....N...rare1","Healthy","MECFS",0,0,0,0,0,NA,"NA",NA,NA,NA,5,5,NA,NA,NA,NA,"NS"
"P02751","HexNAc.5.Hex.5.NeuAc.2.Fuc.1....N...rare1","Healthy","MECFS",0,0,0,0,0,NA,"NA",NA,NA,NA,5,5,NA,NA,NA,NA,"NS"
"P02751","HexNAc.5.Hex.6.NeuAc.1....N...rare1","Healthy","MECFS",0,0,0,0,0,NA,"NA",NA,NA,NA,5,5,NA,NA,NA,NA,"NS"
"P02751","HexNAc.5.Hex.6.NeuAc.2....N...rare1","Healthy","MECFS",0,0,0,0,0,NA,"NA",NA,NA,NA,5,5,NA,NA,NA,NA,"NS"
"P02751","HexNAc.5.Hex.6.NeuAc.2.Fuc.1....N...rare1","Healthy","MECFS",0,0,0,0,0,NA,"NA",NA,NA,NA,5,5,NA,NA,NA,NA,"NS"
"P02751","HexNAc.5.Hex.6.NeuAc.3....N...rare1","Healthy","MECFS",0,0,0,0,0,NA,"NA",NA,NA,NA,5,5,NA,NA,NA,NA,"NS"
"P02751","HexNAc.6.Hex.7.NeuAc.1....N...rare1","Healthy","MECFS",0,0,0,0,0,NA,"NA",NA,NA,NA,5,5,NA,NA,NA,NA,"NS"
"P02751","HexNAc.6.Hex.7.NeuAc.2.Fuc.1....N...rare1","Healthy","MECFS",0,0,0,0,0,NA,"NA",NA,NA,NA,5,5,NA,NA,NA,NA,"NS"
"P02760","HexNAc.2.Hex.10....N...rare1","Healthy","MECFS",0,0,0,0,0,NA,"NA",NA,NA,NA,5,5,NA,NA,NA,NA,"NS"
"P02760","HexNAc.2.Hex.5....N...rare1","Healthy","MECFS",0,0,0,0,0,NA,"NA",NA,NA,NA,5,5,NA,NA,NA,NA,"NS"
"P02760","HexNAc.2.Hex.6....N...rare1","Healthy","MECFS",0,0,0,0,0,NA,"NA",NA,NA,NA,5,5,NA,NA,NA,NA,"NS"
"P02760","HexNAc.2.Hex.7....N...rare1","Healthy","MECFS",0,0,0,0,0,NA,"NA",NA,NA,NA,5,5,NA,NA,NA,NA,"NS"
"P02760","HexNAc.2.Hex.8....N...rare1","Healthy","MECFS",0,0,0,0,0,NA,"NA",NA,NA,NA,5,5,NA,NA,NA,NA,"NS"
"P02760","HexNAc.2.Hex.9....N...rare1","Healthy","MECFS",0,0,0,0,0,NA,"NA",NA,NA,NA,5,5,NA,NA,NA,NA,"NS"
"P02760","HexNAc.3.Hex.4.NeuAc.1....N...rare1","Healthy","MECFS",0,0,0,0,0,NA,"NA",NA,NA,NA,5,5,NA,NA,NA,NA,"NS"
"P02760","HexNAc.3.Hex.4.NeuAc.1.Fuc.1....N...rare1","Healthy","MECFS",0,0,0,0,0,NA,"NA",NA,NA,NA,5,5,NA,NA,NA,NA,"NS"
"P02760","HexNAc.3.Hex.5....N...rare1","Healthy","MECFS",0,0,0,0,0,NA,"NA",NA,NA,NA,5,5,NA,NA,NA,NA,"NS"
"P02760","HexNAc.3.Hex.5.NeuAc.1....N...rare1","Healthy","MECFS",0,0,0,0,0,NA,"NA",NA,NA,NA,5,5,NA,NA,NA,NA,"NS"
"P02760","HexNAc.3.Hex.6....N...rare1","Healthy","MECFS",0,0,0,0,0,NA,"NA",NA,NA,NA,5,5,NA,NA,NA,NA,"NS"
"P02760","HexNAc.3.Hex.6.NeuAc.1....N...rare1","Healthy","MECFS",0,0,0,0,0,NA,"NA",NA,NA,NA,5,5,NA,NA,NA,NA,"NS"
"P02760","HexNAc.4.Hex.3....N...rare1","Healthy","MECFS",0,0,0,0,0,NA,"NA",NA,NA,NA,5,5,NA,NA,NA,NA,"NS"
"P02760","HexNAc.4.Hex.3.Fuc.1....N...rare1","Healthy","MECFS",0,0,0,0,0,NA,"NA",NA,NA,NA,5,5,NA,NA,NA,NA,"NS"
"P02760","HexNAc.4.Hex.4....N...rare1","Healthy","MECFS",0,0,0,0,0,NA,"NA",NA,NA,NA,5,5,NA,NA,NA,NA,"NS"
"P02760","HexNAc.4.Hex.4.Fuc.1....N...rare1","Healthy","MECFS",0,0,0,0,0,NA,"NA",NA,NA,NA,5,5,NA,NA,NA,NA,"NS"
"P02760","HexNAc.4.Hex.4.NeuAc.1....N...rare1","Healthy","MECFS",0,0,0,0,0,NA,"NA",NA,NA,NA,5,5,NA,NA,NA,NA,"NS"
"P02760","HexNAc.4.Hex.5....N...rare1","Healthy","MECFS",0,0,0,0,0,NA,"NA",NA,NA,NA,5,5,NA,NA,NA,NA,"NS"
"P02760","HexNAc.4.Hex.5.Fuc.1....N...rare1","Healthy","MECFS",0,0,0,0,0,NA,"NA",NA,NA,NA,5,5,NA,NA,NA,NA,"NS"
"P02760","HexNAc.4.Hex.5.NeuAc.1.Fuc.1....N...rare1","Healthy","MECFS",0,0,0,0,0,NA,"NA",NA,NA,NA,5,5,NA,NA,NA,NA,"NS"
"P02760","HexNAc.4.Hex.5.NeuAc.2.Fuc.1....N...rare1","Healthy","MECFS",0,0,0,0,0,NA,"NA",NA,NA,NA,5,5,NA,NA,NA,NA,"NS"
"P02760","HexNAc.4.Hex.6.NeuAc.1....N...rare1","Healthy","MECFS",0,0,0,0,0,NA,"NA",NA,NA,NA,5,5,NA,NA,NA,NA,"NS"
"P02760","HexNAc.5.Hex.3....N...rare1","Healthy","MECFS",0,0,0,0,0,NA,"NA",NA,NA,NA,5,5,NA,NA,NA,NA,"NS"
"P02760","HexNAc.5.Hex.3.Fuc.1....N...rare1","Healthy","MECFS",0,0,0,0,0,NA,"NA",NA,NA,NA,5,5,NA,NA,NA,NA,"NS"
"P02760","HexNAc.5.Hex.4....N...rare1","Healthy","MECFS",0,0,0,0,0,NA,"NA",NA,NA,NA,5,5,NA,NA,NA,NA,"NS"
"P02760","HexNAc.5.Hex.4.Fuc.1....N...rare1","Healthy","MECFS",0,0,0,0,0,NA,"NA",NA,NA,NA,5,5,NA,NA,NA,NA,"NS"
"P02760","HexNAc.5.Hex.4.NeuAc.1....N...rare1","Healthy","MECFS",0,0,0,0,0,NA,"NA",NA,NA,NA,5,5,NA,NA,NA,NA,"NS"
"P02760","HexNAc.5.Hex.4.NeuAc.1.Fuc.1....N...rare1","Healthy","MECFS",0,0,0,0,0,NA,"NA",NA,NA,NA,5,5,NA,NA,NA,NA,"NS"
"P02760","HexNAc.5.Hex.5....N...rare1","Healthy","MECFS",0,0,0,0,0,NA,"NA",NA,NA,NA,5,5,NA,NA,NA,NA,"NS"
"P02760","HexNAc.5.Hex.5.Fuc.1....N...rare1","Healthy","MECFS",0,0,0,0,0,NA,"NA",NA,NA,NA,5,5,NA,NA,NA,NA,"NS"
"P02760","HexNAc.5.Hex.5.NeuAc.1....N...rare1","Healthy","MECFS",0,0,0,0,0,NA,"NA",NA,NA,NA,5,5,NA,NA,NA,NA,"NS"
"P02760","HexNAc.5.Hex.5.NeuAc.2.Fuc.1....N...rare1","Healthy","MECFS",0,0,0,0,0,NA,"NA",NA,NA,NA,5,5,NA,NA,NA,NA,"NS"
"P02760","HexNAc.5.Hex.6.NeuAc.1....N...rare1","Healthy","MECFS",0,0,0,0,0,NA,"NA",NA,NA,NA,5,5,NA,NA,NA,NA,"NS"
"P02760","HexNAc.5.Hex.6.NeuAc.2....N...rare1","Healthy","MECFS",0,0,0,0,0,NA,"NA",NA,NA,NA,5,5,NA,NA,NA,NA,"NS"
"P02760","HexNAc.5.Hex.6.NeuAc.2.Fuc.1....N...rare1","Healthy","MECFS",0,0,0,0,0,NA,"NA",NA,NA,NA,5,5,NA,NA,NA,NA,"NS"
"P02760","HexNAc.5.Hex.6.NeuAc.3....N...rare1","Healthy","MECFS",0,0,0,0,0,NA,"NA",NA,NA,NA,5,5,NA,NA,NA,NA,"NS"
"P02760","HexNAc.6.Hex.7.NeuAc.1....N...rare1","Healthy","MECFS",0,0,0,0,0,NA,"NA",NA,NA,NA,5,5,NA,NA,NA,NA,"NS"
"P02760","HexNAc.6.Hex.7.NeuAc.2.Fuc.1....N...rare1","Healthy","MECFS",0,0,0,0,0,NA,"NA",NA,NA,NA,5,5,NA,NA,NA,NA,"NS"
"P02763","HexNAc.2.Hex.10....N...rare1","Healthy","MECFS",0,0,0,0,0,NA,"NA",NA,NA,NA,5,5,NA,NA,NA,NA,"NS"
"P02763","HexNAc.2.Hex.5....N...rare1","Healthy","MECFS",0,0,0,0,0,NA,"NA",NA,NA,NA,5,5,NA,NA,NA,NA,"NS"
"P02763","HexNAc.2.Hex.6....N...rare1","Healthy","MECFS",0,0,0,0,0,NA,"NA",NA,NA,NA,5,5,NA,NA,NA,NA,"NS"
"P02763","HexNAc.2.Hex.7....N...rare1","Healthy","MECFS",0,0,0,0,0,NA,"NA",NA,NA,NA,5,5,NA,NA,NA,NA,"NS"
"P02763","HexNAc.2.Hex.8....N...rare1","Healthy","MECFS",0,0,0,0,0,NA,"NA",NA,NA,NA,5,5,NA,NA,NA,NA,"NS"
"P02763","HexNAc.2.Hex.9....N...rare1","Healthy","MECFS",0,0,0,0,0,NA,"NA",NA,NA,NA,5,5,NA,NA,NA,NA,"NS"
"P02763","HexNAc.3.Hex.4.NeuAc.1.Fuc.1....N...rare1","Healthy","MECFS",0,0,0,0,0,NA,"NA",NA,NA,NA,5,5,NA,NA,NA,NA,"NS"
"P02763","HexNAc.3.Hex.5....N...rare1","Healthy","MECFS",0,0,0,0,0,NA,"NA",NA,NA,NA,5,5,NA,NA,NA,NA,"NS"
"P02763","HexNAc.3.Hex.5.NeuAc.1....N...rare1","Healthy","MECFS",0,0,0,0,0,NA,"NA",NA,NA,NA,5,5,NA,NA,NA,NA,"NS"
"P02763","HexNAc.3.Hex.6....N...rare1","Healthy","MECFS",0,0,0,0,0,NA,"NA",NA,NA,NA,5,5,NA,NA,NA,NA,"NS"
"P02763","HexNAc.3.Hex.6.NeuAc.1....N...rare1","Healthy","MECFS",0,0,0,0,0,NA,"NA",NA,NA,NA,5,5,NA,NA,NA,NA,"NS"
"P02763","HexNAc.4.Hex.3....N...rare1","Healthy","MECFS",0,0,0,0,0,NA,"NA",NA,NA,NA,5,5,NA,NA,NA,NA,"NS"
"P02763","HexNAc.4.Hex.3.Fuc.1....N...rare1","Healthy","MECFS",0,0,0,0,0,NA,"NA",NA,NA,NA,5,5,NA,NA,NA,NA,"NS"
"P02763","HexNAc.4.Hex.4....N...rare1","Healthy","MECFS",0,0,0,0,0,NA,"NA",NA,NA,NA,5,5,NA,NA,NA,NA,"NS"
"P02763","HexNAc.4.Hex.4.Fuc.1....N...rare1","Healthy","MECFS",0,0,0,0,0,NA,"NA",NA,NA,NA,5,5,NA,NA,NA,NA,"NS"
"P02763","HexNAc.4.Hex.4.NeuAc.1....N...rare1","Healthy","MECFS",0,0,0,0,0,NA,"NA",NA,NA,NA,5,5,NA,NA,NA,NA,"NS"
"P02763","HexNAc.4.Hex.5....N...rare1","Healthy","MECFS",0,0,0,0,0,NA,"NA",NA,NA,NA,5,5,NA,NA,NA,NA,"NS"
"P02763","HexNAc.4.Hex.5.Fuc.1....N...rare1","Healthy","MECFS",0,0,0,0,0,NA,"NA",NA,NA,NA,5,5,NA,NA,NA,NA,"NS"
"P02763","HexNAc.4.Hex.5.NeuAc.1.Fuc.1....N...rare1","Healthy","MECFS",0,0,0,0,0,NA,"NA",NA,NA,NA,5,5,NA,NA,NA,NA,"NS"
"P02763","HexNAc.4.Hex.5.NeuAc.2.Fuc.1....N...rare1","Healthy","MECFS",0,0,0,0,0,NA,"NA",NA,NA,NA,5,5,NA,NA,NA,NA,"NS"
"P02763","HexNAc.4.Hex.6.NeuAc.1....N...rare1","Healthy","MECFS",0,0,0,0,0,NA,"NA",NA,NA,NA,5,5,NA,NA,NA,NA,"NS"
"P02763","HexNAc.5.Hex.3....N...rare1","Healthy","MECFS",0,0,0,0,0,NA,"NA",NA,NA,NA,5,5,NA,NA,NA,NA,"NS"
"P02763","HexNAc.5.Hex.3.Fuc.1....N...rare1","Healthy","MECFS",0,0,0,0,0,NA,"NA",NA,NA,NA,5,5,NA,NA,NA,NA,"NS"
"P02763","HexNAc.5.Hex.4....N...rare1","Healthy","MECFS",0,0,0,0,0,NA,"NA",NA,NA,NA,5,5,NA,NA,NA,NA,"NS"
"P02763","HexNAc.5.Hex.4.Fuc.1....N...rare1","Healthy","MECFS",0,0,0,0,0,NA,"NA",NA,NA,NA,5,5,NA,NA,NA,NA,"NS"
"P02763","HexNAc.5.Hex.4.NeuAc.1....N...rare1","Healthy","MECFS",0,0,0,0,0,NA,"NA",NA,NA,NA,5,5,NA,NA,NA,NA,"NS"
"P02763","HexNAc.5.Hex.4.NeuAc.1.Fuc.1....N...rare1","Healthy","MECFS",0,0,0,0,0,NA,"NA",NA,NA,NA,5,5,NA,NA,NA,NA,"NS"
"P02763","HexNAc.5.Hex.5....N...rare1","Healthy","MECFS",0,0,0,0,0,NA,"NA",NA,NA,NA,5,5,NA,NA,NA,NA,"NS"
"P02763","HexNAc.5.Hex.5.Fuc.1....N...rare1","Healthy","MECFS",0,0,0,0,0,NA,"NA",NA,NA,NA,5,5,NA,NA,NA,NA,"NS"
"P02763","HexNAc.5.Hex.5.NeuAc.1....N...rare1","Healthy","MECFS",0,0,0,0,0,NA,"NA",NA,NA,NA,5,5,NA,NA,NA,NA,"NS"
"P02763","HexNAc.5.Hex.5.NeuAc.1.Fuc.1....N...rare1","Healthy","MECFS",0,0,0,0,0,NA,"NA",NA,NA,NA,5,5,NA,NA,NA,NA,"NS"
"P02763","HexNAc.5.Hex.5.NeuAc.2.Fuc.1....N...rare1","Healthy","MECFS",0,0,0,0,0,NA,"NA",NA,NA,NA,5,5,NA,NA,NA,NA,"NS"
"P02763","HexNAc.5.Hex.6.NeuAc.1....N...rare1","Healthy","MECFS",0,0,0,0,0,NA,"NA",NA,NA,NA,5,5,NA,NA,NA,NA,"NS"
"P02765","HexNAc.2.Hex.10....N...rare1","Healthy","MECFS",0,0,0,0,0,NA,"NA",NA,NA,NA,5,5,NA,NA,NA,NA,"NS"
"P02765","HexNAc.2.Hex.5....N...rare1","Healthy","MECFS",0,0,0,0,0,NA,"NA",NA,NA,NA,5,5,NA,NA,NA,NA,"NS"
"P02765","HexNAc.2.Hex.6....N...rare1","Healthy","MECFS",0,0,0,0,0,NA,"NA",NA,NA,NA,5,5,NA,NA,NA,NA,"NS"
"P02765","HexNAc.2.Hex.7....N...rare1","Healthy","MECFS",0,0,0,0,0,NA,"NA",NA,NA,NA,5,5,NA,NA,NA,NA,"NS"
"P02765","HexNAc.2.Hex.8....N...rare1","Healthy","MECFS",0,0,0,0,0,NA,"NA",NA,NA,NA,5,5,NA,NA,NA,NA,"NS"
"P02765","HexNAc.2.Hex.9....N...rare1","Healthy","MECFS",0,0,0,0,0,NA,"NA",NA,NA,NA,5,5,NA,NA,NA,NA,"NS"
"P02765","HexNAc.3.Hex.4.NeuAc.1.Fuc.1....N...rare1","Healthy","MECFS",0,0,0,0,0,NA,"NA",NA,NA,NA,5,5,NA,NA,NA,NA,"NS"
"P02765","HexNAc.3.Hex.5....N...rare1","Healthy","MECFS",0,0,0,0,0,NA,"NA",NA,NA,NA,5,5,NA,NA,NA,NA,"NS"
"P02765","HexNAc.3.Hex.5.NeuAc.1....N...rare1","Healthy","MECFS",0,0,0,0,0,NA,"NA",NA,NA,NA,5,5,NA,NA,NA,NA,"NS"
"P02765","HexNAc.3.Hex.6....N...rare1","Healthy","MECFS",0,0,0,0,0,NA,"NA",NA,NA,NA,5,5,NA,NA,NA,NA,"NS"
"P02765","HexNAc.3.Hex.6.NeuAc.1....N...rare1","Healthy","MECFS",0,0,0,0,0,NA,"NA",NA,NA,NA,5,5,NA,NA,NA,NA,"NS"
"P02765","HexNAc.4.Hex.3....N...rare1","Healthy","MECFS",0,0,0,0,0,NA,"NA",NA,NA,NA,5,5,NA,NA,NA,NA,"NS"
"P02765","HexNAc.4.Hex.3.Fuc.1....N...rare1","Healthy","MECFS",0,0,0,0,0,NA,"NA",NA,NA,NA,5,5,NA,NA,NA,NA,"NS"
"P02765","HexNAc.4.Hex.4....N...rare1","Healthy","MECFS",0,0,0,0,0,NA,"NA",NA,NA,NA,5,5,NA,NA,NA,NA,"NS"
"P02765","HexNAc.4.Hex.4.Fuc.1....N...rare1","Healthy","MECFS",0,0,0,0,0,NA,"NA",NA,NA,NA,5,5,NA,NA,NA,NA,"NS"
"P02765","HexNAc.4.Hex.4.NeuAc.1....N...rare1","Healthy","MECFS",0,0,0,0,0,NA,"NA",NA,NA,NA,5,5,NA,NA,NA,NA,"NS"
"P02765","HexNAc.4.Hex.5....N...rare1","Healthy","MECFS",0,0,0,0,0,NA,"NA",NA,NA,NA,5,5,NA,NA,NA,NA,"NS"
"P02765","HexNAc.4.Hex.5.Fuc.1....N...rare1","Healthy","MECFS",0,0,0,0,0,NA,"NA",NA,NA,NA,5,5,NA,NA,NA,NA,"NS"
"P02765","HexNAc.5.Hex.3....N...rare1","Healthy","MECFS",0,0,0,0,0,NA,"NA",NA,NA,NA,5,5,NA,NA,NA,NA,"NS"
"P02765","HexNAc.5.Hex.3.Fuc.1....N...rare1","Healthy","MECFS",0,0,0,0,0,NA,"NA",NA,NA,NA,5,5,NA,NA,NA,NA,"NS"
"P02765","HexNAc.5.Hex.4....N...rare1","Healthy","MECFS",0,0,0,0,0,NA,"NA",NA,NA,NA,5,5,NA,NA,NA,NA,"NS"
"P02765","HexNAc.5.Hex.4.Fuc.1....N...rare1","Healthy","MECFS",0,0,0,0,0,NA,"NA",NA,NA,NA,5,5,NA,NA,NA,NA,"NS"
"P02765","HexNAc.5.Hex.4.NeuAc.1....N...rare1","Healthy","MECFS",0,0,0,0,0,NA,"NA",NA,NA,NA,5,5,NA,NA,NA,NA,"NS"
"P02765","HexNAc.5.Hex.4.NeuAc.1.Fuc.1....N...rare1","Healthy","MECFS",0,0,0,0,0,NA,"NA",NA,NA,NA,5,5,NA,NA,NA,NA,"NS"
"P02765","HexNAc.5.Hex.5....N...rare1","Healthy","MECFS",0,0,0,0,0,NA,"NA",NA,NA,NA,5,5,NA,NA,NA,NA,"NS"
"P02765","HexNAc.5.Hex.5.Fuc.1....N...rare1","Healthy","MECFS",0,0,0,0,0,NA,"NA",NA,NA,NA,5,5,NA,NA,NA,NA,"NS"
"P02765","HexNAc.5.Hex.5.NeuAc.1....N...rare1","Healthy","MECFS",0,0,0,0,0,NA,"NA",NA,NA,NA,5,5,NA,NA,NA,NA,"NS"
"P02765","HexNAc.5.Hex.5.NeuAc.1.Fuc.1....N...rare1","Healthy","MECFS",0,0,0,0,0,NA,"NA",NA,NA,NA,5,5,NA,NA,NA,NA,"NS"
"P02765","HexNAc.5.Hex.5.NeuAc.2.Fuc.1....N...rare1","Healthy","MECFS",0,0,0,0,0,NA,"NA",NA,NA,NA,5,5,NA,NA,NA,NA,"NS"
"P02765","HexNAc.5.Hex.6.NeuAc.1....N...rare1","Healthy","MECFS",0,0,0,0,0,NA,"NA",NA,NA,NA,5,5,NA,NA,NA,NA,"NS"
"P02765","HexNAc.6.Hex.7.NeuAc.1....N...rare1","Healthy","MECFS",0,0,0,0,0,NA,"NA",NA,NA,NA,5,5,NA,NA,NA,NA,"NS"
"P02765","HexNAc.6.Hex.7.NeuAc.2.Fuc.1....N...rare1","Healthy","MECFS",0,0,0,0,0,NA,"NA",NA,NA,NA,5,5,NA,NA,NA,NA,"NS"
"P02774","HexNAc.2.Hex.10....N...rare1","Healthy","MECFS",0,0,0,0,0,NA,"NA",NA,NA,NA,4,4,NA,NA,NA,NA,"NS"
"P02774","HexNAc.2.Hex.5....N...rare1","Healthy","MECFS",0,0,0,0,0,NA,"NA",NA,NA,NA,4,4,NA,NA,NA,NA,"NS"
"P02774","HexNAc.2.Hex.6....N...rare1","Healthy","MECFS",0,0,0,0,0,NA,"NA",NA,NA,NA,4,4,NA,NA,NA,NA,"NS"
"P02774","HexNAc.2.Hex.7....N...rare1","Healthy","MECFS",0,0,0,0,0,NA,"NA",NA,NA,NA,4,4,NA,NA,NA,NA,"NS"
"P02774","HexNAc.2.Hex.8....N...rare1","Healthy","MECFS",0,0,0,0,0,NA,"NA",NA,NA,NA,4,4,NA,NA,NA,NA,"NS"
"P02774","HexNAc.2.Hex.9....N...rare1","Healthy","MECFS",0,0,0,0,0,NA,"NA",NA,NA,NA,4,4,NA,NA,NA,NA,"NS"
"P02774","HexNAc.3.Hex.4.NeuAc.1....N...rare1","Healthy","MECFS",0,0,0,0,0,NA,"NA",NA,NA,NA,4,4,NA,NA,NA,NA,"NS"
"P02774","HexNAc.3.Hex.4.NeuAc.1.Fuc.1....N...rare1","Healthy","MECFS",0,0,0,0,0,NA,"NA",NA,NA,NA,4,4,NA,NA,NA,NA,"NS"
"P02774","HexNAc.3.Hex.5....N...rare1","Healthy","MECFS",0,0,0,0,0,NA,"NA",NA,NA,NA,4,4,NA,NA,NA,NA,"NS"
"P02774","HexNAc.3.Hex.5.NeuAc.1....N...rare1","Healthy","MECFS",0,0,0,0,0,NA,"NA",NA,NA,NA,4,4,NA,NA,NA,NA,"NS"
"P02774","HexNAc.3.Hex.6....N...rare1","Healthy","MECFS",0,0,0,0,0,NA,"NA",NA,NA,NA,4,4,NA,NA,NA,NA,"NS"
"P02774","HexNAc.3.Hex.6.NeuAc.1....N...rare1","Healthy","MECFS",0,0,0,0,0,NA,"NA",NA,NA,NA,4,4,NA,NA,NA,NA,"NS"
"P02774","HexNAc.4.Hex.3....N...rare1","Healthy","MECFS",0,0,0,0,0,NA,"NA",NA,NA,NA,4,4,NA,NA,NA,NA,"NS"
"P02774","HexNAc.4.Hex.3.Fuc.1....N...rare1","Healthy","MECFS",0,0,0,0,0,NA,"NA",NA,NA,NA,4,4,NA,NA,NA,NA,"NS"
"P02774","HexNAc.4.Hex.4....N...rare1","Healthy","MECFS",0,0,0,0,0,NA,"NA",NA,NA,NA,4,4,NA,NA,NA,NA,"NS"
"P02774","HexNAc.4.Hex.4.Fuc.1....N...rare1","Healthy","MECFS",0,0,0,0,0,NA,"NA",NA,NA,NA,4,4,NA,NA,NA,NA,"NS"
"P02774","HexNAc.4.Hex.4.NeuAc.1....N...rare1","Healthy","MECFS",0,0,0,0,0,NA,"NA",NA,NA,NA,4,4,NA,NA,NA,NA,"NS"
"P02774","HexNAc.4.Hex.5....N...rare1","Healthy","MECFS",0,0,0,0,0,NA,"NA",NA,NA,NA,4,4,NA,NA,NA,NA,"NS"
"P02774","HexNAc.4.Hex.5.Fuc.1....N...rare1","Healthy","MECFS",0,0,0,0,0,NA,"NA",NA,NA,NA,4,4,NA,NA,NA,NA,"NS"
"P02774","HexNAc.4.Hex.5.NeuAc.1....N...rare1","Healthy","MECFS",0,0,0,0,0,NA,"NA",NA,NA,NA,4,4,NA,NA,NA,NA,"NS"
"P02774","HexNAc.4.Hex.5.NeuAc.1.Fuc.1....N...rare1","Healthy","MECFS",0,0,0,0,0,NA,"NA",NA,NA,NA,4,4,NA,NA,NA,NA,"NS"
"P02774","HexNAc.4.Hex.5.NeuAc.2....N...rare1","Healthy","MECFS",0,0,0,0,0,NA,"NA",NA,NA,NA,4,4,NA,NA,NA,NA,"NS"
"P02774","HexNAc.4.Hex.5.NeuAc.2.Fuc.1....N...rare1","Healthy","MECFS",0,0,0,0,0,NA,"NA",NA,NA,NA,4,4,NA,NA,NA,NA,"NS"
"P02774","HexNAc.4.Hex.6.NeuAc.1....N...rare1","Healthy","MECFS",0,0,0,0,0,NA,"NA",NA,NA,NA,4,4,NA,NA,NA,NA,"NS"
"P02774","HexNAc.5.Hex.3....N...rare1","Healthy","MECFS",0,0,0,0,0,NA,"NA",NA,NA,NA,4,4,NA,NA,NA,NA,"NS"
"P02774","HexNAc.5.Hex.3.Fuc.1....N...rare1","Healthy","MECFS",0,0,0,0,0,NA,"NA",NA,NA,NA,4,4,NA,NA,NA,NA,"NS"
"P02774","HexNAc.5.Hex.4....N...rare1","Healthy","MECFS",0,0,0,0,0,NA,"NA",NA,NA,NA,4,4,NA,NA,NA,NA,"NS"
"P02774","HexNAc.5.Hex.4.Fuc.1....N...rare1","Healthy","MECFS",0,0,0,0,0,NA,"NA",NA,NA,NA,4,4,NA,NA,NA,NA,"NS"
"P02774","HexNAc.5.Hex.4.NeuAc.1....N...rare1","Healthy","MECFS",0,0,0,0,0,NA,"NA",NA,NA,NA,4,4,NA,NA,NA,NA,"NS"
"P02774","HexNAc.5.Hex.4.NeuAc.1.Fuc.1....N...rare1","Healthy","MECFS",0,0,0,0,0,NA,"NA",NA,NA,NA,4,4,NA,NA,NA,NA,"NS"
"P02774","HexNAc.5.Hex.5....N...rare1","Healthy","MECFS",0,0,0,0,0,NA,"NA",NA,NA,NA,4,4,NA,NA,NA,NA,"NS"
"P02774","HexNAc.5.Hex.5.Fuc.1....N...rare1","Healthy","MECFS",0,0,0,0,0,NA,"NA",NA,NA,NA,4,4,NA,NA,NA,NA,"NS"
"P02774","HexNAc.5.Hex.5.NeuAc.1....N...rare1","Healthy","MECFS",0,0,0,0,0,NA,"NA",NA,NA,NA,4,4,NA,NA,NA,NA,"NS"
"P02774","HexNAc.5.Hex.5.NeuAc.1.Fuc.1....N...rare1","Healthy","MECFS",0,0,0,0,0,NA,"NA",NA,NA,NA,4,4,NA,NA,NA,NA,"NS"
"P02774","HexNAc.5.Hex.5.NeuAc.2.Fuc.1....N...rare1","Healthy","MECFS",0,0,0,0,0,NA,"NA",NA,NA,NA,4,4,NA,NA,NA,NA,"NS"
"P02774","HexNAc.5.Hex.6.NeuAc.1....N...rare1","Healthy","MECFS",0,0,0,0,0,NA,"NA",NA,NA,NA,4,4,NA,NA,NA,NA,"NS"
"P02774","HexNAc.5.Hex.6.NeuAc.2....N...rare1","Healthy","MECFS",0,0,0,0,0,NA,"NA",NA,NA,NA,4,4,NA,NA,NA,NA,"NS"
"P02774","HexNAc.5.Hex.6.NeuAc.2.Fuc.1....N...rare1","Healthy","MECFS",0,0,0,0,0,NA,"NA",NA,NA,NA,4,4,NA,NA,NA,NA,"NS"
"P02774","HexNAc.5.Hex.6.NeuAc.3....N...rare1","Healthy","MECFS",0,0,0,0,0,NA,"NA",NA,NA,NA,4,4,NA,NA,NA,NA,"NS"
"P02774","HexNAc.6.Hex.7.NeuAc.1....N...rare1","Healthy","MECFS",0,0,0,0,0,NA,"NA",NA,NA,NA,4,4,NA,NA,NA,NA,"NS"
"P02774","HexNAc.6.Hex.7.NeuAc.2.Fuc.1....N...rare1","Healthy","MECFS",0,0,0,0,0,NA,"NA",NA,NA,NA,4,4,NA,NA,NA,NA,"NS"
"P02787","HexNAc.2.Hex.10....N...rare1","Healthy","MECFS",0,0,0,0,0,NA,"NA",NA,NA,NA,5,5,NA,NA,NA,NA,"NS"
"P02787","HexNAc.2.Hex.5....N...rare1","Healthy","MECFS",0,0,0,0,0,NA,"NA",NA,NA,NA,5,5,NA,NA,NA,NA,"NS"
"P02787","HexNAc.2.Hex.6....N...rare1","Healthy","MECFS",0,0,0,0,0,NA,"NA",NA,NA,NA,5,5,NA,NA,NA,NA,"NS"
"P02787","HexNAc.2.Hex.7....N...rare1","Healthy","MECFS",0,0,0,0,0,NA,"NA",NA,NA,NA,5,5,NA,NA,NA,NA,"NS"
"P02787","HexNAc.2.Hex.8....N...rare1","Healthy","MECFS",0,0,0,0,0,NA,"NA",NA,NA,NA,5,5,NA,NA,NA,NA,"NS"
"P02787","HexNAc.2.Hex.9....N...rare1","Healthy","MECFS",0,0,0,0,0,NA,"NA",NA,NA,NA,5,5,NA,NA,NA,NA,"NS"
"P02787","HexNAc.3.Hex.4.NeuAc.1.Fuc.1....N...rare1","Healthy","MECFS",0,0,0,0,0,NA,"NA",NA,NA,NA,5,5,NA,NA,NA,NA,"NS"
"P02787","HexNAc.3.Hex.5....N...rare1","Healthy","MECFS",0,0,0,0,0,NA,"NA",NA,NA,NA,5,5,NA,NA,NA,NA,"NS"
"P02787","HexNAc.3.Hex.5.NeuAc.1....N...rare1","Healthy","MECFS",0,0,0,0,0,NA,"NA",NA,NA,NA,5,5,NA,NA,NA,NA,"NS"
"P02787","HexNAc.3.Hex.6....N...rare1","Healthy","MECFS",0,0,0,0,0,NA,"NA",NA,NA,NA,5,5,NA,NA,NA,NA,"NS"
"P02787","HexNAc.3.Hex.6.NeuAc.1....N...rare1","Healthy","MECFS",0,0,0,0,0,NA,"NA",NA,NA,NA,5,5,NA,NA,NA,NA,"NS"
"P02787","HexNAc.4.Hex.3....N...rare1","Healthy","MECFS",0,0,0,0,0,NA,"NA",NA,NA,NA,5,5,NA,NA,NA,NA,"NS"
"P02787","HexNAc.4.Hex.3.Fuc.1....N...rare1","Healthy","MECFS",0,0,0,0,0,NA,"NA",NA,NA,NA,5,5,NA,NA,NA,NA,"NS"
"P02787","HexNAc.4.Hex.4....N...rare1","Healthy","MECFS",0,0,0,0,0,NA,"NA",NA,NA,NA,5,5,NA,NA,NA,NA,"NS"
"P02787","HexNAc.4.Hex.4.Fuc.1....N...rare1","Healthy","MECFS",0,0,0,0,0,NA,"NA",NA,NA,NA,5,5,NA,NA,NA,NA,"NS"
"P02787","HexNAc.4.Hex.4.NeuAc.1....N...rare1","Healthy","MECFS",0,0,0,0,0,NA,"NA",NA,NA,NA,5,5,NA,NA,NA,NA,"NS"
"P02787","HexNAc.4.Hex.5....N...rare1","Healthy","MECFS",0,0,0,0,0,NA,"NA",NA,NA,NA,5,5,NA,NA,NA,NA,"NS"
"P02787","HexNAc.4.Hex.5.Fuc.1....N...rare1","Healthy","MECFS",0,0,0,0,0,NA,"NA",NA,NA,NA,5,5,NA,NA,NA,NA,"NS"
"P02787","HexNAc.5.Hex.3....N...rare1","Healthy","MECFS",0,0,0,0,0,NA,"NA",NA,NA,NA,5,5,NA,NA,NA,NA,"NS"
"P02787","HexNAc.5.Hex.3.Fuc.1....N...rare1","Healthy","MECFS",0,0,0,0,0,NA,"NA",NA,NA,NA,5,5,NA,NA,NA,NA,"NS"
"P02787","HexNAc.5.Hex.4....N...rare1","Healthy","MECFS",0,0,0,0,0,NA,"NA",NA,NA,NA,5,5,NA,NA,NA,NA,"NS"
"P02787","HexNAc.5.Hex.4.Fuc.1....N...rare1","Healthy","MECFS",0,0,0,0,0,NA,"NA",NA,NA,NA,5,5,NA,NA,NA,NA,"NS"
"P02787","HexNAc.5.Hex.4.NeuAc.1....N...rare1","Healthy","MECFS",0,0,0,0,0,NA,"NA",NA,NA,NA,5,5,NA,NA,NA,NA,"NS"
"P02787","HexNAc.5.Hex.4.NeuAc.1.Fuc.1....N...rare1","Healthy","MECFS",0,0,0,0,0,NA,"NA",NA,NA,NA,5,5,NA,NA,NA,NA,"NS"
"P02787","HexNAc.5.Hex.5....N...rare1","Healthy","MECFS",0,0,0,0,0,NA,"NA",NA,NA,NA,5,5,NA,NA,NA,NA,"NS"
"P02787","HexNAc.5.Hex.5.NeuAc.1....N...rare1","Healthy","MECFS",0,0,0,0,0,NA,"NA",NA,NA,NA,5,5,NA,NA,NA,NA,"NS"
"P02787","HexNAc.5.Hex.5.NeuAc.2.Fuc.1....N...rare1","Healthy","MECFS",0,0,0,0,0,NA,"NA",NA,NA,NA,5,5,NA,NA,NA,NA,"NS"
"P02787","HexNAc.6.Hex.7.NeuAc.1....N...rare1","Healthy","MECFS",0,0,0,0,0,NA,"NA",NA,NA,NA,5,5,NA,NA,NA,NA,"NS"
"P02787","HexNAc.6.Hex.7.NeuAc.2.Fuc.1....N...rare1","Healthy","MECFS",0,0,0,0,0,NA,"NA",NA,NA,NA,5,5,NA,NA,NA,NA,"NS"
"P02790","HexNAc.2.Hex.10....N...rare1","Healthy","MECFS",0,0,0,0,0,NA,"NA",NA,NA,NA,5,5,NA,NA,NA,NA,"NS"
"P02790","HexNAc.2.Hex.5....N...rare1","Healthy","MECFS",0,0,0,0,0,NA,"NA",NA,NA,NA,5,5,NA,NA,NA,NA,"NS"
"P02790","HexNAc.2.Hex.6....N...rare1","Healthy","MECFS",0,0,0,0,0,NA,"NA",NA,NA,NA,5,5,NA,NA,NA,NA,"NS"
"P02790","HexNAc.2.Hex.7....N...rare1","Healthy","MECFS",0,0,0,0,0,NA,"NA",NA,NA,NA,5,5,NA,NA,NA,NA,"NS"
"P02790","HexNAc.2.Hex.8....N...rare1","Healthy","MECFS",0,0,0,0,0,NA,"NA",NA,NA,NA,5,5,NA,NA,NA,NA,"NS"
"P02790","HexNAc.2.Hex.9....N...rare1","Healthy","MECFS",0,0,0,0,0,NA,"NA",NA,NA,NA,5,5,NA,NA,NA,NA,"NS"
"P02790","HexNAc.3.Hex.4.NeuAc.1.Fuc.1....N...rare1","Healthy","MECFS",0,0,0,0,0,NA,"NA",NA,NA,NA,5,5,NA,NA,NA,NA,"NS"
"P02790","HexNAc.3.Hex.5....N...rare1","Healthy","MECFS",0,0,0,0,0,NA,"NA",NA,NA,NA,5,5,NA,NA,NA,NA,"NS"
"P02790","HexNAc.3.Hex.5.NeuAc.1....N...rare1","Healthy","MECFS",0,0,0,0,0,NA,"NA",NA,NA,NA,5,5,NA,NA,NA,NA,"NS"
"P02790","HexNAc.3.Hex.6....N...rare1","Healthy","MECFS",0,0,0,0,0,NA,"NA",NA,NA,NA,5,5,NA,NA,NA,NA,"NS"
"P02790","HexNAc.4.Hex.3....N...rare1","Healthy","MECFS",0,0,0,0,0,NA,"NA",NA,NA,NA,5,5,NA,NA,NA,NA,"NS"
"P02790","HexNAc.4.Hex.3.Fuc.1....N...rare1","Healthy","MECFS",0,0,0,0,0,NA,"NA",NA,NA,NA,5,5,NA,NA,NA,NA,"NS"
"P02790","HexNAc.4.Hex.4....N...rare1","Healthy","MECFS",0,0,0,0,0,NA,"NA",NA,NA,NA,5,5,NA,NA,NA,NA,"NS"
"P02790","HexNAc.4.Hex.4.Fuc.1....N...rare1","Healthy","MECFS",0,0,0,0,0,NA,"NA",NA,NA,NA,5,5,NA,NA,NA,NA,"NS"
"P02790","HexNAc.4.Hex.4.NeuAc.1....N...rare1","Healthy","MECFS",0,0,0,0,0,NA,"NA",NA,NA,NA,5,5,NA,NA,NA,NA,"NS"
"P02790","HexNAc.4.Hex.5.Fuc.1....N...rare1","Healthy","MECFS",0,0,0,0,0,NA,"NA",NA,NA,NA,5,5,NA,NA,NA,NA,"NS"
"P02790","HexNAc.5.Hex.3....N...rare1","Healthy","MECFS",0,0,0,0,0,NA,"NA",NA,NA,NA,5,5,NA,NA,NA,NA,"NS"
"P02790","HexNAc.5.Hex.3.Fuc.1....N...rare1","Healthy","MECFS",0,0,0,0,0,NA,"NA",NA,NA,NA,5,5,NA,NA,NA,NA,"NS"
"P02790","HexNAc.5.Hex.4....N...rare1","Healthy","MECFS",0,0,0,0,0,NA,"NA",NA,NA,NA,5,5,NA,NA,NA,NA,"NS"
"P02790","HexNAc.5.Hex.4.Fuc.1....N...rare1","Healthy","MECFS",0,0,0,0,0,NA,"NA",NA,NA,NA,5,5,NA,NA,NA,NA,"NS"
"P02790","HexNAc.5.Hex.4.NeuAc.1....N...rare1","Healthy","MECFS",0,0,0,0,0,NA,"NA",NA,NA,NA,5,5,NA,NA,NA,NA,"NS"
"P02790","HexNAc.5.Hex.4.NeuAc.1.Fuc.1....N...rare1","Healthy","MECFS",0,0,0,0,0,NA,"NA",NA,NA,NA,5,5,NA,NA,NA,NA,"NS"
"P02790","HexNAc.5.Hex.5....N...rare1","Healthy","MECFS",0,0,0,0,0,NA,"NA",NA,NA,NA,5,5,NA,NA,NA,NA,"NS"
"P02790","HexNAc.5.Hex.5.Fuc.1....N...rare1","Healthy","MECFS",0,0,0,0,0,NA,"NA",NA,NA,NA,5,5,NA,NA,NA,NA,"NS"
"P02790","HexNAc.5.Hex.5.NeuAc.1....N...rare1","Healthy","MECFS",0,0,0,0,0,NA,"NA",NA,NA,NA,5,5,NA,NA,NA,NA,"NS"
"P02790","HexNAc.5.Hex.5.NeuAc.1.Fuc.1....N...rare1","Healthy","MECFS",0,0,0,0,0,NA,"NA",NA,NA,NA,5,5,NA,NA,NA,NA,"NS"
"P02790","HexNAc.5.Hex.5.NeuAc.2.Fuc.1....N...rare1","Healthy","MECFS",0,0,0,0,0,NA,"NA",NA,NA,NA,5,5,NA,NA,NA,NA,"NS"
"P02790","HexNAc.5.Hex.6.NeuAc.2.Fuc.1....N...rare1","Healthy","MECFS",0,0,0,0,0,NA,"NA",NA,NA,NA,5,5,NA,NA,NA,NA,"NS"
"P02790","HexNAc.6.Hex.7.NeuAc.1....N...rare1","Healthy","MECFS",0,0,0,0,0,NA,"NA",NA,NA,NA,5,5,NA,NA,NA,NA,"NS"
"P02790","HexNAc.6.Hex.7.NeuAc.2.Fuc.1....N...rare1","Healthy","MECFS",0,0,0,0,0,NA,"NA",NA,NA,NA,5,5,NA,NA,NA,NA,"NS"
"P03951","HexNAc.2.Hex.10....N...rare1","Healthy","MECFS",0,0,0,0,0,NA,"NA",NA,NA,NA,5,5,NA,NA,NA,NA,"NS"
"P03951","HexNAc.2.Hex.5....N...rare1","Healthy","MECFS",0,0,0,0,0,NA,"NA",NA,NA,NA,5,5,NA,NA,NA,NA,"NS"
"P03951","HexNAc.2.Hex.6....N...rare1","Healthy","MECFS",0,0,0,0,0,NA,"NA",NA,NA,NA,5,5,NA,NA,NA,NA,"NS"
"P03951","HexNAc.2.Hex.7....N...rare1","Healthy","MECFS",0,0,0,0,0,NA,"NA",NA,NA,NA,5,5,NA,NA,NA,NA,"NS"
"P03951","HexNAc.2.Hex.8....N...rare1","Healthy","MECFS",0,0,0,0,0,NA,"NA",NA,NA,NA,5,5,NA,NA,NA,NA,"NS"
"P03951","HexNAc.2.Hex.9....N...rare1","Healthy","MECFS",0,0,0,0,0,NA,"NA",NA,NA,NA,5,5,NA,NA,NA,NA,"NS"
"P03951","HexNAc.3.Hex.4.NeuAc.1....N...rare1","Healthy","MECFS",0,0,0,0,0,NA,"NA",NA,NA,NA,5,5,NA,NA,NA,NA,"NS"
"P03951","HexNAc.3.Hex.4.NeuAc.1.Fuc.1....N...rare1","Healthy","MECFS",0,0,0,0,0,NA,"NA",NA,NA,NA,5,5,NA,NA,NA,NA,"NS"
"P03951","HexNAc.3.Hex.5....N...rare1","Healthy","MECFS",0,0,0,0,0,NA,"NA",NA,NA,NA,5,5,NA,NA,NA,NA,"NS"
"P03951","HexNAc.3.Hex.5.NeuAc.1....N...rare1","Healthy","MECFS",0,0,0,0,0,NA,"NA",NA,NA,NA,5,5,NA,NA,NA,NA,"NS"
"P03951","HexNAc.3.Hex.6....N...rare1","Healthy","MECFS",0,0,0,0,0,NA,"NA",NA,NA,NA,5,5,NA,NA,NA,NA,"NS"
"P03951","HexNAc.3.Hex.6.NeuAc.1....N...rare1","Healthy","MECFS",0,0,0,0,0,NA,"NA",NA,NA,NA,5,5,NA,NA,NA,NA,"NS"
"P03951","HexNAc.4.Hex.3....N...rare1","Healthy","MECFS",0,0,0,0,0,NA,"NA",NA,NA,NA,5,5,NA,NA,NA,NA,"NS"
"P03951","HexNAc.4.Hex.3.Fuc.1....N...rare1","Healthy","MECFS",0,0,0,0,0,NA,"NA",NA,NA,NA,5,5,NA,NA,NA,NA,"NS"
"P03951","HexNAc.4.Hex.4....N...rare1","Healthy","MECFS",0,0,0,0,0,NA,"NA",NA,NA,NA,5,5,NA,NA,NA,NA,"NS"
"P03951","HexNAc.4.Hex.4.Fuc.1....N...rare1","Healthy","MECFS",0,0,0,0,0,NA,"NA",NA,NA,NA,5,5,NA,NA,NA,NA,"NS"
"P03951","HexNAc.4.Hex.4.NeuAc.1....N...rare1","Healthy","MECFS",0,0,0,0,0,NA,"NA",NA,NA,NA,5,5,NA,NA,NA,NA,"NS"
"P03951","HexNAc.4.Hex.5....N...rare1","Healthy","MECFS",0,0,0,0,0,NA,"NA",NA,NA,NA,5,5,NA,NA,NA,NA,"NS"
"P03951","HexNAc.4.Hex.5.Fuc.1....N...rare1","Healthy","MECFS",0,0,0,0,0,NA,"NA",NA,NA,NA,5,5,NA,NA,NA,NA,"NS"
"P03951","HexNAc.4.Hex.5.NeuAc.1....N...rare1","Healthy","MECFS",0,0,0,0,0,NA,"NA",NA,NA,NA,5,5,NA,NA,NA,NA,"NS"
"P03951","HexNAc.4.Hex.5.NeuAc.1.Fuc.1....N...rare1","Healthy","MECFS",0,0,0,0,0,NA,"NA",NA,NA,NA,5,5,NA,NA,NA,NA,"NS"
"P03951","HexNAc.4.Hex.5.NeuAc.2....N...rare1","Healthy","MECFS",0,0,0,0,0,NA,"NA",NA,NA,NA,5,5,NA,NA,NA,NA,"NS"
"P03951","HexNAc.4.Hex.5.NeuAc.2.Fuc.1....N...rare1","Healthy","MECFS",0,0,0,0,0,NA,"NA",NA,NA,NA,5,5,NA,NA,NA,NA,"NS"
"P03951","HexNAc.4.Hex.6.NeuAc.1....N...rare1","Healthy","MECFS",0,0,0,0,0,NA,"NA",NA,NA,NA,5,5,NA,NA,NA,NA,"NS"
"P03951","HexNAc.5.Hex.3....N...rare1","Healthy","MECFS",0,0,0,0,0,NA,"NA",NA,NA,NA,5,5,NA,NA,NA,NA,"NS"
"P03951","HexNAc.5.Hex.3.Fuc.1....N...rare1","Healthy","MECFS",0,0,0,0,0,NA,"NA",NA,NA,NA,5,5,NA,NA,NA,NA,"NS"
"P03951","HexNAc.5.Hex.4....N...rare1","Healthy","MECFS",0,0,0,0,0,NA,"NA",NA,NA,NA,5,5,NA,NA,NA,NA,"NS"
"P03951","HexNAc.5.Hex.4.Fuc.1....N...rare1","Healthy","MECFS",0,0,0,0,0,NA,"NA",NA,NA,NA,5,5,NA,NA,NA,NA,"NS"
"P03951","HexNAc.5.Hex.4.NeuAc.1....N...rare1","Healthy","MECFS",0,0,0,0,0,NA,"NA",NA,NA,NA,5,5,NA,NA,NA,NA,"NS"
"P03951","HexNAc.5.Hex.4.NeuAc.1.Fuc.1....N...rare1","Healthy","MECFS",0,0,0,0,0,NA,"NA",NA,NA,NA,5,5,NA,NA,NA,NA,"NS"
"P03951","HexNAc.5.Hex.5....N...rare1","Healthy","MECFS",0,0,0,0,0,NA,"NA",NA,NA,NA,5,5,NA,NA,NA,NA,"NS"
"P03951","HexNAc.5.Hex.5.Fuc.1....N...rare1","Healthy","MECFS",0,0,0,0,0,NA,"NA",NA,NA,NA,5,5,NA,NA,NA,NA,"NS"
"P03951","HexNAc.5.Hex.5.NeuAc.1....N...rare1","Healthy","MECFS",0,0,0,0,0,NA,"NA",NA,NA,NA,5,5,NA,NA,NA,NA,"NS"
"P03951","HexNAc.5.Hex.5.NeuAc.1.Fuc.1....N...rare1","Healthy","MECFS",0,0,0,0,0,NA,"NA",NA,NA,NA,5,5,NA,NA,NA,NA,"NS"
"P03951","HexNAc.5.Hex.5.NeuAc.2.Fuc.1....N...rare1","Healthy","MECFS",0,0,0,0,0,NA,"NA",NA,NA,NA,5,5,NA,NA,NA,NA,"NS"
"P03951","HexNAc.5.Hex.6.NeuAc.1....N...rare1","Healthy","MECFS",0,0,0,0,0,NA,"NA",NA,NA,NA,5,5,NA,NA,NA,NA,"NS"
"P03951","HexNAc.5.Hex.6.NeuAc.2....N...rare1","Healthy","MECFS",0,0,0,0,0,NA,"NA",NA,NA,NA,5,5,NA,NA,NA,NA,"NS"
"P03951","HexNAc.5.Hex.6.NeuAc.2.Fuc.1....N...rare1","Healthy","MECFS",0,0,0,0,0,NA,"NA",NA,NA,NA,5,5,NA,NA,NA,NA,"NS"
"P03951","HexNAc.5.Hex.6.NeuAc.3....N...rare1","Healthy","MECFS",0,0,0,0,0,NA,"NA",NA,NA,NA,5,5,NA,NA,NA,NA,"NS"
"P03951","HexNAc.6.Hex.7.NeuAc.1....N...rare1","Healthy","MECFS",0,0,0,0,0,NA,"NA",NA,NA,NA,5,5,NA,NA,NA,NA,"NS"
"P03951","HexNAc.6.Hex.7.NeuAc.2.Fuc.1....N...rare1","Healthy","MECFS",0,0,0,0,0,NA,"NA",NA,NA,NA,5,5,NA,NA,NA,NA,"NS"
"P03952","HexNAc.2.Hex.10....N...rare1","Healthy","MECFS",0,0,0,0,0,NA,"NA",NA,NA,NA,5,5,NA,NA,NA,NA,"NS"
"P03952","HexNAc.2.Hex.5....N...rare1","Healthy","MECFS",0,0,0,0,0,NA,"NA",NA,NA,NA,5,5,NA,NA,NA,NA,"NS"
"P03952","HexNAc.2.Hex.6....N...rare1","Healthy","MECFS",0,0,0,0,0,NA,"NA",NA,NA,NA,5,5,NA,NA,NA,NA,"NS"
"P03952","HexNAc.2.Hex.7....N...rare1","Healthy","MECFS",0,0,0,0,0,NA,"NA",NA,NA,NA,5,5,NA,NA,NA,NA,"NS"
"P03952","HexNAc.2.Hex.8....N...rare1","Healthy","MECFS",0,0,0,0,0,NA,"NA",NA,NA,NA,5,5,NA,NA,NA,NA,"NS"
"P03952","HexNAc.2.Hex.9....N...rare1","Healthy","MECFS",0,0,0,0,0,NA,"NA",NA,NA,NA,5,5,NA,NA,NA,NA,"NS"
"P03952","HexNAc.3.Hex.4.NeuAc.1....N...rare1","Healthy","MECFS",0,0,0,0,0,NA,"NA",NA,NA,NA,5,5,NA,NA,NA,NA,"NS"
"P03952","HexNAc.3.Hex.4.NeuAc.1.Fuc.1....N...rare1","Healthy","MECFS",0,0,0,0,0,NA,"NA",NA,NA,NA,5,5,NA,NA,NA,NA,"NS"
"P03952","HexNAc.3.Hex.5....N...rare1","Healthy","MECFS",0,0,0,0,0,NA,"NA",NA,NA,NA,5,5,NA,NA,NA,NA,"NS"
"P03952","HexNAc.3.Hex.5.NeuAc.1....N...rare1","Healthy","MECFS",0,0,0,0,0,NA,"NA",NA,NA,NA,5,5,NA,NA,NA,NA,"NS"
"P03952","HexNAc.3.Hex.6....N...rare1","Healthy","MECFS",0,0,0,0,0,NA,"NA",NA,NA,NA,5,5,NA,NA,NA,NA,"NS"
"P03952","HexNAc.3.Hex.6.NeuAc.1....N...rare1","Healthy","MECFS",0,0,0,0,0,NA,"NA",NA,NA,NA,5,5,NA,NA,NA,NA,"NS"
"P03952","HexNAc.4.Hex.3....N...rare1","Healthy","MECFS",0,0,0,0,0,NA,"NA",NA,NA,NA,5,5,NA,NA,NA,NA,"NS"
"P03952","HexNAc.4.Hex.3.Fuc.1....N...rare1","Healthy","MECFS",0,0,0,0,0,NA,"NA",NA,NA,NA,5,5,NA,NA,NA,NA,"NS"
"P03952","HexNAc.4.Hex.4....N...rare1","Healthy","MECFS",0,0,0,0,0,NA,"NA",NA,NA,NA,5,5,NA,NA,NA,NA,"NS"
"P03952","HexNAc.4.Hex.4.Fuc.1....N...rare1","Healthy","MECFS",0,0,0,0,0,NA,"NA",NA,NA,NA,5,5,NA,NA,NA,NA,"NS"
"P03952","HexNAc.4.Hex.4.NeuAc.1....N...rare1","Healthy","MECFS",0,0,0,0,0,NA,"NA",NA,NA,NA,5,5,NA,NA,NA,NA,"NS"
"P03952","HexNAc.4.Hex.5....N...rare1","Healthy","MECFS",0,0,0,0,0,NA,"NA",NA,NA,NA,5,5,NA,NA,NA,NA,"NS"
"P03952","HexNAc.4.Hex.5.Fuc.1....N...rare1","Healthy","MECFS",0,0,0,0,0,NA,"NA",NA,NA,NA,5,5,NA,NA,NA,NA,"NS"
"P03952","HexNAc.4.Hex.5.NeuAc.1.Fuc.1....N...rare1","Healthy","MECFS",0,0,0,0,0,NA,"NA",NA,NA,NA,5,5,NA,NA,NA,NA,"NS"
"P03952","HexNAc.4.Hex.5.NeuAc.2.Fuc.1....N...rare1","Healthy","MECFS",0,0,0,0,0,NA,"NA",NA,NA,NA,5,5,NA,NA,NA,NA,"NS"
"P03952","HexNAc.4.Hex.6.NeuAc.1....N...rare1","Healthy","MECFS",0,0,0,0,0,NA,"NA",NA,NA,NA,5,5,NA,NA,NA,NA,"NS"
"P03952","HexNAc.5.Hex.3....N...rare1","Healthy","MECFS",0,0,0,0,0,NA,"NA",NA,NA,NA,5,5,NA,NA,NA,NA,"NS"
"P03952","HexNAc.5.Hex.3.Fuc.1....N...rare1","Healthy","MECFS",0,0,0,0,0,NA,"NA",NA,NA,NA,5,5,NA,NA,NA,NA,"NS"
"P03952","HexNAc.5.Hex.4....N...rare1","Healthy","MECFS",0,0,0,0,0,NA,"NA",NA,NA,NA,5,5,NA,NA,NA,NA,"NS"
"P03952","HexNAc.5.Hex.4.Fuc.1....N...rare1","Healthy","MECFS",0,0,0,0,0,NA,"NA",NA,NA,NA,5,5,NA,NA,NA,NA,"NS"
"P03952","HexNAc.5.Hex.4.NeuAc.1....N...rare1","Healthy","MECFS",0,0,0,0,0,NA,"NA",NA,NA,NA,5,5,NA,NA,NA,NA,"NS"
"P03952","HexNAc.5.Hex.4.NeuAc.1.Fuc.1....N...rare1","Healthy","MECFS",0,0,0,0,0,NA,"NA",NA,NA,NA,5,5,NA,NA,NA,NA,"NS"
"P03952","HexNAc.5.Hex.5....N...rare1","Healthy","MECFS",0,0,0,0,0,NA,"NA",NA,NA,NA,5,5,NA,NA,NA,NA,"NS"
"P03952","HexNAc.5.Hex.5.Fuc.1....N...rare1","Healthy","MECFS",0,0,0,0,0,NA,"NA",NA,NA,NA,5,5,NA,NA,NA,NA,"NS"
"P03952","HexNAc.5.Hex.5.NeuAc.1....N...rare1","Healthy","MECFS",0,0,0,0,0,NA,"NA",NA,NA,NA,5,5,NA,NA,NA,NA,"NS"
"P03952","HexNAc.5.Hex.5.NeuAc.1.Fuc.1....N...rare1","Healthy","MECFS",0,0,0,0,0,NA,"NA",NA,NA,NA,5,5,NA,NA,NA,NA,"NS"
"P03952","HexNAc.5.Hex.5.NeuAc.2.Fuc.1....N...rare1","Healthy","MECFS",0,0,0,0,0,NA,"NA",NA,NA,NA,5,5,NA,NA,NA,NA,"NS"
"P03952","HexNAc.5.Hex.6.NeuAc.1....N...rare1","Healthy","MECFS",0,0,0,0,0,NA,"NA",NA,NA,NA,5,5,NA,NA,NA,NA,"NS"
"P03952","HexNAc.5.Hex.6.NeuAc.2....N...rare1","Healthy","MECFS",0,0,0,0,0,NA,"NA",NA,NA,NA,5,5,NA,NA,NA,NA,"NS"
"P03952","HexNAc.5.Hex.6.NeuAc.2.Fuc.1....N...rare1","Healthy","MECFS",0,0,0,0,0,NA,"NA",NA,NA,NA,5,5,NA,NA,NA,NA,"NS"
"P03952","HexNAc.5.Hex.6.NeuAc.3....N...rare1","Healthy","MECFS",0,0,0,0,0,NA,"NA",NA,NA,NA,5,5,NA,NA,NA,NA,"NS"
"P03952","HexNAc.6.Hex.7.NeuAc.1....N...rare1","Healthy","MECFS",0,0,0,0,0,NA,"NA",NA,NA,NA,5,5,NA,NA,NA,NA,"NS"
"P03952","HexNAc.6.Hex.7.NeuAc.2.Fuc.1....N...rare1","Healthy","MECFS",0,0,0,0,0,NA,"NA",NA,NA,NA,5,5,NA,NA,NA,NA,"NS"
"P04003","HexNAc.2.Hex.10....N...rare1","Healthy","MECFS",0,0,0,0,0,NA,"NA",NA,NA,NA,5,5,NA,NA,NA,NA,"NS"
"P04003","HexNAc.2.Hex.5....N...rare1","Healthy","MECFS",0,0,0,0,0,NA,"NA",NA,NA,NA,5,5,NA,NA,NA,NA,"NS"
"P04003","HexNAc.2.Hex.6....N...rare1","Healthy","MECFS",0,0,0,0,0,NA,"NA",NA,NA,NA,5,5,NA,NA,NA,NA,"NS"
"P04003","HexNAc.2.Hex.7....N...rare1","Healthy","MECFS",0,0,0,0,0,NA,"NA",NA,NA,NA,5,5,NA,NA,NA,NA,"NS"
"P04003","HexNAc.2.Hex.8....N...rare1","Healthy","MECFS",0,0,0,0,0,NA,"NA",NA,NA,NA,5,5,NA,NA,NA,NA,"NS"
"P04003","HexNAc.2.Hex.9....N...rare1","Healthy","MECFS",0,0,0,0,0,NA,"NA",NA,NA,NA,5,5,NA,NA,NA,NA,"NS"
"P04003","HexNAc.3.Hex.4.NeuAc.1....N...rare1","Healthy","MECFS",0,0,0,0,0,NA,"NA",NA,NA,NA,5,5,NA,NA,NA,NA,"NS"
"P04003","HexNAc.3.Hex.4.NeuAc.1.Fuc.1....N...rare1","Healthy","MECFS",0,0,0,0,0,NA,"NA",NA,NA,NA,5,5,NA,NA,NA,NA,"NS"
"P04003","HexNAc.3.Hex.5....N...rare1","Healthy","MECFS",0,0,0,0,0,NA,"NA",NA,NA,NA,5,5,NA,NA,NA,NA,"NS"
"P04003","HexNAc.3.Hex.5.NeuAc.1....N...rare1","Healthy","MECFS",0,0,0,0,0,NA,"NA",NA,NA,NA,5,5,NA,NA,NA,NA,"NS"
"P04003","HexNAc.3.Hex.6....N...rare1","Healthy","MECFS",0,0,0,0,0,NA,"NA",NA,NA,NA,5,5,NA,NA,NA,NA,"NS"
"P04003","HexNAc.3.Hex.6.NeuAc.1....N...rare1","Healthy","MECFS",0,0,0,0,0,NA,"NA",NA,NA,NA,5,5,NA,NA,NA,NA,"NS"
"P04003","HexNAc.4.Hex.3....N...rare1","Healthy","MECFS",0,0,0,0,0,NA,"NA",NA,NA,NA,5,5,NA,NA,NA,NA,"NS"
"P04003","HexNAc.4.Hex.3.Fuc.1....N...rare1","Healthy","MECFS",0,0,0,0,0,NA,"NA",NA,NA,NA,5,5,NA,NA,NA,NA,"NS"
"P04003","HexNAc.4.Hex.4....N...rare1","Healthy","MECFS",0,0,0,0,0,NA,"NA",NA,NA,NA,5,5,NA,NA,NA,NA,"NS"
"P04003","HexNAc.4.Hex.4.Fuc.1....N...rare1","Healthy","MECFS",0,0,0,0,0,NA,"NA",NA,NA,NA,5,5,NA,NA,NA,NA,"NS"
"P04003","HexNAc.4.Hex.4.NeuAc.1....N...rare1","Healthy","MECFS",0,0,0,0,0,NA,"NA",NA,NA,NA,5,5,NA,NA,NA,NA,"NS"
"P04003","HexNAc.4.Hex.5....N...rare1","Healthy","MECFS",0,0,0,0,0,NA,"NA",NA,NA,NA,5,5,NA,NA,NA,NA,"NS"
"P04003","HexNAc.4.Hex.5.Fuc.1....N...rare1","Healthy","MECFS",0,0,0,0,0,NA,"NA",NA,NA,NA,5,5,NA,NA,NA,NA,"NS"
"P04003","HexNAc.4.Hex.5.NeuAc.1.Fuc.1....N...rare1","Healthy","MECFS",0,0,0,0,0,NA,"NA",NA,NA,NA,5,5,NA,NA,NA,NA,"NS"
"P04003","HexNAc.4.Hex.5.NeuAc.2.Fuc.1....N...rare1","Healthy","MECFS",0,0,0,0,0,NA,"NA",NA,NA,NA,5,5,NA,NA,NA,NA,"NS"
"P04003","HexNAc.4.Hex.6.NeuAc.1....N...rare1","Healthy","MECFS",0,0,0,0,0,NA,"NA",NA,NA,NA,5,5,NA,NA,NA,NA,"NS"
"P04003","HexNAc.5.Hex.3....N...rare1","Healthy","MECFS",0,0,0,0,0,NA,"NA",NA,NA,NA,5,5,NA,NA,NA,NA,"NS"
"P04003","HexNAc.5.Hex.3.Fuc.1....N...rare1","Healthy","MECFS",0,0,0,0,0,NA,"NA",NA,NA,NA,5,5,NA,NA,NA,NA,"NS"
"P04003","HexNAc.5.Hex.4....N...rare1","Healthy","MECFS",0,0,0,0,0,NA,"NA",NA,NA,NA,5,5,NA,NA,NA,NA,"NS"
"P04003","HexNAc.5.Hex.4.Fuc.1....N...rare1","Healthy","MECFS",0,0,0,0,0,NA,"NA",NA,NA,NA,5,5,NA,NA,NA,NA,"NS"
"P04003","HexNAc.5.Hex.4.NeuAc.1....N...rare1","Healthy","MECFS",0,0,0,0,0,NA,"NA",NA,NA,NA,5,5,NA,NA,NA,NA,"NS"
"P04003","HexNAc.5.Hex.4.NeuAc.1.Fuc.1....N...rare1","Healthy","MECFS",0,0,0,0,0,NA,"NA",NA,NA,NA,5,5,NA,NA,NA,NA,"NS"
"P04003","HexNAc.5.Hex.5....N...rare1","Healthy","MECFS",0,0,0,0,0,NA,"NA",NA,NA,NA,5,5,NA,NA,NA,NA,"NS"
"P04003","HexNAc.5.Hex.5.Fuc.1....N...rare1","Healthy","MECFS",0,0,0,0,0,NA,"NA",NA,NA,NA,5,5,NA,NA,NA,NA,"NS"
"P04003","HexNAc.5.Hex.5.NeuAc.1....N...rare1","Healthy","MECFS",0,0,0,0,0,NA,"NA",NA,NA,NA,5,5,NA,NA,NA,NA,"NS"
"P04003","HexNAc.5.Hex.5.NeuAc.1.Fuc.1....N...rare1","Healthy","MECFS",0,0,0,0,0,NA,"NA",NA,NA,NA,5,5,NA,NA,NA,NA,"NS"
"P04003","HexNAc.5.Hex.5.NeuAc.2.Fuc.1....N...rare1","Healthy","MECFS",0,0,0,0,0,NA,"NA",NA,NA,NA,5,5,NA,NA,NA,NA,"NS"
"P04003","HexNAc.5.Hex.6.NeuAc.1....N...rare1","Healthy","MECFS",0,0,0,0,0,NA,"NA",NA,NA,NA,5,5,NA,NA,NA,NA,"NS"
"P04003","HexNAc.5.Hex.6.NeuAc.2....N...rare1","Healthy","MECFS",0,0,0,0,0,NA,"NA",NA,NA,NA,5,5,NA,NA,NA,NA,"NS"
"P04003","HexNAc.5.Hex.6.NeuAc.2.Fuc.1....N...rare1","Healthy","MECFS",0,0,0,0,0,NA,"NA",NA,NA,NA,5,5,NA,NA,NA,NA,"NS"
"P04003","HexNAc.5.Hex.6.NeuAc.3....N...rare1","Healthy","MECFS",0,0,0,0,0,NA,"NA",NA,NA,NA,5,5,NA,NA,NA,NA,"NS"
"P04003","HexNAc.6.Hex.7.NeuAc.1....N...rare1","Healthy","MECFS",0,0,0,0,0,NA,"NA",NA,NA,NA,5,5,NA,NA,NA,NA,"NS"
"P04003","HexNAc.6.Hex.7.NeuAc.2.Fuc.1....N...rare1","Healthy","MECFS",0,0,0,0,0,NA,"NA",NA,NA,NA,5,5,NA,NA,NA,NA,"NS"
"P04004","HexNAc.2.Hex.10....N...rare1","Healthy","MECFS",0,0,0,0,0,NA,"NA",NA,NA,NA,5,5,NA,NA,NA,NA,"NS"
"P04004","HexNAc.2.Hex.5....N...rare1","Healthy","MECFS",0,0,0,0,0,NA,"NA",NA,NA,NA,5,5,NA,NA,NA,NA,"NS"
"P04004","HexNAc.2.Hex.6....N...rare1","Healthy","MECFS",0,0,0,0,0,NA,"NA",NA,NA,NA,5,5,NA,NA,NA,NA,"NS"
"P04004","HexNAc.2.Hex.7....N...rare1","Healthy","MECFS",0,0,0,0,0,NA,"NA",NA,NA,NA,5,5,NA,NA,NA,NA,"NS"
"P04004","HexNAc.2.Hex.8....N...rare1","Healthy","MECFS",0,0,0,0,0,NA,"NA",NA,NA,NA,5,5,NA,NA,NA,NA,"NS"
"P04004","HexNAc.2.Hex.9....N...rare1","Healthy","MECFS",0,0,0,0,0,NA,"NA",NA,NA,NA,5,5,NA,NA,NA,NA,"NS"
"P04004","HexNAc.3.Hex.4.NeuAc.1....N...rare1","Healthy","MECFS",0,0,0,0,0,NA,"NA",NA,NA,NA,5,5,NA,NA,NA,NA,"NS"
"P04004","HexNAc.3.Hex.4.NeuAc.1.Fuc.1....N...rare1","Healthy","MECFS",0,0,0,0,0,NA,"NA",NA,NA,NA,5,5,NA,NA,NA,NA,"NS"
"P04004","HexNAc.3.Hex.5....N...rare1","Healthy","MECFS",0,0,0,0,0,NA,"NA",NA,NA,NA,5,5,NA,NA,NA,NA,"NS"
"P04004","HexNAc.3.Hex.6....N...rare1","Healthy","MECFS",0,0,0,0,0,NA,"NA",NA,NA,NA,5,5,NA,NA,NA,NA,"NS"
"P04004","HexNAc.3.Hex.6.NeuAc.1....N...rare1","Healthy","MECFS",0,0,0,0,0,NA,"NA",NA,NA,NA,5,5,NA,NA,NA,NA,"NS"
"P04004","HexNAc.4.Hex.3....N...rare1","Healthy","MECFS",0,0,0,0,0,NA,"NA",NA,NA,NA,5,5,NA,NA,NA,NA,"NS"
"P04004","HexNAc.4.Hex.3.Fuc.1....N...rare1","Healthy","MECFS",0,0,0,0,0,NA,"NA",NA,NA,NA,5,5,NA,NA,NA,NA,"NS"
"P04004","HexNAc.4.Hex.4....N...rare1","Healthy","MECFS",0,0,0,0,0,NA,"NA",NA,NA,NA,5,5,NA,NA,NA,NA,"NS"
"P04004","HexNAc.4.Hex.4.Fuc.1....N...rare1","Healthy","MECFS",0,0,0,0,0,NA,"NA",NA,NA,NA,5,5,NA,NA,NA,NA,"NS"
"P04004","HexNAc.4.Hex.4.NeuAc.1....N...rare1","Healthy","MECFS",0,0,0,0,0,NA,"NA",NA,NA,NA,5,5,NA,NA,NA,NA,"NS"
"P04004","HexNAc.4.Hex.5....N...rare1","Healthy","MECFS",0,0,0,0,0,NA,"NA",NA,NA,NA,5,5,NA,NA,NA,NA,"NS"
"P04004","HexNAc.4.Hex.5.Fuc.1....N...rare1","Healthy","MECFS",0,0,0,0,0,NA,"NA",NA,NA,NA,5,5,NA,NA,NA,NA,"NS"
"P04004","HexNAc.4.Hex.5.NeuAc.1.Fuc.1....N...rare1","Healthy","MECFS",0,0,0,0,0,NA,"NA",NA,NA,NA,5,5,NA,NA,NA,NA,"NS"
"P04004","HexNAc.4.Hex.6.NeuAc.1....N...rare1","Healthy","MECFS",0,0,0,0,0,NA,"NA",NA,NA,NA,5,5,NA,NA,NA,NA,"NS"
"P04004","HexNAc.5.Hex.3....N...rare1","Healthy","MECFS",0,0,0,0,0,NA,"NA",NA,NA,NA,5,5,NA,NA,NA,NA,"NS"
"P04004","HexNAc.5.Hex.3.Fuc.1....N...rare1","Healthy","MECFS",0,0,0,0,0,NA,"NA",NA,NA,NA,5,5,NA,NA,NA,NA,"NS"
"P04004","HexNAc.5.Hex.4....N...rare1","Healthy","MECFS",0,0,0,0,0,NA,"NA",NA,NA,NA,5,5,NA,NA,NA,NA,"NS"
"P04004","HexNAc.5.Hex.4.Fuc.1....N...rare1","Healthy","MECFS",0,0,0,0,0,NA,"NA",NA,NA,NA,5,5,NA,NA,NA,NA,"NS"
"P04004","HexNAc.5.Hex.4.NeuAc.1....N...rare1","Healthy","MECFS",0,0,0,0,0,NA,"NA",NA,NA,NA,5,5,NA,NA,NA,NA,"NS"
"P04004","HexNAc.5.Hex.4.NeuAc.1.Fuc.1....N...rare1","Healthy","MECFS",0,0,0,0,0,NA,"NA",NA,NA,NA,5,5,NA,NA,NA,NA,"NS"
"P04004","HexNAc.5.Hex.5....N...rare1","Healthy","MECFS",0,0,0,0,0,NA,"NA",NA,NA,NA,5,5,NA,NA,NA,NA,"NS"
"P04004","HexNAc.5.Hex.5.Fuc.1....N...rare1","Healthy","MECFS",0,0,0,0,0,NA,"NA",NA,NA,NA,5,5,NA,NA,NA,NA,"NS"
"P04004","HexNAc.5.Hex.5.NeuAc.1....N...rare1","Healthy","MECFS",0,0,0,0,0,NA,"NA",NA,NA,NA,5,5,NA,NA,NA,NA,"NS"
"P04004","HexNAc.5.Hex.5.NeuAc.1.Fuc.1....N...rare1","Healthy","MECFS",0,0,0,0,0,NA,"NA",NA,NA,NA,5,5,NA,NA,NA,NA,"NS"
"P04004","HexNAc.5.Hex.5.NeuAc.2.Fuc.1....N...rare1","Healthy","MECFS",0,0,0,0,0,NA,"NA",NA,NA,NA,5,5,NA,NA,NA,NA,"NS"
"P04004","HexNAc.5.Hex.6.NeuAc.1....N...rare1","Healthy","MECFS",0,0,0,0,0,NA,"NA",NA,NA,NA,5,5,NA,NA,NA,NA,"NS"
"P04004","HexNAc.5.Hex.6.NeuAc.2.Fuc.1....N...rare1","Healthy","MECFS",0,0,0,0,0,NA,"NA",NA,NA,NA,5,5,NA,NA,NA,NA,"NS"
"P04004","HexNAc.6.Hex.7.NeuAc.1....N...rare1","Healthy","MECFS",0,0,0,0,0,NA,"NA",NA,NA,NA,5,5,NA,NA,NA,NA,"NS"
"P04004","HexNAc.6.Hex.7.NeuAc.2.Fuc.1....N...rare1","Healthy","MECFS",0,0,0,0,0,NA,"NA",NA,NA,NA,5,5,NA,NA,NA,NA,"NS"
"P04070","HexNAc.2.Hex.10....N...rare1","Healthy","MECFS",0,0,0,0,0,NA,"NA",NA,NA,NA,4,4,NA,NA,NA,NA,"NS"
"P04070","HexNAc.2.Hex.5....N...rare1","Healthy","MECFS",0,0,0,0,0,NA,"NA",NA,NA,NA,4,4,NA,NA,NA,NA,"NS"
"P04070","HexNAc.2.Hex.6....N...rare1","Healthy","MECFS",0,0,0,0,0,NA,"NA",NA,NA,NA,4,4,NA,NA,NA,NA,"NS"
"P04070","HexNAc.2.Hex.7....N...rare1","Healthy","MECFS",0,0,0,0,0,NA,"NA",NA,NA,NA,4,4,NA,NA,NA,NA,"NS"
"P04070","HexNAc.2.Hex.8....N...rare1","Healthy","MECFS",0,0,0,0,0,NA,"NA",NA,NA,NA,4,4,NA,NA,NA,NA,"NS"
"P04070","HexNAc.2.Hex.9....N...rare1","Healthy","MECFS",0,0,0,0,0,NA,"NA",NA,NA,NA,4,4,NA,NA,NA,NA,"NS"
"P04070","HexNAc.3.Hex.4.NeuAc.1....N...rare1","Healthy","MECFS",0,0,0,0,0,NA,"NA",NA,NA,NA,4,4,NA,NA,NA,NA,"NS"
"P04070","HexNAc.3.Hex.4.NeuAc.1.Fuc.1....N...rare1","Healthy","MECFS",0,0,0,0,0,NA,"NA",NA,NA,NA,4,4,NA,NA,NA,NA,"NS"
"P04070","HexNAc.3.Hex.5....N...rare1","Healthy","MECFS",0,0,0,0,0,NA,"NA",NA,NA,NA,4,4,NA,NA,NA,NA,"NS"
"P04070","HexNAc.3.Hex.5.NeuAc.1....N...rare1","Healthy","MECFS",0,0,0,0,0,NA,"NA",NA,NA,NA,4,4,NA,NA,NA,NA,"NS"
"P04070","HexNAc.3.Hex.6....N...rare1","Healthy","MECFS",0,0,0,0,0,NA,"NA",NA,NA,NA,4,4,NA,NA,NA,NA,"NS"
"P04070","HexNAc.3.Hex.6.NeuAc.1....N...rare1","Healthy","MECFS",0,0,0,0,0,NA,"NA",NA,NA,NA,4,4,NA,NA,NA,NA,"NS"
"P04070","HexNAc.4.Hex.3....N...rare1","Healthy","MECFS",0,0,0,0,0,NA,"NA",NA,NA,NA,4,4,NA,NA,NA,NA,"NS"
"P04070","HexNAc.4.Hex.3.Fuc.1....N...rare1","Healthy","MECFS",0,0,0,0,0,NA,"NA",NA,NA,NA,4,4,NA,NA,NA,NA,"NS"
"P04070","HexNAc.4.Hex.4....N...rare1","Healthy","MECFS",0,0,0,0,0,NA,"NA",NA,NA,NA,4,4,NA,NA,NA,NA,"NS"
"P04070","HexNAc.4.Hex.4.Fuc.1....N...rare1","Healthy","MECFS",0,0,0,0,0,NA,"NA",NA,NA,NA,4,4,NA,NA,NA,NA,"NS"
"P04070","HexNAc.4.Hex.4.NeuAc.1....N...rare1","Healthy","MECFS",0,0,0,0,0,NA,"NA",NA,NA,NA,4,4,NA,NA,NA,NA,"NS"
"P04070","HexNAc.4.Hex.5....N...rare1","Healthy","MECFS",0,0,0,0,0,NA,"NA",NA,NA,NA,4,4,NA,NA,NA,NA,"NS"
"P04070","HexNAc.4.Hex.5.Fuc.1....N...rare1","Healthy","MECFS",0,0,0,0,0,NA,"NA",NA,NA,NA,4,4,NA,NA,NA,NA,"NS"
"P04070","HexNAc.4.Hex.5.NeuAc.1....N...rare1","Healthy","MECFS",0,0,0,0,0,NA,"NA",NA,NA,NA,4,4,NA,NA,NA,NA,"NS"
"P04070","HexNAc.4.Hex.5.NeuAc.1.Fuc.1....N...rare1","Healthy","MECFS",0,0,0,0,0,NA,"NA",NA,NA,NA,4,4,NA,NA,NA,NA,"NS"
"P04070","HexNAc.4.Hex.5.NeuAc.2....N...rare1","Healthy","MECFS",0,0,0,0,0,NA,"NA",NA,NA,NA,4,4,NA,NA,NA,NA,"NS"
"P04070","HexNAc.4.Hex.5.NeuAc.2.Fuc.1....N...rare1","Healthy","MECFS",0,0,0,0,0,NA,"NA",NA,NA,NA,4,4,NA,NA,NA,NA,"NS"
"P04070","HexNAc.4.Hex.6.NeuAc.1....N...rare1","Healthy","MECFS",0,0,0,0,0,NA,"NA",NA,NA,NA,4,4,NA,NA,NA,NA,"NS"
"P04070","HexNAc.5.Hex.3....N...rare1","Healthy","MECFS",0,0,0,0,0,NA,"NA",NA,NA,NA,4,4,NA,NA,NA,NA,"NS"
"P04070","HexNAc.5.Hex.3.Fuc.1....N...rare1","Healthy","MECFS",0,0,0,0,0,NA,"NA",NA,NA,NA,4,4,NA,NA,NA,NA,"NS"
"P04070","HexNAc.5.Hex.4....N...rare1","Healthy","MECFS",0,0,0,0,0,NA,"NA",NA,NA,NA,4,4,NA,NA,NA,NA,"NS"
"P04070","HexNAc.5.Hex.4.Fuc.1....N...rare1","Healthy","MECFS",0,0,0,0,0,NA,"NA",NA,NA,NA,4,4,NA,NA,NA,NA,"NS"
"P04070","HexNAc.5.Hex.4.NeuAc.1....N...rare1","Healthy","MECFS",0,0,0,0,0,NA,"NA",NA,NA,NA,4,4,NA,NA,NA,NA,"NS"
"P04070","HexNAc.5.Hex.4.NeuAc.1.Fuc.1....N...rare1","Healthy","MECFS",0,0,0,0,0,NA,"NA",NA,NA,NA,4,4,NA,NA,NA,NA,"NS"
"P04070","HexNAc.5.Hex.5....N...rare1","Healthy","MECFS",0,0,0,0,0,NA,"NA",NA,NA,NA,4,4,NA,NA,NA,NA,"NS"
"P04070","HexNAc.5.Hex.5.Fuc.1....N...rare1","Healthy","MECFS",0,0,0,0,0,NA,"NA",NA,NA,NA,4,4,NA,NA,NA,NA,"NS"
"P04070","HexNAc.5.Hex.5.NeuAc.1....N...rare1","Healthy","MECFS",0,0,0,0,0,NA,"NA",NA,NA,NA,4,4,NA,NA,NA,NA,"NS"
"P04070","HexNAc.5.Hex.5.NeuAc.1.Fuc.1....N...rare1","Healthy","MECFS",0,0,0,0,0,NA,"NA",NA,NA,NA,4,4,NA,NA,NA,NA,"NS"
"P04070","HexNAc.5.Hex.5.NeuAc.2.Fuc.1....N...rare1","Healthy","MECFS",0,0,0,0,0,NA,"NA",NA,NA,NA,4,4,NA,NA,NA,NA,"NS"
"P04070","HexNAc.5.Hex.6.NeuAc.1....N...rare1","Healthy","MECFS",0,0,0,0,0,NA,"NA",NA,NA,NA,4,4,NA,NA,NA,NA,"NS"
"P04070","HexNAc.5.Hex.6.NeuAc.2....N...rare1","Healthy","MECFS",0,0,0,0,0,NA,"NA",NA,NA,NA,4,4,NA,NA,NA,NA,"NS"
"P04070","HexNAc.5.Hex.6.NeuAc.2.Fuc.1....N...rare1","Healthy","MECFS",0,0,0,0,0,NA,"NA",NA,NA,NA,4,4,NA,NA,NA,NA,"NS"
"P04070","HexNAc.5.Hex.6.NeuAc.3....N...rare1","Healthy","MECFS",0,0,0,0,0,NA,"NA",NA,NA,NA,4,4,NA,NA,NA,NA,"NS"
"P04070","HexNAc.6.Hex.7.NeuAc.1....N...rare1","Healthy","MECFS",0,0,0,0,0,NA,"NA",NA,NA,NA,4,4,NA,NA,NA,NA,"NS"
"P04070","HexNAc.6.Hex.7.NeuAc.2.Fuc.1....N...rare1","Healthy","MECFS",0,0,0,0,0,NA,"NA",NA,NA,NA,4,4,NA,NA,NA,NA,"NS"
"P04114","HexNAc.2.Hex.10....N...rare1","Healthy","MECFS",0,0,0,0,0,NA,"NA",NA,NA,NA,5,5,NA,NA,NA,NA,"NS"
"P04114","HexNAc.2.Hex.5....N...rare1","Healthy","MECFS",0,0,0,0,0,NA,"NA",NA,NA,NA,5,5,NA,NA,NA,NA,"NS"
"P04114","HexNAc.2.Hex.6....N...rare1","Healthy","MECFS",0,0,0,0,0,NA,"NA",NA,NA,NA,5,5,NA,NA,NA,NA,"NS"
"P04114","HexNAc.2.Hex.7....N...rare1","Healthy","MECFS",0,0,0,0,0,NA,"NA",NA,NA,NA,5,5,NA,NA,NA,NA,"NS"
"P04114","HexNAc.2.Hex.8....N...rare1","Healthy","MECFS",0,0,0,0,0,NA,"NA",NA,NA,NA,5,5,NA,NA,NA,NA,"NS"
"P04114","HexNAc.2.Hex.9....N...rare1","Healthy","MECFS",0,0,0,0,0,NA,"NA",NA,NA,NA,5,5,NA,NA,NA,NA,"NS"
"P04114","HexNAc.3.Hex.4.NeuAc.1.Fuc.1....N...rare1","Healthy","MECFS",0,0,0,0,0,NA,"NA",NA,NA,NA,5,5,NA,NA,NA,NA,"NS"
"P04114","HexNAc.3.Hex.5....N...rare1","Healthy","MECFS",0,0,0,0,0,NA,"NA",NA,NA,NA,5,5,NA,NA,NA,NA,"NS"
"P04114","HexNAc.3.Hex.6....N...rare1","Healthy","MECFS",0,0,0,0,0,NA,"NA",NA,NA,NA,5,5,NA,NA,NA,NA,"NS"
"P04114","HexNAc.3.Hex.6.NeuAc.1....N...rare1","Healthy","MECFS",0,0,0,0,0,NA,"NA",NA,NA,NA,5,5,NA,NA,NA,NA,"NS"
"P04114","HexNAc.4.Hex.3....N...rare1","Healthy","MECFS",0,0,0,0,0,NA,"NA",NA,NA,NA,5,5,NA,NA,NA,NA,"NS"
"P04114","HexNAc.4.Hex.3.Fuc.1....N...rare1","Healthy","MECFS",0,0,0,0,0,NA,"NA",NA,NA,NA,5,5,NA,NA,NA,NA,"NS"
"P04114","HexNAc.4.Hex.4....N...rare1","Healthy","MECFS",0,0,0,0,0,NA,"NA",NA,NA,NA,5,5,NA,NA,NA,NA,"NS"
"P04114","HexNAc.4.Hex.4.Fuc.1....N...rare1","Healthy","MECFS",0,0,0,0,0,NA,"NA",NA,NA,NA,5,5,NA,NA,NA,NA,"NS"
"P04114","HexNAc.4.Hex.4.NeuAc.1....N...rare1","Healthy","MECFS",0,0,0,0,0,NA,"NA",NA,NA,NA,5,5,NA,NA,NA,NA,"NS"
"P04114","HexNAc.4.Hex.5.Fuc.1....N...rare1","Healthy","MECFS",0,0,0,0,0,NA,"NA",NA,NA,NA,5,5,NA,NA,NA,NA,"NS"
"P04114","HexNAc.4.Hex.5.NeuAc.1.Fuc.1....N...rare1","Healthy","MECFS",0,0,0,0,0,NA,"NA",NA,NA,NA,5,5,NA,NA,NA,NA,"NS"
"P04114","HexNAc.4.Hex.5.NeuAc.2.Fuc.1....N...rare1","Healthy","MECFS",0,0,0,0,0,NA,"NA",NA,NA,NA,5,5,NA,NA,NA,NA,"NS"
"P04114","HexNAc.4.Hex.6.NeuAc.1....N...rare1","Healthy","MECFS",0,0,0,0,0,NA,"NA",NA,NA,NA,5,5,NA,NA,NA,NA,"NS"
"P04114","HexNAc.5.Hex.3....N...rare1","Healthy","MECFS",0,0,0,0,0,NA,"NA",NA,NA,NA,5,5,NA,NA,NA,NA,"NS"
"P04114","HexNAc.5.Hex.3.Fuc.1....N...rare1","Healthy","MECFS",0,0,0,0,0,NA,"NA",NA,NA,NA,5,5,NA,NA,NA,NA,"NS"
"P04114","HexNAc.5.Hex.4....N...rare1","Healthy","MECFS",0,0,0,0,0,NA,"NA",NA,NA,NA,5,5,NA,NA,NA,NA,"NS"
"P04114","HexNAc.5.Hex.4.Fuc.1....N...rare1","Healthy","MECFS",0,0,0,0,0,NA,"NA",NA,NA,NA,5,5,NA,NA,NA,NA,"NS"
"P04114","HexNAc.5.Hex.4.NeuAc.1....N...rare1","Healthy","MECFS",0,0,0,0,0,NA,"NA",NA,NA,NA,5,5,NA,NA,NA,NA,"NS"
"P04114","HexNAc.5.Hex.4.NeuAc.1.Fuc.1....N...rare1","Healthy","MECFS",0,0,0,0,0,NA,"NA",NA,NA,NA,5,5,NA,NA,NA,NA,"NS"
"P04114","HexNAc.5.Hex.5....N...rare1","Healthy","MECFS",0,0,0,0,0,NA,"NA",NA,NA,NA,5,5,NA,NA,NA,NA,"NS"
"P04114","HexNAc.5.Hex.5.Fuc.1....N...rare1","Healthy","MECFS",0,0,0,0,0,NA,"NA",NA,NA,NA,5,5,NA,NA,NA,NA,"NS"
"P04114","HexNAc.5.Hex.5.NeuAc.1....N...rare1","Healthy","MECFS",0,0,0,0,0,NA,"NA",NA,NA,NA,5,5,NA,NA,NA,NA,"NS"
"P04114","HexNAc.5.Hex.5.NeuAc.1.Fuc.1....N...rare1","Healthy","MECFS",0,0,0,0,0,NA,"NA",NA,NA,NA,5,5,NA,NA,NA,NA,"NS"
"P04114","HexNAc.5.Hex.5.NeuAc.2.Fuc.1....N...rare1","Healthy","MECFS",0,0,0,0,0,NA,"NA",NA,NA,NA,5,5,NA,NA,NA,NA,"NS"
"P04114","HexNAc.5.Hex.6.NeuAc.1....N...rare1","Healthy","MECFS",0,0,0,0,0,NA,"NA",NA,NA,NA,5,5,NA,NA,NA,NA,"NS"
"P04114","HexNAc.5.Hex.6.NeuAc.2....N...rare1","Healthy","MECFS",0,0,0,0,0,NA,"NA",NA,NA,NA,5,5,NA,NA,NA,NA,"NS"
"P04114","HexNAc.5.Hex.6.NeuAc.2.Fuc.1....N...rare1","Healthy","MECFS",0,0,0,0,0,NA,"NA",NA,NA,NA,5,5,NA,NA,NA,NA,"NS"
"P04114","HexNAc.6.Hex.7.NeuAc.1....N...rare1","Healthy","MECFS",0,0,0,0,0,NA,"NA",NA,NA,NA,5,5,NA,NA,NA,NA,"NS"
"P04114","HexNAc.6.Hex.7.NeuAc.2.Fuc.1....N...rare1","Healthy","MECFS",0,0,0,0,0,NA,"NA",NA,NA,NA,5,5,NA,NA,NA,NA,"NS"
"P04180","HexNAc.2.Hex.10....N...rare1","Healthy","MECFS",0,0,0,0,0,NA,"NA",NA,NA,NA,5,4,NA,NA,NA,NA,"NS"
"P04180","HexNAc.2.Hex.5....N...rare1","Healthy","MECFS",0,0,0,0,0,NA,"NA",NA,NA,NA,5,4,NA,NA,NA,NA,"NS"
"P04180","HexNAc.2.Hex.6....N...rare1","Healthy","MECFS",0,0,0,0,0,NA,"NA",NA,NA,NA,5,4,NA,NA,NA,NA,"NS"
"P04180","HexNAc.2.Hex.7....N...rare1","Healthy","MECFS",0,0,0,0,0,NA,"NA",NA,NA,NA,5,4,NA,NA,NA,NA,"NS"
"P04180","HexNAc.2.Hex.8....N...rare1","Healthy","MECFS",0,0,0,0,0,NA,"NA",NA,NA,NA,5,4,NA,NA,NA,NA,"NS"
"P04180","HexNAc.2.Hex.9....N...rare1","Healthy","MECFS",0,0,0,0,0,NA,"NA",NA,NA,NA,5,4,NA,NA,NA,NA,"NS"
"P04180","HexNAc.3.Hex.4.NeuAc.1....N...rare1","Healthy","MECFS",0,0,0,0,0,NA,"NA",NA,NA,NA,5,4,NA,NA,NA,NA,"NS"
"P04180","HexNAc.3.Hex.4.NeuAc.1.Fuc.1....N...rare1","Healthy","MECFS",0,0,0,0,0,NA,"NA",NA,NA,NA,5,4,NA,NA,NA,NA,"NS"
"P04180","HexNAc.3.Hex.5....N...rare1","Healthy","MECFS",0,0,0,0,0,NA,"NA",NA,NA,NA,5,4,NA,NA,NA,NA,"NS"
"P04180","HexNAc.3.Hex.5.NeuAc.1....N...rare1","Healthy","MECFS",0,0,0,0,0,NA,"NA",NA,NA,NA,5,4,NA,NA,NA,NA,"NS"
"P04180","HexNAc.3.Hex.6....N...rare1","Healthy","MECFS",0,0,0,0,0,NA,"NA",NA,NA,NA,5,4,NA,NA,NA,NA,"NS"
"P04180","HexNAc.3.Hex.6.NeuAc.1....N...rare1","Healthy","MECFS",0,0,0,0,0,NA,"NA",NA,NA,NA,5,4,NA,NA,NA,NA,"NS"
"P04180","HexNAc.4.Hex.3....N...rare1","Healthy","MECFS",0,0,0,0,0,NA,"NA",NA,NA,NA,5,4,NA,NA,NA,NA,"NS"
"P04180","HexNAc.4.Hex.3.Fuc.1....N...rare1","Healthy","MECFS",0,0,0,0,0,NA,"NA",NA,NA,NA,5,4,NA,NA,NA,NA,"NS"
"P04180","HexNAc.4.Hex.4....N...rare1","Healthy","MECFS",0,0,0,0,0,NA,"NA",NA,NA,NA,5,4,NA,NA,NA,NA,"NS"
"P04180","HexNAc.4.Hex.4.Fuc.1....N...rare1","Healthy","MECFS",0,0,0,0,0,NA,"NA",NA,NA,NA,5,4,NA,NA,NA,NA,"NS"
"P04180","HexNAc.4.Hex.4.NeuAc.1....N...rare1","Healthy","MECFS",0,0,0,0,0,NA,"NA",NA,NA,NA,5,4,NA,NA,NA,NA,"NS"
"P04180","HexNAc.4.Hex.5....N...rare1","Healthy","MECFS",0,0,0,0,0,NA,"NA",NA,NA,NA,5,4,NA,NA,NA,NA,"NS"
"P04180","HexNAc.4.Hex.5.Fuc.1....N...rare1","Healthy","MECFS",0,0,0,0,0,NA,"NA",NA,NA,NA,5,4,NA,NA,NA,NA,"NS"
"P04180","HexNAc.4.Hex.5.NeuAc.1....N...rare1","Healthy","MECFS",0,0,0,0,0,NA,"NA",NA,NA,NA,5,4,NA,NA,NA,NA,"NS"
"P04180","HexNAc.4.Hex.5.NeuAc.1.Fuc.1....N...rare1","Healthy","MECFS",0,0,0,0,0,NA,"NA",NA,NA,NA,5,4,NA,NA,NA,NA,"NS"
"P04180","HexNAc.4.Hex.5.NeuAc.2....N...rare1","Healthy","MECFS",0,0,0,0,0,NA,"NA",NA,NA,NA,5,4,NA,NA,NA,NA,"NS"
"P04180","HexNAc.4.Hex.5.NeuAc.2.Fuc.1....N...rare1","Healthy","MECFS",0,0,0,0,0,NA,"NA",NA,NA,NA,5,4,NA,NA,NA,NA,"NS"
"P04180","HexNAc.4.Hex.6.NeuAc.1....N...rare1","Healthy","MECFS",0,0,0,0,0,NA,"NA",NA,NA,NA,5,4,NA,NA,NA,NA,"NS"
"P04180","HexNAc.5.Hex.3....N...rare1","Healthy","MECFS",0,0,0,0,0,NA,"NA",NA,NA,NA,5,4,NA,NA,NA,NA,"NS"
"P04180","HexNAc.5.Hex.3.Fuc.1....N...rare1","Healthy","MECFS",0,0,0,0,0,NA,"NA",NA,NA,NA,5,4,NA,NA,NA,NA,"NS"
"P04180","HexNAc.5.Hex.4....N...rare1","Healthy","MECFS",0,0,0,0,0,NA,"NA",NA,NA,NA,5,4,NA,NA,NA,NA,"NS"
"P04180","HexNAc.5.Hex.4.Fuc.1....N...rare1","Healthy","MECFS",0,0,0,0,0,NA,"NA",NA,NA,NA,5,4,NA,NA,NA,NA,"NS"
"P04180","HexNAc.5.Hex.4.NeuAc.1....N...rare1","Healthy","MECFS",0,0,0,0,0,NA,"NA",NA,NA,NA,5,4,NA,NA,NA,NA,"NS"
"P04180","HexNAc.5.Hex.4.NeuAc.1.Fuc.1....N...rare1","Healthy","MECFS",0,0,0,0,0,NA,"NA",NA,NA,NA,5,4,NA,NA,NA,NA,"NS"
"P04180","HexNAc.5.Hex.5....N...rare1","Healthy","MECFS",0,0,0,0,0,NA,"NA",NA,NA,NA,5,4,NA,NA,NA,NA,"NS"
"P04180","HexNAc.5.Hex.5.Fuc.1....N...rare1","Healthy","MECFS",0,0,0,0,0,NA,"NA",NA,NA,NA,5,4,NA,NA,NA,NA,"NS"
"P04180","HexNAc.5.Hex.5.NeuAc.1....N...rare1","Healthy","MECFS",0,0,0,0,0,NA,"NA",NA,NA,NA,5,4,NA,NA,NA,NA,"NS"
"P04180","HexNAc.5.Hex.5.NeuAc.1.Fuc.1....N...rare1","Healthy","MECFS",0,0,0,0,0,NA,"NA",NA,NA,NA,5,4,NA,NA,NA,NA,"NS"
"P04180","HexNAc.5.Hex.5.NeuAc.2.Fuc.1....N...rare1","Healthy","MECFS",0,0,0,0,0,NA,"NA",NA,NA,NA,5,4,NA,NA,NA,NA,"NS"
"P04180","HexNAc.5.Hex.6.NeuAc.1....N...rare1","Healthy","MECFS",0,0,0,0,0,NA,"NA",NA,NA,NA,5,4,NA,NA,NA,NA,"NS"
"P04180","HexNAc.5.Hex.6.NeuAc.2....N...rare1","Healthy","MECFS",0,0,0,0,0,NA,"NA",NA,NA,NA,5,4,NA,NA,NA,NA,"NS"
"P04180","HexNAc.5.Hex.6.NeuAc.2.Fuc.1....N...rare1","Healthy","MECFS",0,0,0,0,0,NA,"NA",NA,NA,NA,5,4,NA,NA,NA,NA,"NS"
"P04180","HexNAc.5.Hex.6.NeuAc.3....N...rare1","Healthy","MECFS",0,0,0,0,0,NA,"NA",NA,NA,NA,5,4,NA,NA,NA,NA,"NS"
"P04180","HexNAc.6.Hex.7.NeuAc.1....N...rare1","Healthy","MECFS",0,0,0,0,0,NA,"NA",NA,NA,NA,5,4,NA,NA,NA,NA,"NS"
"P04180","HexNAc.6.Hex.7.NeuAc.2.Fuc.1....N...rare1","Healthy","MECFS",0,0,0,0,0,NA,"NA",NA,NA,NA,5,4,NA,NA,NA,NA,"NS"
"P04196","HexNAc.2.Hex.10....N...rare1","Healthy","MECFS",0,0,0,0,0,NA,"NA",NA,NA,NA,5,5,NA,NA,NA,NA,"NS"
"P04196","HexNAc.2.Hex.5....N...rare1","Healthy","MECFS",0,0,0,0,0,NA,"NA",NA,NA,NA,5,5,NA,NA,NA,NA,"NS"
"P04196","HexNAc.2.Hex.6....N...rare1","Healthy","MECFS",0,0,0,0,0,NA,"NA",NA,NA,NA,5,5,NA,NA,NA,NA,"NS"
"P04196","HexNAc.2.Hex.7....N...rare1","Healthy","MECFS",0,0,0,0,0,NA,"NA",NA,NA,NA,5,5,NA,NA,NA,NA,"NS"
"P04196","HexNAc.2.Hex.8....N...rare1","Healthy","MECFS",0,0,0,0,0,NA,"NA",NA,NA,NA,5,5,NA,NA,NA,NA,"NS"
"P04196","HexNAc.2.Hex.9....N...rare1","Healthy","MECFS",0,0,0,0,0,NA,"NA",NA,NA,NA,5,5,NA,NA,NA,NA,"NS"
"P04196","HexNAc.3.Hex.4.NeuAc.1....N...rare1","Healthy","MECFS",0,0,0,0,0,NA,"NA",NA,NA,NA,5,5,NA,NA,NA,NA,"NS"
"P04196","HexNAc.3.Hex.4.NeuAc.1.Fuc.1....N...rare1","Healthy","MECFS",0,0,0,0,0,NA,"NA",NA,NA,NA,5,5,NA,NA,NA,NA,"NS"
"P04196","HexNAc.3.Hex.5....N...rare1","Healthy","MECFS",0,0,0,0,0,NA,"NA",NA,NA,NA,5,5,NA,NA,NA,NA,"NS"
"P04196","HexNAc.3.Hex.6....N...rare1","Healthy","MECFS",0,0,0,0,0,NA,"NA",NA,NA,NA,5,5,NA,NA,NA,NA,"NS"
"P04196","HexNAc.4.Hex.3....N...rare1","Healthy","MECFS",0,0,0,0,0,NA,"NA",NA,NA,NA,5,5,NA,NA,NA,NA,"NS"
"P04196","HexNAc.4.Hex.3.Fuc.1....N...rare1","Healthy","MECFS",0,0,0,0,0,NA,"NA",NA,NA,NA,5,5,NA,NA,NA,NA,"NS"
"P04196","HexNAc.4.Hex.4....N...rare1","Healthy","MECFS",0,0,0,0,0,NA,"NA",NA,NA,NA,5,5,NA,NA,NA,NA,"NS"
"P04196","HexNAc.4.Hex.4.Fuc.1....N...rare1","Healthy","MECFS",0,0,0,0,0,NA,"NA",NA,NA,NA,5,5,NA,NA,NA,NA,"NS"
"P04196","HexNAc.4.Hex.4.NeuAc.1....N...rare1","Healthy","MECFS",0,0,0,0,0,NA,"NA",NA,NA,NA,5,5,NA,NA,NA,NA,"NS"
"P04196","HexNAc.4.Hex.5.Fuc.1....N...rare1","Healthy","MECFS",0,0,0,0,0,NA,"NA",NA,NA,NA,5,5,NA,NA,NA,NA,"NS"
"P04196","HexNAc.4.Hex.5.NeuAc.1.Fuc.1....N...rare1","Healthy","MECFS",0,0,0,0,0,NA,"NA",NA,NA,NA,5,5,NA,NA,NA,NA,"NS"
"P04196","HexNAc.4.Hex.5.NeuAc.2.Fuc.1....N...rare1","Healthy","MECFS",0,0,0,0,0,NA,"NA",NA,NA,NA,5,5,NA,NA,NA,NA,"NS"
"P04196","HexNAc.4.Hex.6.NeuAc.1....N...rare1","Healthy","MECFS",0,0,0,0,0,NA,"NA",NA,NA,NA,5,5,NA,NA,NA,NA,"NS"
"P04196","HexNAc.5.Hex.3....N...rare1","Healthy","MECFS",0,0,0,0,0,NA,"NA",NA,NA,NA,5,5,NA,NA,NA,NA,"NS"
"P04196","HexNAc.5.Hex.3.Fuc.1....N...rare1","Healthy","MECFS",0,0,0,0,0,NA,"NA",NA,NA,NA,5,5,NA,NA,NA,NA,"NS"
"P04196","HexNAc.5.Hex.4....N...rare1","Healthy","MECFS",0,0,0,0,0,NA,"NA",NA,NA,NA,5,5,NA,NA,NA,NA,"NS"
"P04196","HexNAc.5.Hex.4.Fuc.1....N...rare1","Healthy","MECFS",0,0,0,0,0,NA,"NA",NA,NA,NA,5,5,NA,NA,NA,NA,"NS"
"P04196","HexNAc.5.Hex.4.NeuAc.1....N...rare1","Healthy","MECFS",0,0,0,0,0,NA,"NA",NA,NA,NA,5,5,NA,NA,NA,NA,"NS"
"P04196","HexNAc.5.Hex.4.NeuAc.1.Fuc.1....N...rare1","Healthy","MECFS",0,0,0,0,0,NA,"NA",NA,NA,NA,5,5,NA,NA,NA,NA,"NS"
"P04196","HexNAc.5.Hex.5....N...rare1","Healthy","MECFS",0,0,0,0,0,NA,"NA",NA,NA,NA,5,5,NA,NA,NA,NA,"NS"
"P04196","HexNAc.5.Hex.5.Fuc.1....N...rare1","Healthy","MECFS",0,0,0,0,0,NA,"NA",NA,NA,NA,5,5,NA,NA,NA,NA,"NS"
"P04196","HexNAc.5.Hex.5.NeuAc.1....N...rare1","Healthy","MECFS",0,0,0,0,0,NA,"NA",NA,NA,NA,5,5,NA,NA,NA,NA,"NS"
"P04196","HexNAc.5.Hex.5.NeuAc.1.Fuc.1....N...rare1","Healthy","MECFS",0,0,0,0,0,NA,"NA",NA,NA,NA,5,5,NA,NA,NA,NA,"NS"
"P04196","HexNAc.5.Hex.5.NeuAc.2.Fuc.1....N...rare1","Healthy","MECFS",0,0,0,0,0,NA,"NA",NA,NA,NA,5,5,NA,NA,NA,NA,"NS"
"P04196","HexNAc.5.Hex.6.NeuAc.1....N...rare1","Healthy","MECFS",0,0,0,0,0,NA,"NA",NA,NA,NA,5,5,NA,NA,NA,NA,"NS"
"P04196","HexNAc.5.Hex.6.NeuAc.2....N...rare1","Healthy","MECFS",0,0,0,0,0,NA,"NA",NA,NA,NA,5,5,NA,NA,NA,NA,"NS"
"P04196","HexNAc.5.Hex.6.NeuAc.2.Fuc.1....N...rare1","Healthy","MECFS",0,0,0,0,0,NA,"NA",NA,NA,NA,5,5,NA,NA,NA,NA,"NS"
"P04196","HexNAc.5.Hex.6.NeuAc.3....N...rare1","Healthy","MECFS",0,0,0,0,0,NA,"NA",NA,NA,NA,5,5,NA,NA,NA,NA,"NS"
"P04196","HexNAc.6.Hex.7.NeuAc.1....N...rare1","Healthy","MECFS",0,0,0,0,0,NA,"NA",NA,NA,NA,5,5,NA,NA,NA,NA,"NS"
"P04196","HexNAc.6.Hex.7.NeuAc.2.Fuc.1....N...rare1","Healthy","MECFS",0,0,0,0,0,NA,"NA",NA,NA,NA,5,5,NA,NA,NA,NA,"NS"
"P04217","HexNAc.2.Hex.10....N...rare1","Healthy","MECFS",0,0,0,0,0,NA,"NA",NA,NA,NA,5,5,NA,NA,NA,NA,"NS"
"P04217","HexNAc.2.Hex.5....N...rare1","Healthy","MECFS",0,0,0,0,0,NA,"NA",NA,NA,NA,5,5,NA,NA,NA,NA,"NS"
"P04217","HexNAc.2.Hex.6....N...rare1","Healthy","MECFS",0,0,0,0,0,NA,"NA",NA,NA,NA,5,5,NA,NA,NA,NA,"NS"
"P04217","HexNAc.2.Hex.7....N...rare1","Healthy","MECFS",0,0,0,0,0,NA,"NA",NA,NA,NA,5,5,NA,NA,NA,NA,"NS"
"P04217","HexNAc.2.Hex.8....N...rare1","Healthy","MECFS",0,0,0,0,0,NA,"NA",NA,NA,NA,5,5,NA,NA,NA,NA,"NS"
"P04217","HexNAc.2.Hex.9....N...rare1","Healthy","MECFS",0,0,0,0,0,NA,"NA",NA,NA,NA,5,5,NA,NA,NA,NA,"NS"
"P04217","HexNAc.3.Hex.4.NeuAc.1....N...rare1","Healthy","MECFS",0,0,0,0,0,NA,"NA",NA,NA,NA,5,5,NA,NA,NA,NA,"NS"
"P04217","HexNAc.3.Hex.4.NeuAc.1.Fuc.1....N...rare1","Healthy","MECFS",0,0,0,0,0,NA,"NA",NA,NA,NA,5,5,NA,NA,NA,NA,"NS"
"P04217","HexNAc.3.Hex.5....N...rare1","Healthy","MECFS",0,0,0,0,0,NA,"NA",NA,NA,NA,5,5,NA,NA,NA,NA,"NS"
"P04217","HexNAc.3.Hex.5.NeuAc.1....N...rare1","Healthy","MECFS",0,0,0,0,0,NA,"NA",NA,NA,NA,5,5,NA,NA,NA,NA,"NS"
"P04217","HexNAc.3.Hex.6....N...rare1","Healthy","MECFS",0,0,0,0,0,NA,"NA",NA,NA,NA,5,5,NA,NA,NA,NA,"NS"
"P04217","HexNAc.3.Hex.6.NeuAc.1....N...rare1","Healthy","MECFS",0,0,0,0,0,NA,"NA",NA,NA,NA,5,5,NA,NA,NA,NA,"NS"
"P04217","HexNAc.4.Hex.3....N...rare1","Healthy","MECFS",0,0,0,0,0,NA,"NA",NA,NA,NA,5,5,NA,NA,NA,NA,"NS"
"P04217","HexNAc.4.Hex.3.Fuc.1....N...rare1","Healthy","MECFS",0,0,0,0,0,NA,"NA",NA,NA,NA,5,5,NA,NA,NA,NA,"NS"
"P04217","HexNAc.4.Hex.4....N...rare1","Healthy","MECFS",0,0,0,0,0,NA,"NA",NA,NA,NA,5,5,NA,NA,NA,NA,"NS"
"P04217","HexNAc.4.Hex.4.Fuc.1....N...rare1","Healthy","MECFS",0,0,0,0,0,NA,"NA",NA,NA,NA,5,5,NA,NA,NA,NA,"NS"
"P04217","HexNAc.4.Hex.4.NeuAc.1....N...rare1","Healthy","MECFS",0,0,0,0,0,NA,"NA",NA,NA,NA,5,5,NA,NA,NA,NA,"NS"
"P04217","HexNAc.4.Hex.5....N...rare1","Healthy","MECFS",0,0,0,0,0,NA,"NA",NA,NA,NA,5,5,NA,NA,NA,NA,"NS"
"P04217","HexNAc.4.Hex.5.Fuc.1....N...rare1","Healthy","MECFS",0,0,0,0,0,NA,"NA",NA,NA,NA,5,5,NA,NA,NA,NA,"NS"
"P04217","HexNAc.4.Hex.5.NeuAc.1.Fuc.1....N...rare1","Healthy","MECFS",0,0,0,0,0,NA,"NA",NA,NA,NA,5,5,NA,NA,NA,NA,"NS"
"P04217","HexNAc.4.Hex.6.NeuAc.1....N...rare1","Healthy","MECFS",0,0,0,0,0,NA,"NA",NA,NA,NA,5,5,NA,NA,NA,NA,"NS"
"P04217","HexNAc.5.Hex.3....N...rare1","Healthy","MECFS",0,0,0,0,0,NA,"NA",NA,NA,NA,5,5,NA,NA,NA,NA,"NS"
"P04217","HexNAc.5.Hex.3.Fuc.1....N...rare1","Healthy","MECFS",0,0,0,0,0,NA,"NA",NA,NA,NA,5,5,NA,NA,NA,NA,"NS"
"P04217","HexNAc.5.Hex.4....N...rare1","Healthy","MECFS",0,0,0,0,0,NA,"NA",NA,NA,NA,5,5,NA,NA,NA,NA,"NS"
"P04217","HexNAc.5.Hex.4.Fuc.1....N...rare1","Healthy","MECFS",0,0,0,0,0,NA,"NA",NA,NA,NA,5,5,NA,NA,NA,NA,"NS"
"P04217","HexNAc.5.Hex.4.NeuAc.1....N...rare1","Healthy","MECFS",0,0,0,0,0,NA,"NA",NA,NA,NA,5,5,NA,NA,NA,NA,"NS"
"P04217","HexNAc.5.Hex.4.NeuAc.1.Fuc.1....N...rare1","Healthy","MECFS",0,0,0,0,0,NA,"NA",NA,NA,NA,5,5,NA,NA,NA,NA,"NS"
"P04217","HexNAc.5.Hex.5....N...rare1","Healthy","MECFS",0,0,0,0,0,NA,"NA",NA,NA,NA,5,5,NA,NA,NA,NA,"NS"
"P04217","HexNAc.5.Hex.5.Fuc.1....N...rare1","Healthy","MECFS",0,0,0,0,0,NA,"NA",NA,NA,NA,5,5,NA,NA,NA,NA,"NS"
"P04217","HexNAc.5.Hex.5.NeuAc.1....N...rare1","Healthy","MECFS",0,0,0,0,0,NA,"NA",NA,NA,NA,5,5,NA,NA,NA,NA,"NS"
"P04217","HexNAc.5.Hex.5.NeuAc.1.Fuc.1....N...rare1","Healthy","MECFS",0,0,0,0,0,NA,"NA",NA,NA,NA,5,5,NA,NA,NA,NA,"NS"
"P04217","HexNAc.5.Hex.5.NeuAc.2.Fuc.1....N...rare1","Healthy","MECFS",0,0,0,0,0,NA,"NA",NA,NA,NA,5,5,NA,NA,NA,NA,"NS"
"P04217","HexNAc.5.Hex.6.NeuAc.1....N...rare1","Healthy","MECFS",0,0,0,0,0,NA,"NA",NA,NA,NA,5,5,NA,NA,NA,NA,"NS"
"P04217","HexNAc.5.Hex.6.NeuAc.2....N...rare1","Healthy","MECFS",0,0,0,0,0,NA,"NA",NA,NA,NA,5,5,NA,NA,NA,NA,"NS"
"P04217","HexNAc.5.Hex.6.NeuAc.2.Fuc.1....N...rare1","Healthy","MECFS",0,0,0,0,0,NA,"NA",NA,NA,NA,5,5,NA,NA,NA,NA,"NS"
"P04217","HexNAc.6.Hex.7.NeuAc.1....N...rare1","Healthy","MECFS",0,0,0,0,0,NA,"NA",NA,NA,NA,5,5,NA,NA,NA,NA,"NS"
"P04217","HexNAc.6.Hex.7.NeuAc.2.Fuc.1....N...rare1","Healthy","MECFS",0,0,0,0,0,NA,"NA",NA,NA,NA,5,5,NA,NA,NA,NA,"NS"
"P04278","HexNAc.2.Hex.10....N...rare1","Healthy","MECFS",0,0,0,0,0,NA,"NA",NA,NA,NA,5,5,NA,NA,NA,NA,"NS"
"P04278","HexNAc.2.Hex.5....N...rare1","Healthy","MECFS",0,0,0,0,0,NA,"NA",NA,NA,NA,5,5,NA,NA,NA,NA,"NS"
"P04278","HexNAc.2.Hex.6....N...rare1","Healthy","MECFS",0,0,0,0,0,NA,"NA",NA,NA,NA,5,5,NA,NA,NA,NA,"NS"
"P04278","HexNAc.2.Hex.7....N...rare1","Healthy","MECFS",0,0,0,0,0,NA,"NA",NA,NA,NA,5,5,NA,NA,NA,NA,"NS"
"P04278","HexNAc.2.Hex.8....N...rare1","Healthy","MECFS",0,0,0,0,0,NA,"NA",NA,NA,NA,5,5,NA,NA,NA,NA,"NS"
"P04278","HexNAc.2.Hex.9....N...rare1","Healthy","MECFS",0,0,0,0,0,NA,"NA",NA,NA,NA,5,5,NA,NA,NA,NA,"NS"
"P04278","HexNAc.3.Hex.4.NeuAc.1....N...rare1","Healthy","MECFS",0,0,0,0,0,NA,"NA",NA,NA,NA,5,5,NA,NA,NA,NA,"NS"
"P04278","HexNAc.3.Hex.4.NeuAc.1.Fuc.1....N...rare1","Healthy","MECFS",0,0,0,0,0,NA,"NA",NA,NA,NA,5,5,NA,NA,NA,NA,"NS"
"P04278","HexNAc.3.Hex.5....N...rare1","Healthy","MECFS",0,0,0,0,0,NA,"NA",NA,NA,NA,5,5,NA,NA,NA,NA,"NS"
"P04278","HexNAc.3.Hex.5.NeuAc.1....N...rare1","Healthy","MECFS",0,0,0,0,0,NA,"NA",NA,NA,NA,5,5,NA,NA,NA,NA,"NS"
"P04278","HexNAc.3.Hex.6....N...rare1","Healthy","MECFS",0,0,0,0,0,NA,"NA",NA,NA,NA,5,5,NA,NA,NA,NA,"NS"
"P04278","HexNAc.3.Hex.6.NeuAc.1....N...rare1","Healthy","MECFS",0,0,0,0,0,NA,"NA",NA,NA,NA,5,5,NA,NA,NA,NA,"NS"
"P04278","HexNAc.4.Hex.3....N...rare1","Healthy","MECFS",0,0,0,0,0,NA,"NA",NA,NA,NA,5,5,NA,NA,NA,NA,"NS"
"P04278","HexNAc.4.Hex.3.Fuc.1....N...rare1","Healthy","MECFS",0,0,0,0,0,NA,"NA",NA,NA,NA,5,5,NA,NA,NA,NA,"NS"
"P04278","HexNAc.4.Hex.4....N...rare1","Healthy","MECFS",0,0,0,0,0,NA,"NA",NA,NA,NA,5,5,NA,NA,NA,NA,"NS"
"P04278","HexNAc.4.Hex.4.Fuc.1....N...rare1","Healthy","MECFS",0,0,0,0,0,NA,"NA",NA,NA,NA,5,5,NA,NA,NA,NA,"NS"
"P04278","HexNAc.4.Hex.4.NeuAc.1....N...rare1","Healthy","MECFS",0,0,0,0,0,NA,"NA",NA,NA,NA,5,5,NA,NA,NA,NA,"NS"
"P04278","HexNAc.4.Hex.5....N...rare1","Healthy","MECFS",0,0,0,0,0,NA,"NA",NA,NA,NA,5,5,NA,NA,NA,NA,"NS"
"P04278","HexNAc.4.Hex.5.Fuc.1....N...rare1","Healthy","MECFS",0,0,0,0,0,NA,"NA",NA,NA,NA,5,5,NA,NA,NA,NA,"NS"
"P04278","HexNAc.4.Hex.5.NeuAc.1....N...rare1","Healthy","MECFS",0,0,0,0,0,NA,"NA",NA,NA,NA,5,5,NA,NA,NA,NA,"NS"
"P04278","HexNAc.4.Hex.5.NeuAc.1.Fuc.1....N...rare1","Healthy","MECFS",0,0,0,0,0,NA,"NA",NA,NA,NA,5,5,NA,NA,NA,NA,"NS"
"P04278","HexNAc.4.Hex.6.NeuAc.1....N...rare1","Healthy","MECFS",0,0,0,0,0,NA,"NA",NA,NA,NA,5,5,NA,NA,NA,NA,"NS"
"P04278","HexNAc.5.Hex.3....N...rare1","Healthy","MECFS",0,0,0,0,0,NA,"NA",NA,NA,NA,5,5,NA,NA,NA,NA,"NS"
"P04278","HexNAc.5.Hex.3.Fuc.1....N...rare1","Healthy","MECFS",0,0,0,0,0,NA,"NA",NA,NA,NA,5,5,NA,NA,NA,NA,"NS"
"P04278","HexNAc.5.Hex.4....N...rare1","Healthy","MECFS",0,0,0,0,0,NA,"NA",NA,NA,NA,5,5,NA,NA,NA,NA,"NS"
"P04278","HexNAc.5.Hex.4.Fuc.1....N...rare1","Healthy","MECFS",0,0,0,0,0,NA,"NA",NA,NA,NA,5,5,NA,NA,NA,NA,"NS"
"P04278","HexNAc.5.Hex.4.NeuAc.1....N...rare1","Healthy","MECFS",0,0,0,0,0,NA,"NA",NA,NA,NA,5,5,NA,NA,NA,NA,"NS"
"P04278","HexNAc.5.Hex.4.NeuAc.1.Fuc.1....N...rare1","Healthy","MECFS",0,0,0,0,0,NA,"NA",NA,NA,NA,5,5,NA,NA,NA,NA,"NS"
"P04278","HexNAc.5.Hex.5....N...rare1","Healthy","MECFS",0,0,0,0,0,NA,"NA",NA,NA,NA,5,5,NA,NA,NA,NA,"NS"
"P04278","HexNAc.5.Hex.5.Fuc.1....N...rare1","Healthy","MECFS",0,0,0,0,0,NA,"NA",NA,NA,NA,5,5,NA,NA,NA,NA,"NS"
"P04278","HexNAc.5.Hex.5.NeuAc.1....N...rare1","Healthy","MECFS",0,0,0,0,0,NA,"NA",NA,NA,NA,5,5,NA,NA,NA,NA,"NS"
"P04278","HexNAc.5.Hex.5.NeuAc.1.Fuc.1....N...rare1","Healthy","MECFS",0,0,0,0,0,NA,"NA",NA,NA,NA,5,5,NA,NA,NA,NA,"NS"
"P04278","HexNAc.5.Hex.5.NeuAc.2.Fuc.1....N...rare1","Healthy","MECFS",0,0,0,0,0,NA,"NA",NA,NA,NA,5,5,NA,NA,NA,NA,"NS"
"P04278","HexNAc.5.Hex.6.NeuAc.1....N...rare1","Healthy","MECFS",0,0,0,0,0,NA,"NA",NA,NA,NA,5,5,NA,NA,NA,NA,"NS"
"P04278","HexNAc.5.Hex.6.NeuAc.2....N...rare1","Healthy","MECFS",0,0,0,0,0,NA,"NA",NA,NA,NA,5,5,NA,NA,NA,NA,"NS"
"P04278","HexNAc.5.Hex.6.NeuAc.2.Fuc.1....N...rare1","Healthy","MECFS",0,0,0,0,0,NA,"NA",NA,NA,NA,5,5,NA,NA,NA,NA,"NS"
"P04278","HexNAc.5.Hex.6.NeuAc.3....N...rare1","Healthy","MECFS",0,0,0,0,0,NA,"NA",NA,NA,NA,5,5,NA,NA,NA,NA,"NS"
"P04278","HexNAc.6.Hex.7.NeuAc.1....N...rare1","Healthy","MECFS",0,0,0,0,0,NA,"NA",NA,NA,NA,5,5,NA,NA,NA,NA,"NS"
"P04278","HexNAc.6.Hex.7.NeuAc.2.Fuc.1....N...rare1","Healthy","MECFS",0,0,0,0,0,NA,"NA",NA,NA,NA,5,5,NA,NA,NA,NA,"NS"
"P05090","HexNAc.2.Hex.10....N...rare1","Healthy","MECFS",0,0,0,0,0,NA,"NA",NA,NA,NA,5,5,NA,NA,NA,NA,"NS"
"P05090","HexNAc.2.Hex.5....N...rare1","Healthy","MECFS",0,0,0,0,0,NA,"NA",NA,NA,NA,5,5,NA,NA,NA,NA,"NS"
"P05090","HexNAc.2.Hex.6....N...rare1","Healthy","MECFS",0,0,0,0,0,NA,"NA",NA,NA,NA,5,5,NA,NA,NA,NA,"NS"
"P05090","HexNAc.2.Hex.7....N...rare1","Healthy","MECFS",0,0,0,0,0,NA,"NA",NA,NA,NA,5,5,NA,NA,NA,NA,"NS"
"P05090","HexNAc.2.Hex.8....N...rare1","Healthy","MECFS",0,0,0,0,0,NA,"NA",NA,NA,NA,5,5,NA,NA,NA,NA,"NS"
"P05090","HexNAc.2.Hex.9....N...rare1","Healthy","MECFS",0,0,0,0,0,NA,"NA",NA,NA,NA,5,5,NA,NA,NA,NA,"NS"
"P05090","HexNAc.3.Hex.4.NeuAc.1.Fuc.1....N...rare1","Healthy","MECFS",0,0,0,0,0,NA,"NA",NA,NA,NA,5,5,NA,NA,NA,NA,"NS"
"P05090","HexNAc.3.Hex.5....N...rare1","Healthy","MECFS",0,0,0,0,0,NA,"NA",NA,NA,NA,5,5,NA,NA,NA,NA,"NS"
"P05090","HexNAc.3.Hex.5.NeuAc.1....N...rare1","Healthy","MECFS",0,0,0,0,0,NA,"NA",NA,NA,NA,5,5,NA,NA,NA,NA,"NS"
"P05090","HexNAc.3.Hex.6....N...rare1","Healthy","MECFS",0,0,0,0,0,NA,"NA",NA,NA,NA,5,5,NA,NA,NA,NA,"NS"
"P05090","HexNAc.3.Hex.6.NeuAc.1....N...rare1","Healthy","MECFS",0,0,0,0,0,NA,"NA",NA,NA,NA,5,5,NA,NA,NA,NA,"NS"
"P05090","HexNAc.4.Hex.3....N...rare1","Healthy","MECFS",0,0,0,0,0,NA,"NA",NA,NA,NA,5,5,NA,NA,NA,NA,"NS"
"P05090","HexNAc.4.Hex.3.Fuc.1....N...rare1","Healthy","MECFS",0,0,0,0,0,NA,"NA",NA,NA,NA,5,5,NA,NA,NA,NA,"NS"
"P05090","HexNAc.4.Hex.4....N...rare1","Healthy","MECFS",0,0,0,0,0,NA,"NA",NA,NA,NA,5,5,NA,NA,NA,NA,"NS"
"P05090","HexNAc.4.Hex.4.Fuc.1....N...rare1","Healthy","MECFS",0,0,0,0,0,NA,"NA",NA,NA,NA,5,5,NA,NA,NA,NA,"NS"
"P05090","HexNAc.4.Hex.4.NeuAc.1....N...rare1","Healthy","MECFS",0,0,0,0,0,NA,"NA",NA,NA,NA,5,5,NA,NA,NA,NA,"NS"
"P05090","HexNAc.4.Hex.6.NeuAc.1....N...rare1","Healthy","MECFS",0,0,0,0,0,NA,"NA",NA,NA,NA,5,5,NA,NA,NA,NA,"NS"
"P05090","HexNAc.5.Hex.3....N...rare1","Healthy","MECFS",0,0,0,0,0,NA,"NA",NA,NA,NA,5,5,NA,NA,NA,NA,"NS"
"P05090","HexNAc.5.Hex.3.Fuc.1....N...rare1","Healthy","MECFS",0,0,0,0,0,NA,"NA",NA,NA,NA,5,5,NA,NA,NA,NA,"NS"
"P05090","HexNAc.5.Hex.4....N...rare1","Healthy","MECFS",0,0,0,0,0,NA,"NA",NA,NA,NA,5,5,NA,NA,NA,NA,"NS"
"P05090","HexNAc.5.Hex.4.Fuc.1....N...rare1","Healthy","MECFS",0,0,0,0,0,NA,"NA",NA,NA,NA,5,5,NA,NA,NA,NA,"NS"
"P05090","HexNAc.5.Hex.4.NeuAc.1....N...rare1","Healthy","MECFS",0,0,0,0,0,NA,"NA",NA,NA,NA,5,5,NA,NA,NA,NA,"NS"
"P05090","HexNAc.5.Hex.4.NeuAc.1.Fuc.1....N...rare1","Healthy","MECFS",0,0,0,0,0,NA,"NA",NA,NA,NA,5,5,NA,NA,NA,NA,"NS"
"P05090","HexNAc.5.Hex.5....N...rare1","Healthy","MECFS",0,0,0,0,0,NA,"NA",NA,NA,NA,5,5,NA,NA,NA,NA,"NS"
"P05090","HexNAc.5.Hex.5.Fuc.1....N...rare1","Healthy","MECFS",0,0,0,0,0,NA,"NA",NA,NA,NA,5,5,NA,NA,NA,NA,"NS"
"P05090","HexNAc.5.Hex.5.NeuAc.1....N...rare1","Healthy","MECFS",0,0,0,0,0,NA,"NA",NA,NA,NA,5,5,NA,NA,NA,NA,"NS"
"P05090","HexNAc.5.Hex.5.NeuAc.1.Fuc.1....N...rare1","Healthy","MECFS",0,0,0,0,0,NA,"NA",NA,NA,NA,5,5,NA,NA,NA,NA,"NS"
"P05090","HexNAc.5.Hex.5.NeuAc.2.Fuc.1....N...rare1","Healthy","MECFS",0,0,0,0,0,NA,"NA",NA,NA,NA,5,5,NA,NA,NA,NA,"NS"
"P05155","HexNAc.2.Hex.10....N...rare1","Healthy","MECFS",0,0,0,0,0,NA,"NA",NA,NA,NA,5,5,NA,NA,NA,NA,"NS"
"P05155","HexNAc.2.Hex.5....N...rare1","Healthy","MECFS",0,0,0,0,0,NA,"NA",NA,NA,NA,5,5,NA,NA,NA,NA,"NS"
"P05155","HexNAc.2.Hex.6....N...rare1","Healthy","MECFS",0,0,0,0,0,NA,"NA",NA,NA,NA,5,5,NA,NA,NA,NA,"NS"
"P05155","HexNAc.2.Hex.7....N...rare1","Healthy","MECFS",0,0,0,0,0,NA,"NA",NA,NA,NA,5,5,NA,NA,NA,NA,"NS"
"P05155","HexNAc.2.Hex.8....N...rare1","Healthy","MECFS",0,0,0,0,0,NA,"NA",NA,NA,NA,5,5,NA,NA,NA,NA,"NS"
"P05155","HexNAc.2.Hex.9....N...rare1","Healthy","MECFS",0,0,0,0,0,NA,"NA",NA,NA,NA,5,5,NA,NA,NA,NA,"NS"
"P05155","HexNAc.3.Hex.4.NeuAc.1.Fuc.1....N...rare1","Healthy","MECFS",0,0,0,0,0,NA,"NA",NA,NA,NA,5,5,NA,NA,NA,NA,"NS"
"P05155","HexNAc.3.Hex.5....N...rare1","Healthy","MECFS",0,0,0,0,0,NA,"NA",NA,NA,NA,5,5,NA,NA,NA,NA,"NS"
"P05155","HexNAc.3.Hex.5.NeuAc.1....N...rare1","Healthy","MECFS",0,0,0,0,0,NA,"NA",NA,NA,NA,5,5,NA,NA,NA,NA,"NS"
"P05155","HexNAc.3.Hex.6....N...rare1","Healthy","MECFS",0,0,0,0,0,NA,"NA",NA,NA,NA,5,5,NA,NA,NA,NA,"NS"
"P05155","HexNAc.3.Hex.6.NeuAc.1....N...rare1","Healthy","MECFS",0,0,0,0,0,NA,"NA",NA,NA,NA,5,5,NA,NA,NA,NA,"NS"
"P05155","HexNAc.4.Hex.3....N...rare1","Healthy","MECFS",0,0,0,0,0,NA,"NA",NA,NA,NA,5,5,NA,NA,NA,NA,"NS"
"P05155","HexNAc.4.Hex.3.Fuc.1....N...rare1","Healthy","MECFS",0,0,0,0,0,NA,"NA",NA,NA,NA,5,5,NA,NA,NA,NA,"NS"
"P05155","HexNAc.4.Hex.4....N...rare1","Healthy","MECFS",0,0,0,0,0,NA,"NA",NA,NA,NA,5,5,NA,NA,NA,NA,"NS"
"P05155","HexNAc.4.Hex.4.Fuc.1....N...rare1","Healthy","MECFS",0,0,0,0,0,NA,"NA",NA,NA,NA,5,5,NA,NA,NA,NA,"NS"
"P05155","HexNAc.4.Hex.4.NeuAc.1....N...rare1","Healthy","MECFS",0,0,0,0,0,NA,"NA",NA,NA,NA,5,5,NA,NA,NA,NA,"NS"
"P05155","HexNAc.4.Hex.5....N...rare1","Healthy","MECFS",0,0,0,0,0,NA,"NA",NA,NA,NA,5,5,NA,NA,NA,NA,"NS"
"P05155","HexNAc.4.Hex.5.Fuc.1....N...rare1","Healthy","MECFS",0,0,0,0,0,NA,"NA",NA,NA,NA,5,5,NA,NA,NA,NA,"NS"
"P05155","HexNAc.4.Hex.6.NeuAc.1....N...rare1","Healthy","MECFS",0,0,0,0,0,NA,"NA",NA,NA,NA,5,5,NA,NA,NA,NA,"NS"
"P05155","HexNAc.5.Hex.3....N...rare1","Healthy","MECFS",0,0,0,0,0,NA,"NA",NA,NA,NA,5,5,NA,NA,NA,NA,"NS"
"P05155","HexNAc.5.Hex.3.Fuc.1....N...rare1","Healthy","MECFS",0,0,0,0,0,NA,"NA",NA,NA,NA,5,5,NA,NA,NA,NA,"NS"
"P05155","HexNAc.5.Hex.4....N...rare1","Healthy","MECFS",0,0,0,0,0,NA,"NA",NA,NA,NA,5,5,NA,NA,NA,NA,"NS"
"P05155","HexNAc.5.Hex.4.Fuc.1....N...rare1","Healthy","MECFS",0,0,0,0,0,NA,"NA",NA,NA,NA,5,5,NA,NA,NA,NA,"NS"
"P05155","HexNAc.5.Hex.4.NeuAc.1....N...rare1","Healthy","MECFS",0,0,0,0,0,NA,"NA",NA,NA,NA,5,5,NA,NA,NA,NA,"NS"
"P05155","HexNAc.5.Hex.4.NeuAc.1.Fuc.1....N...rare1","Healthy","MECFS",0,0,0,0,0,NA,"NA",NA,NA,NA,5,5,NA,NA,NA,NA,"NS"
"P05155","HexNAc.5.Hex.5....N...rare1","Healthy","MECFS",0,0,0,0,0,NA,"NA",NA,NA,NA,5,5,NA,NA,NA,NA,"NS"
"P05155","HexNAc.5.Hex.5.Fuc.1....N...rare1","Healthy","MECFS",0,0,0,0,0,NA,"NA",NA,NA,NA,5,5,NA,NA,NA,NA,"NS"
"P05155","HexNAc.5.Hex.5.NeuAc.1....N...rare1","Healthy","MECFS",0,0,0,0,0,NA,"NA",NA,NA,NA,5,5,NA,NA,NA,NA,"NS"
"P05155","HexNAc.5.Hex.5.NeuAc.1.Fuc.1....N...rare1","Healthy","MECFS",0,0,0,0,0,NA,"NA",NA,NA,NA,5,5,NA,NA,NA,NA,"NS"
"P05155","HexNAc.5.Hex.5.NeuAc.2.Fuc.1....N...rare1","Healthy","MECFS",0,0,0,0,0,NA,"NA",NA,NA,NA,5,5,NA,NA,NA,NA,"NS"
"P05155","HexNAc.5.Hex.6.NeuAc.1....N...rare1","Healthy","MECFS",0,0,0,0,0,NA,"NA",NA,NA,NA,5,5,NA,NA,NA,NA,"NS"
"P05155","HexNAc.5.Hex.6.NeuAc.2....N...rare1","Healthy","MECFS",0,0,0,0,0,NA,"NA",NA,NA,NA,5,5,NA,NA,NA,NA,"NS"
"P05155","HexNAc.5.Hex.6.NeuAc.2.Fuc.1....N...rare1","Healthy","MECFS",0,0,0,0,0,NA,"NA",NA,NA,NA,5,5,NA,NA,NA,NA,"NS"
"P05155","HexNAc.5.Hex.6.NeuAc.3....N...rare1","Healthy","MECFS",0,0,0,0,0,NA,"NA",NA,NA,NA,5,5,NA,NA,NA,NA,"NS"
"P05155","HexNAc.6.Hex.7.NeuAc.1....N...rare1","Healthy","MECFS",0,0,0,0,0,NA,"NA",NA,NA,NA,5,5,NA,NA,NA,NA,"NS"
"P05155","HexNAc.6.Hex.7.NeuAc.2.Fuc.1....N...rare1","Healthy","MECFS",0,0,0,0,0,NA,"NA",NA,NA,NA,5,5,NA,NA,NA,NA,"NS"
"P05156","HexNAc.2.Hex.10....N...rare1","Healthy","MECFS",0,0,0,0,0,NA,"NA",NA,NA,NA,5,5,NA,NA,NA,NA,"NS"
"P05156","HexNAc.2.Hex.5....N...rare1","Healthy","MECFS",0,0,0,0,0,NA,"NA",NA,NA,NA,5,5,NA,NA,NA,NA,"NS"
"P05156","HexNAc.2.Hex.6....N...rare1","Healthy","MECFS",0,0,0,0,0,NA,"NA",NA,NA,NA,5,5,NA,NA,NA,NA,"NS"
"P05156","HexNAc.2.Hex.7....N...rare1","Healthy","MECFS",0,0,0,0,0,NA,"NA",NA,NA,NA,5,5,NA,NA,NA,NA,"NS"
"P05156","HexNAc.2.Hex.8....N...rare1","Healthy","MECFS",0,0,0,0,0,NA,"NA",NA,NA,NA,5,5,NA,NA,NA,NA,"NS"
"P05156","HexNAc.2.Hex.9....N...rare1","Healthy","MECFS",0,0,0,0,0,NA,"NA",NA,NA,NA,5,5,NA,NA,NA,NA,"NS"
"P05156","HexNAc.3.Hex.4.NeuAc.1....N...rare1","Healthy","MECFS",0,0,0,0,0,NA,"NA",NA,NA,NA,5,5,NA,NA,NA,NA,"NS"
"P05156","HexNAc.3.Hex.4.NeuAc.1.Fuc.1....N...rare1","Healthy","MECFS",0,0,0,0,0,NA,"NA",NA,NA,NA,5,5,NA,NA,NA,NA,"NS"
"P05156","HexNAc.3.Hex.5....N...rare1","Healthy","MECFS",0,0,0,0,0,NA,"NA",NA,NA,NA,5,5,NA,NA,NA,NA,"NS"
"P05156","HexNAc.3.Hex.5.NeuAc.1....N...rare1","Healthy","MECFS",0,0,0,0,0,NA,"NA",NA,NA,NA,5,5,NA,NA,NA,NA,"NS"
"P05156","HexNAc.3.Hex.6....N...rare1","Healthy","MECFS",0,0,0,0,0,NA,"NA",NA,NA,NA,5,5,NA,NA,NA,NA,"NS"
"P05156","HexNAc.3.Hex.6.NeuAc.1....N...rare1","Healthy","MECFS",0,0,0,0,0,NA,"NA",NA,NA,NA,5,5,NA,NA,NA,NA,"NS"
"P05156","HexNAc.4.Hex.3....N...rare1","Healthy","MECFS",0,0,0,0,0,NA,"NA",NA,NA,NA,5,5,NA,NA,NA,NA,"NS"
"P05156","HexNAc.4.Hex.3.Fuc.1....N...rare1","Healthy","MECFS",0,0,0,0,0,NA,"NA",NA,NA,NA,5,5,NA,NA,NA,NA,"NS"
"P05156","HexNAc.4.Hex.4....N...rare1","Healthy","MECFS",0,0,0,0,0,NA,"NA",NA,NA,NA,5,5,NA,NA,NA,NA,"NS"
"P05156","HexNAc.4.Hex.4.Fuc.1....N...rare1","Healthy","MECFS",0,0,0,0,0,NA,"NA",NA,NA,NA,5,5,NA,NA,NA,NA,"NS"
"P05156","HexNAc.4.Hex.4.NeuAc.1....N...rare1","Healthy","MECFS",0,0,0,0,0,NA,"NA",NA,NA,NA,5,5,NA,NA,NA,NA,"NS"
"P05156","HexNAc.4.Hex.5....N...rare1","Healthy","MECFS",0,0,0,0,0,NA,"NA",NA,NA,NA,5,5,NA,NA,NA,NA,"NS"
"P05156","HexNAc.4.Hex.5.Fuc.1....N...rare1","Healthy","MECFS",0,0,0,0,0,NA,"NA",NA,NA,NA,5,5,NA,NA,NA,NA,"NS"
"P05156","HexNAc.4.Hex.5.NeuAc.1.Fuc.1....N...rare1","Healthy","MECFS",0,0,0,0,0,NA,"NA",NA,NA,NA,5,5,NA,NA,NA,NA,"NS"
"P05156","HexNAc.4.Hex.6.NeuAc.1....N...rare1","Healthy","MECFS",0,0,0,0,0,NA,"NA",NA,NA,NA,5,5,NA,NA,NA,NA,"NS"
"P05156","HexNAc.5.Hex.3....N...rare1","Healthy","MECFS",0,0,0,0,0,NA,"NA",NA,NA,NA,5,5,NA,NA,NA,NA,"NS"
"P05156","HexNAc.5.Hex.3.Fuc.1....N...rare1","Healthy","MECFS",0,0,0,0,0,NA,"NA",NA,NA,NA,5,5,NA,NA,NA,NA,"NS"
"P05156","HexNAc.5.Hex.4....N...rare1","Healthy","MECFS",0,0,0,0,0,NA,"NA",NA,NA,NA,5,5,NA,NA,NA,NA,"NS"
"P05156","HexNAc.5.Hex.4.Fuc.1....N...rare1","Healthy","MECFS",0,0,0,0,0,NA,"NA",NA,NA,NA,5,5,NA,NA,NA,NA,"NS"
"P05156","HexNAc.5.Hex.4.NeuAc.1....N...rare1","Healthy","MECFS",0,0,0,0,0,NA,"NA",NA,NA,NA,5,5,NA,NA,NA,NA,"NS"
"P05156","HexNAc.5.Hex.4.NeuAc.1.Fuc.1....N...rare1","Healthy","MECFS",0,0,0,0,0,NA,"NA",NA,NA,NA,5,5,NA,NA,NA,NA,"NS"
"P05156","HexNAc.5.Hex.5....N...rare1","Healthy","MECFS",0,0,0,0,0,NA,"NA",NA,NA,NA,5,5,NA,NA,NA,NA,"NS"
"P05156","HexNAc.5.Hex.5.Fuc.1....N...rare1","Healthy","MECFS",0,0,0,0,0,NA,"NA",NA,NA,NA,5,5,NA,NA,NA,NA,"NS"
"P05156","HexNAc.5.Hex.5.NeuAc.1....N...rare1","Healthy","MECFS",0,0,0,0,0,NA,"NA",NA,NA,NA,5,5,NA,NA,NA,NA,"NS"
"P05156","HexNAc.5.Hex.5.NeuAc.1.Fuc.1....N...rare1","Healthy","MECFS",0,0,0,0,0,NA,"NA",NA,NA,NA,5,5,NA,NA,NA,NA,"NS"
"P05156","HexNAc.5.Hex.5.NeuAc.2.Fuc.1....N...rare1","Healthy","MECFS",0,0,0,0,0,NA,"NA",NA,NA,NA,5,5,NA,NA,NA,NA,"NS"
"P05156","HexNAc.5.Hex.6.NeuAc.1....N...rare1","Healthy","MECFS",0,0,0,0,0,NA,"NA",NA,NA,NA,5,5,NA,NA,NA,NA,"NS"
"P05156","HexNAc.5.Hex.6.NeuAc.2....N...rare1","Healthy","MECFS",0,0,0,0,0,NA,"NA",NA,NA,NA,5,5,NA,NA,NA,NA,"NS"
"P05156","HexNAc.5.Hex.6.NeuAc.2.Fuc.1....N...rare1","Healthy","MECFS",0,0,0,0,0,NA,"NA",NA,NA,NA,5,5,NA,NA,NA,NA,"NS"
"P05156","HexNAc.5.Hex.6.NeuAc.3....N...rare1","Healthy","MECFS",0,0,0,0,0,NA,"NA",NA,NA,NA,5,5,NA,NA,NA,NA,"NS"
"P05156","HexNAc.6.Hex.7.NeuAc.1....N...rare1","Healthy","MECFS",0,0,0,0,0,NA,"NA",NA,NA,NA,5,5,NA,NA,NA,NA,"NS"
"P05156","HexNAc.6.Hex.7.NeuAc.2.Fuc.1....N...rare1","Healthy","MECFS",0,0,0,0,0,NA,"NA",NA,NA,NA,5,5,NA,NA,NA,NA,"NS"
"P05160","HexNAc.2.Hex.10....N...rare1","Healthy","MECFS",0,0,0,0,0,NA,"NA",NA,NA,NA,5,5,NA,NA,NA,NA,"NS"
"P05160","HexNAc.2.Hex.5....N...rare1","Healthy","MECFS",0,0,0,0,0,NA,"NA",NA,NA,NA,5,5,NA,NA,NA,NA,"NS"
"P05160","HexNAc.2.Hex.6....N...rare1","Healthy","MECFS",0,0,0,0,0,NA,"NA",NA,NA,NA,5,5,NA,NA,NA,NA,"NS"
"P05160","HexNAc.2.Hex.7....N...rare1","Healthy","MECFS",0,0,0,0,0,NA,"NA",NA,NA,NA,5,5,NA,NA,NA,NA,"NS"
"P05160","HexNAc.2.Hex.8....N...rare1","Healthy","MECFS",0,0,0,0,0,NA,"NA",NA,NA,NA,5,5,NA,NA,NA,NA,"NS"
"P05160","HexNAc.2.Hex.9....N...rare1","Healthy","MECFS",0,0,0,0,0,NA,"NA",NA,NA,NA,5,5,NA,NA,NA,NA,"NS"
"P05160","HexNAc.3.Hex.4.NeuAc.1....N...rare1","Healthy","MECFS",0,0,0,0,0,NA,"NA",NA,NA,NA,5,5,NA,NA,NA,NA,"NS"
"P05160","HexNAc.3.Hex.4.NeuAc.1.Fuc.1....N...rare1","Healthy","MECFS",0,0,0,0,0,NA,"NA",NA,NA,NA,5,5,NA,NA,NA,NA,"NS"
"P05160","HexNAc.3.Hex.5....N...rare1","Healthy","MECFS",0,0,0,0,0,NA,"NA",NA,NA,NA,5,5,NA,NA,NA,NA,"NS"
"P05160","HexNAc.3.Hex.5.NeuAc.1....N...rare1","Healthy","MECFS",0,0,0,0,0,NA,"NA",NA,NA,NA,5,5,NA,NA,NA,NA,"NS"
"P05160","HexNAc.3.Hex.6....N...rare1","Healthy","MECFS",0,0,0,0,0,NA,"NA",NA,NA,NA,5,5,NA,NA,NA,NA,"NS"
"P05160","HexNAc.3.Hex.6.NeuAc.1....N...rare1","Healthy","MECFS",0,0,0,0,0,NA,"NA",NA,NA,NA,5,5,NA,NA,NA,NA,"NS"
"P05160","HexNAc.4.Hex.3....N...rare1","Healthy","MECFS",0,0,0,0,0,NA,"NA",NA,NA,NA,5,5,NA,NA,NA,NA,"NS"
"P05160","HexNAc.4.Hex.3.Fuc.1....N...rare1","Healthy","MECFS",0,0,0,0,0,NA,"NA",NA,NA,NA,5,5,NA,NA,NA,NA,"NS"
"P05160","HexNAc.4.Hex.4....N...rare1","Healthy","MECFS",0,0,0,0,0,NA,"NA",NA,NA,NA,5,5,NA,NA,NA,NA,"NS"
"P05160","HexNAc.4.Hex.4.Fuc.1....N...rare1","Healthy","MECFS",0,0,0,0,0,NA,"NA",NA,NA,NA,5,5,NA,NA,NA,NA,"NS"
"P05160","HexNAc.4.Hex.4.NeuAc.1....N...rare1","Healthy","MECFS",0,0,0,0,0,NA,"NA",NA,NA,NA,5,5,NA,NA,NA,NA,"NS"
"P05160","HexNAc.4.Hex.5....N...rare1","Healthy","MECFS",0,0,0,0,0,NA,"NA",NA,NA,NA,5,5,NA,NA,NA,NA,"NS"
"P05160","HexNAc.4.Hex.5.Fuc.1....N...rare1","Healthy","MECFS",0,0,0,0,0,NA,"NA",NA,NA,NA,5,5,NA,NA,NA,NA,"NS"
"P05160","HexNAc.4.Hex.5.NeuAc.1.Fuc.1....N...rare1","Healthy","MECFS",0,0,0,0,0,NA,"NA",NA,NA,NA,5,5,NA,NA,NA,NA,"NS"
"P05160","HexNAc.4.Hex.5.NeuAc.2.Fuc.1....N...rare1","Healthy","MECFS",0,0,0,0,0,NA,"NA",NA,NA,NA,5,5,NA,NA,NA,NA,"NS"
"P05160","HexNAc.4.Hex.6.NeuAc.1....N...rare1","Healthy","MECFS",0,0,0,0,0,NA,"NA",NA,NA,NA,5,5,NA,NA,NA,NA,"NS"
"P05160","HexNAc.5.Hex.3....N...rare1","Healthy","MECFS",0,0,0,0,0,NA,"NA",NA,NA,NA,5,5,NA,NA,NA,NA,"NS"
"P05160","HexNAc.5.Hex.3.Fuc.1....N...rare1","Healthy","MECFS",0,0,0,0,0,NA,"NA",NA,NA,NA,5,5,NA,NA,NA,NA,"NS"
"P05160","HexNAc.5.Hex.4....N...rare1","Healthy","MECFS",0,0,0,0,0,NA,"NA",NA,NA,NA,5,5,NA,NA,NA,NA,"NS"
"P05160","HexNAc.5.Hex.4.Fuc.1....N...rare1","Healthy","MECFS",0,0,0,0,0,NA,"NA",NA,NA,NA,5,5,NA,NA,NA,NA,"NS"
"P05160","HexNAc.5.Hex.4.NeuAc.1....N...rare1","Healthy","MECFS",0,0,0,0,0,NA,"NA",NA,NA,NA,5,5,NA,NA,NA,NA,"NS"
"P05160","HexNAc.5.Hex.4.NeuAc.1.Fuc.1....N...rare1","Healthy","MECFS",0,0,0,0,0,NA,"NA",NA,NA,NA,5,5,NA,NA,NA,NA,"NS"
"P05160","HexNAc.5.Hex.5....N...rare1","Healthy","MECFS",0,0,0,0,0,NA,"NA",NA,NA,NA,5,5,NA,NA,NA,NA,"NS"
"P05160","HexNAc.5.Hex.5.Fuc.1....N...rare1","Healthy","MECFS",0,0,0,0,0,NA,"NA",NA,NA,NA,5,5,NA,NA,NA,NA,"NS"
"P05160","HexNAc.5.Hex.5.NeuAc.1....N...rare1","Healthy","MECFS",0,0,0,0,0,NA,"NA",NA,NA,NA,5,5,NA,NA,NA,NA,"NS"
"P05160","HexNAc.5.Hex.5.NeuAc.1.Fuc.1....N...rare1","Healthy","MECFS",0,0,0,0,0,NA,"NA",NA,NA,NA,5,5,NA,NA,NA,NA,"NS"
"P05160","HexNAc.5.Hex.5.NeuAc.2.Fuc.1....N...rare1","Healthy","MECFS",0,0,0,0,0,NA,"NA",NA,NA,NA,5,5,NA,NA,NA,NA,"NS"
"P05160","HexNAc.5.Hex.6.NeuAc.1....N...rare1","Healthy","MECFS",0,0,0,0,0,NA,"NA",NA,NA,NA,5,5,NA,NA,NA,NA,"NS"
"P05160","HexNAc.5.Hex.6.NeuAc.2....N...rare1","Healthy","MECFS",0,0,0,0,0,NA,"NA",NA,NA,NA,5,5,NA,NA,NA,NA,"NS"
"P05160","HexNAc.5.Hex.6.NeuAc.2.Fuc.1....N...rare1","Healthy","MECFS",0,0,0,0,0,NA,"NA",NA,NA,NA,5,5,NA,NA,NA,NA,"NS"
"P05160","HexNAc.5.Hex.6.NeuAc.3....N...rare1","Healthy","MECFS",0,0,0,0,0,NA,"NA",NA,NA,NA,5,5,NA,NA,NA,NA,"NS"
"P05160","HexNAc.6.Hex.7.NeuAc.1....N...rare1","Healthy","MECFS",0,0,0,0,0,NA,"NA",NA,NA,NA,5,5,NA,NA,NA,NA,"NS"
"P05160","HexNAc.6.Hex.7.NeuAc.2.Fuc.1....N...rare1","Healthy","MECFS",0,0,0,0,0,NA,"NA",NA,NA,NA,5,5,NA,NA,NA,NA,"NS"
"P05543","HexNAc.2.Hex.10....N...rare1","Healthy","MECFS",0,0,0,0,0,NA,"NA",NA,NA,NA,5,5,NA,NA,NA,NA,"NS"
"P05543","HexNAc.2.Hex.5....N...rare1","Healthy","MECFS",0,0,0,0,0,NA,"NA",NA,NA,NA,5,5,NA,NA,NA,NA,"NS"
"P05543","HexNAc.2.Hex.6....N...rare1","Healthy","MECFS",0,0,0,0,0,NA,"NA",NA,NA,NA,5,5,NA,NA,NA,NA,"NS"
"P05543","HexNAc.2.Hex.7....N...rare1","Healthy","MECFS",0,0,0,0,0,NA,"NA",NA,NA,NA,5,5,NA,NA,NA,NA,"NS"
"P05543","HexNAc.2.Hex.8....N...rare1","Healthy","MECFS",0,0,0,0,0,NA,"NA",NA,NA,NA,5,5,NA,NA,NA,NA,"NS"
"P05543","HexNAc.2.Hex.9....N...rare1","Healthy","MECFS",0,0,0,0,0,NA,"NA",NA,NA,NA,5,5,NA,NA,NA,NA,"NS"
"P05543","HexNAc.3.Hex.4.NeuAc.1....N...rare1","Healthy","MECFS",0,0,0,0,0,NA,"NA",NA,NA,NA,5,5,NA,NA,NA,NA,"NS"
"P05543","HexNAc.3.Hex.4.NeuAc.1.Fuc.1....N...rare1","Healthy","MECFS",0,0,0,0,0,NA,"NA",NA,NA,NA,5,5,NA,NA,NA,NA,"NS"
"P05543","HexNAc.3.Hex.5....N...rare1","Healthy","MECFS",0,0,0,0,0,NA,"NA",NA,NA,NA,5,5,NA,NA,NA,NA,"NS"
"P05543","HexNAc.3.Hex.5.NeuAc.1....N...rare1","Healthy","MECFS",0,0,0,0,0,NA,"NA",NA,NA,NA,5,5,NA,NA,NA,NA,"NS"
"P05543","HexNAc.3.Hex.6....N...rare1","Healthy","MECFS",0,0,0,0,0,NA,"NA",NA,NA,NA,5,5,NA,NA,NA,NA,"NS"
"P05543","HexNAc.3.Hex.6.NeuAc.1....N...rare1","Healthy","MECFS",0,0,0,0,0,NA,"NA",NA,NA,NA,5,5,NA,NA,NA,NA,"NS"
"P05543","HexNAc.4.Hex.3....N...rare1","Healthy","MECFS",0,0,0,0,0,NA,"NA",NA,NA,NA,5,5,NA,NA,NA,NA,"NS"
"P05543","HexNAc.4.Hex.3.Fuc.1....N...rare1","Healthy","MECFS",0,0,0,0,0,NA,"NA",NA,NA,NA,5,5,NA,NA,NA,NA,"NS"
"P05543","HexNAc.4.Hex.4....N...rare1","Healthy","MECFS",0,0,0,0,0,NA,"NA",NA,NA,NA,5,5,NA,NA,NA,NA,"NS"
"P05543","HexNAc.4.Hex.4.Fuc.1....N...rare1","Healthy","MECFS",0,0,0,0,0,NA,"NA",NA,NA,NA,5,5,NA,NA,NA,NA,"NS"
"P05543","HexNAc.4.Hex.4.NeuAc.1....N...rare1","Healthy","MECFS",0,0,0,0,0,NA,"NA",NA,NA,NA,5,5,NA,NA,NA,NA,"NS"
"P05543","HexNAc.4.Hex.5....N...rare1","Healthy","MECFS",0,0,0,0,0,NA,"NA",NA,NA,NA,5,5,NA,NA,NA,NA,"NS"
"P05543","HexNAc.4.Hex.5.Fuc.1....N...rare1","Healthy","MECFS",0,0,0,0,0,NA,"NA",NA,NA,NA,5,5,NA,NA,NA,NA,"NS"
"P05543","HexNAc.4.Hex.5.NeuAc.1.Fuc.1....N...rare1","Healthy","MECFS",0,0,0,0,0,NA,"NA",NA,NA,NA,5,5,NA,NA,NA,NA,"NS"
"P05543","HexNAc.4.Hex.6.NeuAc.1....N...rare1","Healthy","MECFS",0,0,0,0,0,NA,"NA",NA,NA,NA,5,5,NA,NA,NA,NA,"NS"
"P05543","HexNAc.5.Hex.3....N...rare1","Healthy","MECFS",0,0,0,0,0,NA,"NA",NA,NA,NA,5,5,NA,NA,NA,NA,"NS"
"P05543","HexNAc.5.Hex.3.Fuc.1....N...rare1","Healthy","MECFS",0,0,0,0,0,NA,"NA",NA,NA,NA,5,5,NA,NA,NA,NA,"NS"
"P05543","HexNAc.5.Hex.4....N...rare1","Healthy","MECFS",0,0,0,0,0,NA,"NA",NA,NA,NA,5,5,NA,NA,NA,NA,"NS"
"P05543","HexNAc.5.Hex.4.Fuc.1....N...rare1","Healthy","MECFS",0,0,0,0,0,NA,"NA",NA,NA,NA,5,5,NA,NA,NA,NA,"NS"
"P05543","HexNAc.5.Hex.4.NeuAc.1....N...rare1","Healthy","MECFS",0,0,0,0,0,NA,"NA",NA,NA,NA,5,5,NA,NA,NA,NA,"NS"
"P05543","HexNAc.5.Hex.4.NeuAc.1.Fuc.1....N...rare1","Healthy","MECFS",0,0,0,0,0,NA,"NA",NA,NA,NA,5,5,NA,NA,NA,NA,"NS"
"P05543","HexNAc.5.Hex.5....N...rare1","Healthy","MECFS",0,0,0,0,0,NA,"NA",NA,NA,NA,5,5,NA,NA,NA,NA,"NS"
"P05543","HexNAc.5.Hex.5.Fuc.1....N...rare1","Healthy","MECFS",0,0,0,0,0,NA,"NA",NA,NA,NA,5,5,NA,NA,NA,NA,"NS"
"P05543","HexNAc.5.Hex.5.NeuAc.1....N...rare1","Healthy","MECFS",0,0,0,0,0,NA,"NA",NA,NA,NA,5,5,NA,NA,NA,NA,"NS"
"P05543","HexNAc.5.Hex.5.NeuAc.1.Fuc.1....N...rare1","Healthy","MECFS",0,0,0,0,0,NA,"NA",NA,NA,NA,5,5,NA,NA,NA,NA,"NS"
"P05543","HexNAc.5.Hex.5.NeuAc.2.Fuc.1....N...rare1","Healthy","MECFS",0,0,0,0,0,NA,"NA",NA,NA,NA,5,5,NA,NA,NA,NA,"NS"
"P05543","HexNAc.5.Hex.6.NeuAc.1....N...rare1","Healthy","MECFS",0,0,0,0,0,NA,"NA",NA,NA,NA,5,5,NA,NA,NA,NA,"NS"
"P05543","HexNAc.5.Hex.6.NeuAc.2....N...rare1","Healthy","MECFS",0,0,0,0,0,NA,"NA",NA,NA,NA,5,5,NA,NA,NA,NA,"NS"
"P05543","HexNAc.5.Hex.6.NeuAc.2.Fuc.1....N...rare1","Healthy","MECFS",0,0,0,0,0,NA,"NA",NA,NA,NA,5,5,NA,NA,NA,NA,"NS"
"P05543","HexNAc.5.Hex.6.NeuAc.3....N...rare1","Healthy","MECFS",0,0,0,0,0,NA,"NA",NA,NA,NA,5,5,NA,NA,NA,NA,"NS"
"P05543","HexNAc.6.Hex.7.NeuAc.1....N...rare1","Healthy","MECFS",0,0,0,0,0,NA,"NA",NA,NA,NA,5,5,NA,NA,NA,NA,"NS"
"P05543","HexNAc.6.Hex.7.NeuAc.2.Fuc.1....N...rare1","Healthy","MECFS",0,0,0,0,0,NA,"NA",NA,NA,NA,5,5,NA,NA,NA,NA,"NS"
"P05546","HexNAc.2.Hex.10....N...rare1","Healthy","MECFS",0,0,0,0,0,NA,"NA",NA,NA,NA,5,5,NA,NA,NA,NA,"NS"
"P05546","HexNAc.2.Hex.5....N...rare1","Healthy","MECFS",0,0,0,0,0,NA,"NA",NA,NA,NA,5,5,NA,NA,NA,NA,"NS"
"P05546","HexNAc.2.Hex.6....N...rare1","Healthy","MECFS",0,0,0,0,0,NA,"NA",NA,NA,NA,5,5,NA,NA,NA,NA,"NS"
"P05546","HexNAc.2.Hex.7....N...rare1","Healthy","MECFS",0,0,0,0,0,NA,"NA",NA,NA,NA,5,5,NA,NA,NA,NA,"NS"
"P05546","HexNAc.2.Hex.8....N...rare1","Healthy","MECFS",0,0,0,0,0,NA,"NA",NA,NA,NA,5,5,NA,NA,NA,NA,"NS"
"P05546","HexNAc.2.Hex.9....N...rare1","Healthy","MECFS",0,0,0,0,0,NA,"NA",NA,NA,NA,5,5,NA,NA,NA,NA,"NS"
"P05546","HexNAc.3.Hex.4.NeuAc.1....N...rare1","Healthy","MECFS",0,0,0,0,0,NA,"NA",NA,NA,NA,5,5,NA,NA,NA,NA,"NS"
"P05546","HexNAc.3.Hex.4.NeuAc.1.Fuc.1....N...rare1","Healthy","MECFS",0,0,0,0,0,NA,"NA",NA,NA,NA,5,5,NA,NA,NA,NA,"NS"
"P05546","HexNAc.3.Hex.5....N...rare1","Healthy","MECFS",0,0,0,0,0,NA,"NA",NA,NA,NA,5,5,NA,NA,NA,NA,"NS"
"P05546","HexNAc.3.Hex.5.NeuAc.1....N...rare1","Healthy","MECFS",0,0,0,0,0,NA,"NA",NA,NA,NA,5,5,NA,NA,NA,NA,"NS"
"P05546","HexNAc.3.Hex.6....N...rare1","Healthy","MECFS",0,0,0,0,0,NA,"NA",NA,NA,NA,5,5,NA,NA,NA,NA,"NS"
"P05546","HexNAc.3.Hex.6.NeuAc.1....N...rare1","Healthy","MECFS",0,0,0,0,0,NA,"NA",NA,NA,NA,5,5,NA,NA,NA,NA,"NS"
"P05546","HexNAc.4.Hex.3....N...rare1","Healthy","MECFS",0,0,0,0,0,NA,"NA",NA,NA,NA,5,5,NA,NA,NA,NA,"NS"
"P05546","HexNAc.4.Hex.3.Fuc.1....N...rare1","Healthy","MECFS",0,0,0,0,0,NA,"NA",NA,NA,NA,5,5,NA,NA,NA,NA,"NS"
"P05546","HexNAc.4.Hex.4....N...rare1","Healthy","MECFS",0,0,0,0,0,NA,"NA",NA,NA,NA,5,5,NA,NA,NA,NA,"NS"
"P05546","HexNAc.4.Hex.4.Fuc.1....N...rare1","Healthy","MECFS",0,0,0,0,0,NA,"NA",NA,NA,NA,5,5,NA,NA,NA,NA,"NS"
"P05546","HexNAc.4.Hex.4.NeuAc.1....N...rare1","Healthy","MECFS",0,0,0,0,0,NA,"NA",NA,NA,NA,5,5,NA,NA,NA,NA,"NS"
"P05546","HexNAc.4.Hex.5....N...rare1","Healthy","MECFS",0,0,0,0,0,NA,"NA",NA,NA,NA,5,5,NA,NA,NA,NA,"NS"
"P05546","HexNAc.4.Hex.5.Fuc.1....N...rare1","Healthy","MECFS",0,0,0,0,0,NA,"NA",NA,NA,NA,5,5,NA,NA,NA,NA,"NS"
"P05546","HexNAc.4.Hex.5.NeuAc.1....N...rare1","Healthy","MECFS",0,0,0,0,0,NA,"NA",NA,NA,NA,5,5,NA,NA,NA,NA,"NS"
"P05546","HexNAc.4.Hex.5.NeuAc.1.Fuc.1....N...rare1","Healthy","MECFS",0,0,0,0,0,NA,"NA",NA,NA,NA,5,5,NA,NA,NA,NA,"NS"
"P05546","HexNAc.4.Hex.5.NeuAc.2.Fuc.1....N...rare1","Healthy","MECFS",0,0,0,0,0,NA,"NA",NA,NA,NA,5,5,NA,NA,NA,NA,"NS"
"P05546","HexNAc.4.Hex.6.NeuAc.1....N...rare1","Healthy","MECFS",0,0,0,0,0,NA,"NA",NA,NA,NA,5,5,NA,NA,NA,NA,"NS"
"P05546","HexNAc.5.Hex.3....N...rare1","Healthy","MECFS",0,0,0,0,0,NA,"NA",NA,NA,NA,5,5,NA,NA,NA,NA,"NS"
"P05546","HexNAc.5.Hex.3.Fuc.1....N...rare1","Healthy","MECFS",0,0,0,0,0,NA,"NA",NA,NA,NA,5,5,NA,NA,NA,NA,"NS"
"P05546","HexNAc.5.Hex.4....N...rare1","Healthy","MECFS",0,0,0,0,0,NA,"NA",NA,NA,NA,5,5,NA,NA,NA,NA,"NS"
"P05546","HexNAc.5.Hex.4.Fuc.1....N...rare1","Healthy","MECFS",0,0,0,0,0,NA,"NA",NA,NA,NA,5,5,NA,NA,NA,NA,"NS"
"P05546","HexNAc.5.Hex.4.NeuAc.1....N...rare1","Healthy","MECFS",0,0,0,0,0,NA,"NA",NA,NA,NA,5,5,NA,NA,NA,NA,"NS"
"P05546","HexNAc.5.Hex.4.NeuAc.1.Fuc.1....N...rare1","Healthy","MECFS",0,0,0,0,0,NA,"NA",NA,NA,NA,5,5,NA,NA,NA,NA,"NS"
"P05546","HexNAc.5.Hex.5....N...rare1","Healthy","MECFS",0,0,0,0,0,NA,"NA",NA,NA,NA,5,5,NA,NA,NA,NA,"NS"
"P05546","HexNAc.5.Hex.5.Fuc.1....N...rare1","Healthy","MECFS",0,0,0,0,0,NA,"NA",NA,NA,NA,5,5,NA,NA,NA,NA,"NS"
"P05546","HexNAc.5.Hex.5.NeuAc.1....N...rare1","Healthy","MECFS",0,0,0,0,0,NA,"NA",NA,NA,NA,5,5,NA,NA,NA,NA,"NS"
"P05546","HexNAc.5.Hex.5.NeuAc.2.Fuc.1....N...rare1","Healthy","MECFS",0,0,0,0,0,NA,"NA",NA,NA,NA,5,5,NA,NA,NA,NA,"NS"
"P05546","HexNAc.5.Hex.6.NeuAc.1....N...rare1","Healthy","MECFS",0,0,0,0,0,NA,"NA",NA,NA,NA,5,5,NA,NA,NA,NA,"NS"
"P05546","HexNAc.5.Hex.6.NeuAc.2....N...rare1","Healthy","MECFS",0,0,0,0,0,NA,"NA",NA,NA,NA,5,5,NA,NA,NA,NA,"NS"
"P05546","HexNAc.5.Hex.6.NeuAc.2.Fuc.1....N...rare1","Healthy","MECFS",0,0,0,0,0,NA,"NA",NA,NA,NA,5,5,NA,NA,NA,NA,"NS"
"P05546","HexNAc.5.Hex.6.NeuAc.3....N...rare1","Healthy","MECFS",0,0,0,0,0,NA,"NA",NA,NA,NA,5,5,NA,NA,NA,NA,"NS"
"P05546","HexNAc.6.Hex.7.NeuAc.1....N...rare1","Healthy","MECFS",0,0,0,0,0,NA,"NA",NA,NA,NA,5,5,NA,NA,NA,NA,"NS"
"P05546","HexNAc.6.Hex.7.NeuAc.2.Fuc.1....N...rare1","Healthy","MECFS",0,0,0,0,0,NA,"NA",NA,NA,NA,5,5,NA,NA,NA,NA,"NS"
"P06276","HexNAc.2.Hex.10....N...rare1","Healthy","MECFS",0,0,0,0,0,NA,"NA",NA,NA,NA,5,5,NA,NA,NA,NA,"NS"
"P06276","HexNAc.2.Hex.5....N...rare1","Healthy","MECFS",0,0,0,0,0,NA,"NA",NA,NA,NA,5,5,NA,NA,NA,NA,"NS"
"P06276","HexNAc.2.Hex.6....N...rare1","Healthy","MECFS",0,0,0,0,0,NA,"NA",NA,NA,NA,5,5,NA,NA,NA,NA,"NS"
"P06276","HexNAc.2.Hex.7....N...rare1","Healthy","MECFS",0,0,0,0,0,NA,"NA",NA,NA,NA,5,5,NA,NA,NA,NA,"NS"
"P06276","HexNAc.2.Hex.8....N...rare1","Healthy","MECFS",0,0,0,0,0,NA,"NA",NA,NA,NA,5,5,NA,NA,NA,NA,"NS"
"P06276","HexNAc.2.Hex.9....N...rare1","Healthy","MECFS",0,0,0,0,0,NA,"NA",NA,NA,NA,5,5,NA,NA,NA,NA,"NS"
"P06276","HexNAc.3.Hex.4.NeuAc.1....N...rare1","Healthy","MECFS",0,0,0,0,0,NA,"NA",NA,NA,NA,5,5,NA,NA,NA,NA,"NS"
"P06276","HexNAc.3.Hex.4.NeuAc.1.Fuc.1....N...rare1","Healthy","MECFS",0,0,0,0,0,NA,"NA",NA,NA,NA,5,5,NA,NA,NA,NA,"NS"
"P06276","HexNAc.3.Hex.5....N...rare1","Healthy","MECFS",0,0,0,0,0,NA,"NA",NA,NA,NA,5,5,NA,NA,NA,NA,"NS"
"P06276","HexNAc.3.Hex.5.NeuAc.1....N...rare1","Healthy","MECFS",0,0,0,0,0,NA,"NA",NA,NA,NA,5,5,NA,NA,NA,NA,"NS"
"P06276","HexNAc.3.Hex.6....N...rare1","Healthy","MECFS",0,0,0,0,0,NA,"NA",NA,NA,NA,5,5,NA,NA,NA,NA,"NS"
"P06276","HexNAc.3.Hex.6.NeuAc.1....N...rare1","Healthy","MECFS",0,0,0,0,0,NA,"NA",NA,NA,NA,5,5,NA,NA,NA,NA,"NS"
"P06276","HexNAc.4.Hex.3....N...rare1","Healthy","MECFS",0,0,0,0,0,NA,"NA",NA,NA,NA,5,5,NA,NA,NA,NA,"NS"
"P06276","HexNAc.4.Hex.3.Fuc.1....N...rare1","Healthy","MECFS",0,0,0,0,0,NA,"NA",NA,NA,NA,5,5,NA,NA,NA,NA,"NS"
"P06276","HexNAc.4.Hex.4....N...rare1","Healthy","MECFS",0,0,0,0,0,NA,"NA",NA,NA,NA,5,5,NA,NA,NA,NA,"NS"
"P06276","HexNAc.4.Hex.4.Fuc.1....N...rare1","Healthy","MECFS",0,0,0,0,0,NA,"NA",NA,NA,NA,5,5,NA,NA,NA,NA,"NS"
"P06276","HexNAc.4.Hex.4.NeuAc.1....N...rare1","Healthy","MECFS",0,0,0,0,0,NA,"NA",NA,NA,NA,5,5,NA,NA,NA,NA,"NS"
"P06276","HexNAc.4.Hex.5....N...rare1","Healthy","MECFS",0,0,0,0,0,NA,"NA",NA,NA,NA,5,5,NA,NA,NA,NA,"NS"
"P06276","HexNAc.4.Hex.5.Fuc.1....N...rare1","Healthy","MECFS",0,0,0,0,0,NA,"NA",NA,NA,NA,5,5,NA,NA,NA,NA,"NS"
"P06276","HexNAc.4.Hex.5.NeuAc.1.Fuc.1....N...rare1","Healthy","MECFS",0,0,0,0,0,NA,"NA",NA,NA,NA,5,5,NA,NA,NA,NA,"NS"
"P06276","HexNAc.4.Hex.5.NeuAc.2.Fuc.1....N...rare1","Healthy","MECFS",0,0,0,0,0,NA,"NA",NA,NA,NA,5,5,NA,NA,NA,NA,"NS"
"P06276","HexNAc.4.Hex.6.NeuAc.1....N...rare1","Healthy","MECFS",0,0,0,0,0,NA,"NA",NA,NA,NA,5,5,NA,NA,NA,NA,"NS"
"P06276","HexNAc.5.Hex.3....N...rare1","Healthy","MECFS",0,0,0,0,0,NA,"NA",NA,NA,NA,5,5,NA,NA,NA,NA,"NS"
"P06276","HexNAc.5.Hex.3.Fuc.1....N...rare1","Healthy","MECFS",0,0,0,0,0,NA,"NA",NA,NA,NA,5,5,NA,NA,NA,NA,"NS"
"P06276","HexNAc.5.Hex.4....N...rare1","Healthy","MECFS",0,0,0,0,0,NA,"NA",NA,NA,NA,5,5,NA,NA,NA,NA,"NS"
"P06276","HexNAc.5.Hex.4.Fuc.1....N...rare1","Healthy","MECFS",0,0,0,0,0,NA,"NA",NA,NA,NA,5,5,NA,NA,NA,NA,"NS"
"P06276","HexNAc.5.Hex.4.NeuAc.1....N...rare1","Healthy","MECFS",0,0,0,0,0,NA,"NA",NA,NA,NA,5,5,NA,NA,NA,NA,"NS"
"P06276","HexNAc.5.Hex.4.NeuAc.1.Fuc.1....N...rare1","Healthy","MECFS",0,0,0,0,0,NA,"NA",NA,NA,NA,5,5,NA,NA,NA,NA,"NS"
"P06276","HexNAc.5.Hex.5....N...rare1","Healthy","MECFS",0,0,0,0,0,NA,"NA",NA,NA,NA,5,5,NA,NA,NA,NA,"NS"
"P06276","HexNAc.5.Hex.5.Fuc.1....N...rare1","Healthy","MECFS",0,0,0,0,0,NA,"NA",NA,NA,NA,5,5,NA,NA,NA,NA,"NS"
"P06276","HexNAc.5.Hex.5.NeuAc.1....N...rare1","Healthy","MECFS",0,0,0,0,0,NA,"NA",NA,NA,NA,5,5,NA,NA,NA,NA,"NS"
"P06276","HexNAc.5.Hex.5.NeuAc.1.Fuc.1....N...rare1","Healthy","MECFS",0,0,0,0,0,NA,"NA",NA,NA,NA,5,5,NA,NA,NA,NA,"NS"
"P06276","HexNAc.5.Hex.5.NeuAc.2.Fuc.1....N...rare1","Healthy","MECFS",0,0,0,0,0,NA,"NA",NA,NA,NA,5,5,NA,NA,NA,NA,"NS"
"P06276","HexNAc.5.Hex.6.NeuAc.1....N...rare1","Healthy","MECFS",0,0,0,0,0,NA,"NA",NA,NA,NA,5,5,NA,NA,NA,NA,"NS"
"P06276","HexNAc.5.Hex.6.NeuAc.2....N...rare1","Healthy","MECFS",0,0,0,0,0,NA,"NA",NA,NA,NA,5,5,NA,NA,NA,NA,"NS"
"P06276","HexNAc.5.Hex.6.NeuAc.2.Fuc.1....N...rare1","Healthy","MECFS",0,0,0,0,0,NA,"NA",NA,NA,NA,5,5,NA,NA,NA,NA,"NS"
"P06276","HexNAc.5.Hex.6.NeuAc.3....N...rare1","Healthy","MECFS",0,0,0,0,0,NA,"NA",NA,NA,NA,5,5,NA,NA,NA,NA,"NS"
"P06276","HexNAc.6.Hex.7.NeuAc.1....N...rare1","Healthy","MECFS",0,0,0,0,0,NA,"NA",NA,NA,NA,5,5,NA,NA,NA,NA,"NS"
"P06276","HexNAc.6.Hex.7.NeuAc.2.Fuc.1....N...rare1","Healthy","MECFS",0,0,0,0,0,NA,"NA",NA,NA,NA,5,5,NA,NA,NA,NA,"NS"
"P06681","HexNAc.2.Hex.10....N...rare1","Healthy","MECFS",0,0,0,0,0,NA,"NA",NA,NA,NA,5,5,NA,NA,NA,NA,"NS"
"P06681","HexNAc.2.Hex.9....N...rare1","Healthy","MECFS",0,0,0,0,0,NA,"NA",NA,NA,NA,5,5,NA,NA,NA,NA,"NS"
"P06681","HexNAc.3.Hex.4.NeuAc.1....N...rare1","Healthy","MECFS",0,0,0,0,0,NA,"NA",NA,NA,NA,5,5,NA,NA,NA,NA,"NS"
"P06681","HexNAc.3.Hex.4.NeuAc.1.Fuc.1....N...rare1","Healthy","MECFS",0,0,0,0,0,NA,"NA",NA,NA,NA,5,5,NA,NA,NA,NA,"NS"
"P06681","HexNAc.3.Hex.5....N...rare1","Healthy","MECFS",0,0,0,0,0,NA,"NA",NA,NA,NA,5,5,NA,NA,NA,NA,"NS"
"P06681","HexNAc.3.Hex.6....N...rare1","Healthy","MECFS",0,0,0,0,0,NA,"NA",NA,NA,NA,5,5,NA,NA,NA,NA,"NS"
"P06681","HexNAc.4.Hex.3....N...rare1","Healthy","MECFS",0,0,0,0,0,NA,"NA",NA,NA,NA,5,5,NA,NA,NA,NA,"NS"
"P06681","HexNAc.4.Hex.3.Fuc.1....N...rare1","Healthy","MECFS",0,0,0,0,0,NA,"NA",NA,NA,NA,5,5,NA,NA,NA,NA,"NS"
"P06681","HexNAc.4.Hex.4....N...rare1","Healthy","MECFS",0,0,0,0,0,NA,"NA",NA,NA,NA,5,5,NA,NA,NA,NA,"NS"
"P06681","HexNAc.4.Hex.4.Fuc.1....N...rare1","Healthy","MECFS",0,0,0,0,0,NA,"NA",NA,NA,NA,5,5,NA,NA,NA,NA,"NS"
"P06681","HexNAc.4.Hex.4.NeuAc.1....N...rare1","Healthy","MECFS",0,0,0,0,0,NA,"NA",NA,NA,NA,5,5,NA,NA,NA,NA,"NS"
"P06681","HexNAc.4.Hex.5....N...rare1","Healthy","MECFS",0,0,0,0,0,NA,"NA",NA,NA,NA,5,5,NA,NA,NA,NA,"NS"
"P06681","HexNAc.4.Hex.5.Fuc.1....N...rare1","Healthy","MECFS",0,0,0,0,0,NA,"NA",NA,NA,NA,5,5,NA,NA,NA,NA,"NS"
"P06681","HexNAc.4.Hex.5.NeuAc.1.Fuc.1....N...rare1","Healthy","MECFS",0,0,0,0,0,NA,"NA",NA,NA,NA,5,5,NA,NA,NA,NA,"NS"
"P06681","HexNAc.4.Hex.5.NeuAc.2....N...rare1","Healthy","MECFS",0,0,0,0,0,NA,"NA",NA,NA,NA,5,5,NA,NA,NA,NA,"NS"
"P06681","HexNAc.4.Hex.5.NeuAc.2.Fuc.1....N...rare1","Healthy","MECFS",0,0,0,0,0,NA,"NA",NA,NA,NA,5,5,NA,NA,NA,NA,"NS"
"P06681","HexNAc.4.Hex.6.NeuAc.1....N...rare1","Healthy","MECFS",0,0,0,0,0,NA,"NA",NA,NA,NA,5,5,NA,NA,NA,NA,"NS"
"P06681","HexNAc.5.Hex.3....N...rare1","Healthy","MECFS",0,0,0,0,0,NA,"NA",NA,NA,NA,5,5,NA,NA,NA,NA,"NS"
"P06681","HexNAc.5.Hex.3.Fuc.1....N...rare1","Healthy","MECFS",0,0,0,0,0,NA,"NA",NA,NA,NA,5,5,NA,NA,NA,NA,"NS"
"P06681","HexNAc.5.Hex.4....N...rare1","Healthy","MECFS",0,0,0,0,0,NA,"NA",NA,NA,NA,5,5,NA,NA,NA,NA,"NS"
"P06681","HexNAc.5.Hex.4.Fuc.1....N...rare1","Healthy","MECFS",0,0,0,0,0,NA,"NA",NA,NA,NA,5,5,NA,NA,NA,NA,"NS"
"P06681","HexNAc.5.Hex.4.NeuAc.1....N...rare1","Healthy","MECFS",0,0,0,0,0,NA,"NA",NA,NA,NA,5,5,NA,NA,NA,NA,"NS"
"P06681","HexNAc.5.Hex.4.NeuAc.1.Fuc.1....N...rare1","Healthy","MECFS",0,0,0,0,0,NA,"NA",NA,NA,NA,5,5,NA,NA,NA,NA,"NS"
"P06681","HexNAc.5.Hex.5....N...rare1","Healthy","MECFS",0,0,0,0,0,NA,"NA",NA,NA,NA,5,5,NA,NA,NA,NA,"NS"
"P06681","HexNAc.5.Hex.5.Fuc.1....N...rare1","Healthy","MECFS",0,0,0,0,0,NA,"NA",NA,NA,NA,5,5,NA,NA,NA,NA,"NS"
"P06681","HexNAc.5.Hex.5.NeuAc.1....N...rare1","Healthy","MECFS",0,0,0,0,0,NA,"NA",NA,NA,NA,5,5,NA,NA,NA,NA,"NS"
"P06681","HexNAc.5.Hex.5.NeuAc.1.Fuc.1....N...rare1","Healthy","MECFS",0,0,0,0,0,NA,"NA",NA,NA,NA,5,5,NA,NA,NA,NA,"NS"
"P06681","HexNAc.5.Hex.5.NeuAc.2.Fuc.1....N...rare1","Healthy","MECFS",0,0,0,0,0,NA,"NA",NA,NA,NA,5,5,NA,NA,NA,NA,"NS"
"P06681","HexNAc.5.Hex.6.NeuAc.1....N...rare1","Healthy","MECFS",0,0,0,0,0,NA,"NA",NA,NA,NA,5,5,NA,NA,NA,NA,"NS"
"P06681","HexNAc.5.Hex.6.NeuAc.2....N...rare1","Healthy","MECFS",0,0,0,0,0,NA,"NA",NA,NA,NA,5,5,NA,NA,NA,NA,"NS"
"P06681","HexNAc.5.Hex.6.NeuAc.2.Fuc.1....N...rare1","Healthy","MECFS",0,0,0,0,0,NA,"NA",NA,NA,NA,5,5,NA,NA,NA,NA,"NS"
"P06681","HexNAc.5.Hex.6.NeuAc.3....N...rare1","Healthy","MECFS",0,0,0,0,0,NA,"NA",NA,NA,NA,5,5,NA,NA,NA,NA,"NS"
"P06681","HexNAc.6.Hex.7.NeuAc.1....N...rare1","Healthy","MECFS",0,0,0,0,0,NA,"NA",NA,NA,NA,5,5,NA,NA,NA,NA,"NS"
"P06681","HexNAc.6.Hex.7.NeuAc.2.Fuc.1....N...rare1","Healthy","MECFS",0,0,0,0,0,NA,"NA",NA,NA,NA,5,5,NA,NA,NA,NA,"NS"
"P07357","HexNAc.2.Hex.10....N...rare1","Healthy","MECFS",0,0,0,0,0,NA,"NA",NA,NA,NA,5,5,NA,NA,NA,NA,"NS"
"P07357","HexNAc.2.Hex.5....N...rare1","Healthy","MECFS",0,0,0,0,0,NA,"NA",NA,NA,NA,5,5,NA,NA,NA,NA,"NS"
"P07357","HexNAc.2.Hex.6....N...rare1","Healthy","MECFS",0,0,0,0,0,NA,"NA",NA,NA,NA,5,5,NA,NA,NA,NA,"NS"
"P07357","HexNAc.2.Hex.7....N...rare1","Healthy","MECFS",0,0,0,0,0,NA,"NA",NA,NA,NA,5,5,NA,NA,NA,NA,"NS"
"P07357","HexNAc.2.Hex.8....N...rare1","Healthy","MECFS",0,0,0,0,0,NA,"NA",NA,NA,NA,5,5,NA,NA,NA,NA,"NS"
"P07357","HexNAc.2.Hex.9....N...rare1","Healthy","MECFS",0,0,0,0,0,NA,"NA",NA,NA,NA,5,5,NA,NA,NA,NA,"NS"
"P07357","HexNAc.3.Hex.4.NeuAc.1....N...rare1","Healthy","MECFS",0,0,0,0,0,NA,"NA",NA,NA,NA,5,5,NA,NA,NA,NA,"NS"
"P07357","HexNAc.3.Hex.4.NeuAc.1.Fuc.1....N...rare1","Healthy","MECFS",0,0,0,0,0,NA,"NA",NA,NA,NA,5,5,NA,NA,NA,NA,"NS"
"P07357","HexNAc.3.Hex.5....N...rare1","Healthy","MECFS",0,0,0,0,0,NA,"NA",NA,NA,NA,5,5,NA,NA,NA,NA,"NS"
"P07357","HexNAc.3.Hex.5.NeuAc.1....N...rare1","Healthy","MECFS",0,0,0,0,0,NA,"NA",NA,NA,NA,5,5,NA,NA,NA,NA,"NS"
"P07357","HexNAc.3.Hex.6....N...rare1","Healthy","MECFS",0,0,0,0,0,NA,"NA",NA,NA,NA,5,5,NA,NA,NA,NA,"NS"
"P07357","HexNAc.3.Hex.6.NeuAc.1....N...rare1","Healthy","MECFS",0,0,0,0,0,NA,"NA",NA,NA,NA,5,5,NA,NA,NA,NA,"NS"
"P07357","HexNAc.4.Hex.3....N...rare1","Healthy","MECFS",0,0,0,0,0,NA,"NA",NA,NA,NA,5,5,NA,NA,NA,NA,"NS"
"P07357","HexNAc.4.Hex.3.Fuc.1....N...rare1","Healthy","MECFS",0,0,0,0,0,NA,"NA",NA,NA,NA,5,5,NA,NA,NA,NA,"NS"
"P07357","HexNAc.4.Hex.4....N...rare1","Healthy","MECFS",0,0,0,0,0,NA,"NA",NA,NA,NA,5,5,NA,NA,NA,NA,"NS"
"P07357","HexNAc.4.Hex.4.Fuc.1....N...rare1","Healthy","MECFS",0,0,0,0,0,NA,"NA",NA,NA,NA,5,5,NA,NA,NA,NA,"NS"
"P07357","HexNAc.4.Hex.4.NeuAc.1....N...rare1","Healthy","MECFS",0,0,0,0,0,NA,"NA",NA,NA,NA,5,5,NA,NA,NA,NA,"NS"
"P07357","HexNAc.4.Hex.5....N...rare1","Healthy","MECFS",0,0,0,0,0,NA,"NA",NA,NA,NA,5,5,NA,NA,NA,NA,"NS"
"P07357","HexNAc.4.Hex.5.Fuc.1....N...rare1","Healthy","MECFS",0,0,0,0,0,NA,"NA",NA,NA,NA,5,5,NA,NA,NA,NA,"NS"
"P07357","HexNAc.4.Hex.5.NeuAc.1....N...rare1","Healthy","MECFS",0,0,0,0,0,NA,"NA",NA,NA,NA,5,5,NA,NA,NA,NA,"NS"
"P07357","HexNAc.4.Hex.5.NeuAc.1.Fuc.1....N...rare1","Healthy","MECFS",0,0,0,0,0,NA,"NA",NA,NA,NA,5,5,NA,NA,NA,NA,"NS"
"P07357","HexNAc.4.Hex.5.NeuAc.2....N...rare1","Healthy","MECFS",0,0,0,0,0,NA,"NA",NA,NA,NA,5,5,NA,NA,NA,NA,"NS"
"P07357","HexNAc.4.Hex.5.NeuAc.2.Fuc.1....N...rare1","Healthy","MECFS",0,0,0,0,0,NA,"NA",NA,NA,NA,5,5,NA,NA,NA,NA,"NS"
"P07357","HexNAc.4.Hex.6.NeuAc.1....N...rare1","Healthy","MECFS",0,0,0,0,0,NA,"NA",NA,NA,NA,5,5,NA,NA,NA,NA,"NS"
"P07357","HexNAc.5.Hex.3....N...rare1","Healthy","MECFS",0,0,0,0,0,NA,"NA",NA,NA,NA,5,5,NA,NA,NA,NA,"NS"
"P07357","HexNAc.5.Hex.3.Fuc.1....N...rare1","Healthy","MECFS",0,0,0,0,0,NA,"NA",NA,NA,NA,5,5,NA,NA,NA,NA,"NS"
"P07357","HexNAc.5.Hex.4....N...rare1","Healthy","MECFS",0,0,0,0,0,NA,"NA",NA,NA,NA,5,5,NA,NA,NA,NA,"NS"
"P07357","HexNAc.5.Hex.4.Fuc.1....N...rare1","Healthy","MECFS",0,0,0,0,0,NA,"NA",NA,NA,NA,5,5,NA,NA,NA,NA,"NS"
"P07357","HexNAc.5.Hex.4.NeuAc.1....N...rare1","Healthy","MECFS",0,0,0,0,0,NA,"NA",NA,NA,NA,5,5,NA,NA,NA,NA,"NS"
"P07357","HexNAc.5.Hex.4.NeuAc.1.Fuc.1....N...rare1","Healthy","MECFS",0,0,0,0,0,NA,"NA",NA,NA,NA,5,5,NA,NA,NA,NA,"NS"
"P07357","HexNAc.5.Hex.5....N...rare1","Healthy","MECFS",0,0,0,0,0,NA,"NA",NA,NA,NA,5,5,NA,NA,NA,NA,"NS"
"P07357","HexNAc.5.Hex.5.Fuc.1....N...rare1","Healthy","MECFS",0,0,0,0,0,NA,"NA",NA,NA,NA,5,5,NA,NA,NA,NA,"NS"
"P07357","HexNAc.5.Hex.5.NeuAc.1....N...rare1","Healthy","MECFS",0,0,0,0,0,NA,"NA",NA,NA,NA,5,5,NA,NA,NA,NA,"NS"
"P07357","HexNAc.5.Hex.5.NeuAc.1.Fuc.1....N...rare1","Healthy","MECFS",0,0,0,0,0,NA,"NA",NA,NA,NA,5,5,NA,NA,NA,NA,"NS"
"P07357","HexNAc.5.Hex.5.NeuAc.2.Fuc.1....N...rare1","Healthy","MECFS",0,0,0,0,0,NA,"NA",NA,NA,NA,5,5,NA,NA,NA,NA,"NS"
"P07357","HexNAc.5.Hex.6.NeuAc.1....N...rare1","Healthy","MECFS",0,0,0,0,0,NA,"NA",NA,NA,NA,5,5,NA,NA,NA,NA,"NS"
"P07357","HexNAc.5.Hex.6.NeuAc.2....N...rare1","Healthy","MECFS",0,0,0,0,0,NA,"NA",NA,NA,NA,5,5,NA,NA,NA,NA,"NS"
"P07357","HexNAc.5.Hex.6.NeuAc.2.Fuc.1....N...rare1","Healthy","MECFS",0,0,0,0,0,NA,"NA",NA,NA,NA,5,5,NA,NA,NA,NA,"NS"
"P07357","HexNAc.5.Hex.6.NeuAc.3....N...rare1","Healthy","MECFS",0,0,0,0,0,NA,"NA",NA,NA,NA,5,5,NA,NA,NA,NA,"NS"
"P07357","HexNAc.6.Hex.7.NeuAc.1....N...rare1","Healthy","MECFS",0,0,0,0,0,NA,"NA",NA,NA,NA,5,5,NA,NA,NA,NA,"NS"
"P07357","HexNAc.6.Hex.7.NeuAc.2.Fuc.1....N...rare1","Healthy","MECFS",0,0,0,0,0,NA,"NA",NA,NA,NA,5,5,NA,NA,NA,NA,"NS"
"P07358","HexNAc.2.Hex.10....N...rare1","Healthy","MECFS",0,0,0,0,0,NA,"NA",NA,NA,NA,5,5,NA,NA,NA,NA,"NS"
"P07358","HexNAc.2.Hex.5....N...rare1","Healthy","MECFS",0,0,0,0,0,NA,"NA",NA,NA,NA,5,5,NA,NA,NA,NA,"NS"
"P07358","HexNAc.2.Hex.6....N...rare1","Healthy","MECFS",0,0,0,0,0,NA,"NA",NA,NA,NA,5,5,NA,NA,NA,NA,"NS"
"P07358","HexNAc.2.Hex.7....N...rare1","Healthy","MECFS",0,0,0,0,0,NA,"NA",NA,NA,NA,5,5,NA,NA,NA,NA,"NS"
"P07358","HexNAc.2.Hex.8....N...rare1","Healthy","MECFS",0,0,0,0,0,NA,"NA",NA,NA,NA,5,5,NA,NA,NA,NA,"NS"
"P07358","HexNAc.2.Hex.9....N...rare1","Healthy","MECFS",0,0,0,0,0,NA,"NA",NA,NA,NA,5,5,NA,NA,NA,NA,"NS"
"P07358","HexNAc.3.Hex.4.NeuAc.1....N...rare1","Healthy","MECFS",0,0,0,0,0,NA,"NA",NA,NA,NA,5,5,NA,NA,NA,NA,"NS"
"P07358","HexNAc.3.Hex.4.NeuAc.1.Fuc.1....N...rare1","Healthy","MECFS",0,0,0,0,0,NA,"NA",NA,NA,NA,5,5,NA,NA,NA,NA,"NS"
"P07358","HexNAc.3.Hex.5....N...rare1","Healthy","MECFS",0,0,0,0,0,NA,"NA",NA,NA,NA,5,5,NA,NA,NA,NA,"NS"
"P07358","HexNAc.3.Hex.5.NeuAc.1....N...rare1","Healthy","MECFS",0,0,0,0,0,NA,"NA",NA,NA,NA,5,5,NA,NA,NA,NA,"NS"
"P07358","HexNAc.3.Hex.6....N...rare1","Healthy","MECFS",0,0,0,0,0,NA,"NA",NA,NA,NA,5,5,NA,NA,NA,NA,"NS"
"P07358","HexNAc.3.Hex.6.NeuAc.1....N...rare1","Healthy","MECFS",0,0,0,0,0,NA,"NA",NA,NA,NA,5,5,NA,NA,NA,NA,"NS"
"P07358","HexNAc.4.Hex.3....N...rare1","Healthy","MECFS",0,0,0,0,0,NA,"NA",NA,NA,NA,5,5,NA,NA,NA,NA,"NS"
"P07358","HexNAc.4.Hex.3.Fuc.1....N...rare1","Healthy","MECFS",0,0,0,0,0,NA,"NA",NA,NA,NA,5,5,NA,NA,NA,NA,"NS"
"P07358","HexNAc.4.Hex.4....N...rare1","Healthy","MECFS",0,0,0,0,0,NA,"NA",NA,NA,NA,5,5,NA,NA,NA,NA,"NS"
"P07358","HexNAc.4.Hex.4.Fuc.1....N...rare1","Healthy","MECFS",0,0,0,0,0,NA,"NA",NA,NA,NA,5,5,NA,NA,NA,NA,"NS"
"P07358","HexNAc.4.Hex.4.NeuAc.1....N...rare1","Healthy","MECFS",0,0,0,0,0,NA,"NA",NA,NA,NA,5,5,NA,NA,NA,NA,"NS"
"P07358","HexNAc.4.Hex.5....N...rare1","Healthy","MECFS",0,0,0,0,0,NA,"NA",NA,NA,NA,5,5,NA,NA,NA,NA,"NS"
"P07358","HexNAc.4.Hex.5.Fuc.1....N...rare1","Healthy","MECFS",0,0,0,0,0,NA,"NA",NA,NA,NA,5,5,NA,NA,NA,NA,"NS"
"P07358","HexNAc.4.Hex.5.NeuAc.1.Fuc.1....N...rare1","Healthy","MECFS",0,0,0,0,0,NA,"NA",NA,NA,NA,5,5,NA,NA,NA,NA,"NS"
"P07358","HexNAc.4.Hex.5.NeuAc.2.Fuc.1....N...rare1","Healthy","MECFS",0,0,0,0,0,NA,"NA",NA,NA,NA,5,5,NA,NA,NA,NA,"NS"
"P07358","HexNAc.4.Hex.6.NeuAc.1....N...rare1","Healthy","MECFS",0,0,0,0,0,NA,"NA",NA,NA,NA,5,5,NA,NA,NA,NA,"NS"
"P07358","HexNAc.5.Hex.3....N...rare1","Healthy","MECFS",0,0,0,0,0,NA,"NA",NA,NA,NA,5,5,NA,NA,NA,NA,"NS"
"P07358","HexNAc.5.Hex.3.Fuc.1....N...rare1","Healthy","MECFS",0,0,0,0,0,NA,"NA",NA,NA,NA,5,5,NA,NA,NA,NA,"NS"
"P07358","HexNAc.5.Hex.4....N...rare1","Healthy","MECFS",0,0,0,0,0,NA,"NA",NA,NA,NA,5,5,NA,NA,NA,NA,"NS"
"P07358","HexNAc.5.Hex.4.Fuc.1....N...rare1","Healthy","MECFS",0,0,0,0,0,NA,"NA",NA,NA,NA,5,5,NA,NA,NA,NA,"NS"
"P07358","HexNAc.5.Hex.4.NeuAc.1....N...rare1","Healthy","MECFS",0,0,0,0,0,NA,"NA",NA,NA,NA,5,5,NA,NA,NA,NA,"NS"
"P07358","HexNAc.5.Hex.4.NeuAc.1.Fuc.1....N...rare1","Healthy","MECFS",0,0,0,0,0,NA,"NA",NA,NA,NA,5,5,NA,NA,NA,NA,"NS"
"P07358","HexNAc.5.Hex.5....N...rare1","Healthy","MECFS",0,0,0,0,0,NA,"NA",NA,NA,NA,5,5,NA,NA,NA,NA,"NS"
"P07358","HexNAc.5.Hex.5.Fuc.1....N...rare1","Healthy","MECFS",0,0,0,0,0,NA,"NA",NA,NA,NA,5,5,NA,NA,NA,NA,"NS"
"P07358","HexNAc.5.Hex.5.NeuAc.1....N...rare1","Healthy","MECFS",0,0,0,0,0,NA,"NA",NA,NA,NA,5,5,NA,NA,NA,NA,"NS"
"P07358","HexNAc.5.Hex.5.NeuAc.1.Fuc.1....N...rare1","Healthy","MECFS",0,0,0,0,0,NA,"NA",NA,NA,NA,5,5,NA,NA,NA,NA,"NS"
"P07358","HexNAc.5.Hex.5.NeuAc.2.Fuc.1....N...rare1","Healthy","MECFS",0,0,0,0,0,NA,"NA",NA,NA,NA,5,5,NA,NA,NA,NA,"NS"
"P07358","HexNAc.5.Hex.6.NeuAc.1....N...rare1","Healthy","MECFS",0,0,0,0,0,NA,"NA",NA,NA,NA,5,5,NA,NA,NA,NA,"NS"
"P07358","HexNAc.5.Hex.6.NeuAc.2....N...rare1","Healthy","MECFS",0,0,0,0,0,NA,"NA",NA,NA,NA,5,5,NA,NA,NA,NA,"NS"
"P07358","HexNAc.5.Hex.6.NeuAc.2.Fuc.1....N...rare1","Healthy","MECFS",0,0,0,0,0,NA,"NA",NA,NA,NA,5,5,NA,NA,NA,NA,"NS"
"P07358","HexNAc.5.Hex.6.NeuAc.3....N...rare1","Healthy","MECFS",0,0,0,0,0,NA,"NA",NA,NA,NA,5,5,NA,NA,NA,NA,"NS"
"P07358","HexNAc.6.Hex.7.NeuAc.1....N...rare1","Healthy","MECFS",0,0,0,0,0,NA,"NA",NA,NA,NA,5,5,NA,NA,NA,NA,"NS"
"P07358","HexNAc.6.Hex.7.NeuAc.2.Fuc.1....N...rare1","Healthy","MECFS",0,0,0,0,0,NA,"NA",NA,NA,NA,5,5,NA,NA,NA,NA,"NS"
"P08185","HexNAc.2.Hex.10....N...rare1","Healthy","MECFS",0,0,0,0,0,NA,"NA",NA,NA,NA,4,3,NA,NA,NA,NA,"NS"
"P08185","HexNAc.2.Hex.5....N...rare1","Healthy","MECFS",0,0,0,0,0,NA,"NA",NA,NA,NA,4,3,NA,NA,NA,NA,"NS"
"P08185","HexNAc.2.Hex.6....N...rare1","Healthy","MECFS",0,0,0,0,0,NA,"NA",NA,NA,NA,4,3,NA,NA,NA,NA,"NS"
"P08185","HexNAc.2.Hex.7....N...rare1","Healthy","MECFS",0,0,0,0,0,NA,"NA",NA,NA,NA,4,3,NA,NA,NA,NA,"NS"
"P08185","HexNAc.2.Hex.8....N...rare1","Healthy","MECFS",0,0,0,0,0,NA,"NA",NA,NA,NA,4,3,NA,NA,NA,NA,"NS"
"P08185","HexNAc.2.Hex.9....N...rare1","Healthy","MECFS",0,0,0,0,0,NA,"NA",NA,NA,NA,4,3,NA,NA,NA,NA,"NS"
"P08185","HexNAc.3.Hex.4.NeuAc.1....N...rare1","Healthy","MECFS",0,0,0,0,0,NA,"NA",NA,NA,NA,4,3,NA,NA,NA,NA,"NS"
"P08185","HexNAc.3.Hex.4.NeuAc.1.Fuc.1....N...rare1","Healthy","MECFS",0,0,0,0,0,NA,"NA",NA,NA,NA,4,3,NA,NA,NA,NA,"NS"
"P08185","HexNAc.3.Hex.5....N...rare1","Healthy","MECFS",0,0,0,0,0,NA,"NA",NA,NA,NA,4,3,NA,NA,NA,NA,"NS"
"P08185","HexNAc.3.Hex.5.NeuAc.1....N...rare1","Healthy","MECFS",0,0,0,0,0,NA,"NA",NA,NA,NA,4,3,NA,NA,NA,NA,"NS"
"P08185","HexNAc.3.Hex.6....N...rare1","Healthy","MECFS",0,0,0,0,0,NA,"NA",NA,NA,NA,4,3,NA,NA,NA,NA,"NS"
"P08185","HexNAc.3.Hex.6.NeuAc.1....N...rare1","Healthy","MECFS",0,0,0,0,0,NA,"NA",NA,NA,NA,4,3,NA,NA,NA,NA,"NS"
"P08185","HexNAc.4.Hex.3....N...rare1","Healthy","MECFS",0,0,0,0,0,NA,"NA",NA,NA,NA,4,3,NA,NA,NA,NA,"NS"
"P08185","HexNAc.4.Hex.3.Fuc.1....N...rare1","Healthy","MECFS",0,0,0,0,0,NA,"NA",NA,NA,NA,4,3,NA,NA,NA,NA,"NS"
"P08185","HexNAc.4.Hex.4....N...rare1","Healthy","MECFS",0,0,0,0,0,NA,"NA",NA,NA,NA,4,3,NA,NA,NA,NA,"NS"
"P08185","HexNAc.4.Hex.4.Fuc.1....N...rare1","Healthy","MECFS",0,0,0,0,0,NA,"NA",NA,NA,NA,4,3,NA,NA,NA,NA,"NS"
"P08185","HexNAc.4.Hex.4.NeuAc.1....N...rare1","Healthy","MECFS",0,0,0,0,0,NA,"NA",NA,NA,NA,4,3,NA,NA,NA,NA,"NS"
"P08185","HexNAc.4.Hex.5....N...rare1","Healthy","MECFS",0,0,0,0,0,NA,"NA",NA,NA,NA,4,3,NA,NA,NA,NA,"NS"
"P08185","HexNAc.4.Hex.5.Fuc.1....N...rare1","Healthy","MECFS",0,0,0,0,0,NA,"NA",NA,NA,NA,4,3,NA,NA,NA,NA,"NS"
"P08185","HexNAc.4.Hex.5.NeuAc.1....N...rare1","Healthy","MECFS",0,0,0,0,0,NA,"NA",NA,NA,NA,4,3,NA,NA,NA,NA,"NS"
"P08185","HexNAc.4.Hex.5.NeuAc.1.Fuc.1....N...rare1","Healthy","MECFS",0,0,0,0,0,NA,"NA",NA,NA,NA,4,3,NA,NA,NA,NA,"NS"
"P08185","HexNAc.4.Hex.5.NeuAc.2....N...rare1","Healthy","MECFS",0,0,0,0,0,NA,"NA",NA,NA,NA,4,3,NA,NA,NA,NA,"NS"
"P08185","HexNAc.4.Hex.5.NeuAc.2.Fuc.1....N...rare1","Healthy","MECFS",0,0,0,0,0,NA,"NA",NA,NA,NA,4,3,NA,NA,NA,NA,"NS"
"P08185","HexNAc.4.Hex.6.NeuAc.1....N...rare1","Healthy","MECFS",0,0,0,0,0,NA,"NA",NA,NA,NA,4,3,NA,NA,NA,NA,"NS"
"P08185","HexNAc.5.Hex.3....N...rare1","Healthy","MECFS",0,0,0,0,0,NA,"NA",NA,NA,NA,4,3,NA,NA,NA,NA,"NS"
"P08185","HexNAc.5.Hex.3.Fuc.1....N...rare1","Healthy","MECFS",0,0,0,0,0,NA,"NA",NA,NA,NA,4,3,NA,NA,NA,NA,"NS"
"P08185","HexNAc.5.Hex.4....N...rare1","Healthy","MECFS",0,0,0,0,0,NA,"NA",NA,NA,NA,4,3,NA,NA,NA,NA,"NS"
"P08185","HexNAc.5.Hex.4.Fuc.1....N...rare1","Healthy","MECFS",0,0,0,0,0,NA,"NA",NA,NA,NA,4,3,NA,NA,NA,NA,"NS"
"P08185","HexNAc.5.Hex.4.NeuAc.1....N...rare1","Healthy","MECFS",0,0,0,0,0,NA,"NA",NA,NA,NA,4,3,NA,NA,NA,NA,"NS"
"P08185","HexNAc.5.Hex.4.NeuAc.1.Fuc.1....N...rare1","Healthy","MECFS",0,0,0,0,0,NA,"NA",NA,NA,NA,4,3,NA,NA,NA,NA,"NS"
"P08185","HexNAc.5.Hex.5....N...rare1","Healthy","MECFS",0,0,0,0,0,NA,"NA",NA,NA,NA,4,3,NA,NA,NA,NA,"NS"
"P08185","HexNAc.5.Hex.5.Fuc.1....N...rare1","Healthy","MECFS",0,0,0,0,0,NA,"NA",NA,NA,NA,4,3,NA,NA,NA,NA,"NS"
"P08185","HexNAc.5.Hex.5.NeuAc.1....N...rare1","Healthy","MECFS",0,0,0,0,0,NA,"NA",NA,NA,NA,4,3,NA,NA,NA,NA,"NS"
"P08185","HexNAc.5.Hex.5.NeuAc.1.Fuc.1....N...rare1","Healthy","MECFS",0,0,0,0,0,NA,"NA",NA,NA,NA,4,3,NA,NA,NA,NA,"NS"
"P08185","HexNAc.5.Hex.5.NeuAc.2.Fuc.1....N...rare1","Healthy","MECFS",0,0,0,0,0,NA,"NA",NA,NA,NA,4,3,NA,NA,NA,NA,"NS"
"P08185","HexNAc.5.Hex.6.NeuAc.1....N...rare1","Healthy","MECFS",0,0,0,0,0,NA,"NA",NA,NA,NA,4,3,NA,NA,NA,NA,"NS"
"P08185","HexNAc.5.Hex.6.NeuAc.2....N...rare1","Healthy","MECFS",0,0,0,0,0,NA,"NA",NA,NA,NA,4,3,NA,NA,NA,NA,"NS"
"P08185","HexNAc.5.Hex.6.NeuAc.2.Fuc.1....N...rare1","Healthy","MECFS",0,0,0,0,0,NA,"NA",NA,NA,NA,4,3,NA,NA,NA,NA,"NS"
"P08185","HexNAc.5.Hex.6.NeuAc.3....N...rare1","Healthy","MECFS",0,0,0,0,0,NA,"NA",NA,NA,NA,4,3,NA,NA,NA,NA,"NS"
"P08185","HexNAc.6.Hex.7.NeuAc.1....N...rare1","Healthy","MECFS",0,0,0,0,0,NA,"NA",NA,NA,NA,4,3,NA,NA,NA,NA,"NS"
"P08185","HexNAc.6.Hex.7.NeuAc.2.Fuc.1....N...rare1","Healthy","MECFS",0,0,0,0,0,NA,"NA",NA,NA,NA,4,3,NA,NA,NA,NA,"NS"
"P08519","HexNAc.2.Hex.10....N...rare1","Healthy","MECFS",0,0,0,0,0,NA,"NA",NA,NA,NA,5,4,NA,NA,NA,NA,"NS"
"P08519","HexNAc.2.Hex.5....N...rare1","Healthy","MECFS",0,0,0,0,0,NA,"NA",NA,NA,NA,5,4,NA,NA,NA,NA,"NS"
"P08519","HexNAc.2.Hex.6....N...rare1","Healthy","MECFS",0,0,0,0,0,NA,"NA",NA,NA,NA,5,4,NA,NA,NA,NA,"NS"
"P08519","HexNAc.2.Hex.7....N...rare1","Healthy","MECFS",0,0,0,0,0,NA,"NA",NA,NA,NA,5,4,NA,NA,NA,NA,"NS"
"P08519","HexNAc.2.Hex.8....N...rare1","Healthy","MECFS",0,0,0,0,0,NA,"NA",NA,NA,NA,5,4,NA,NA,NA,NA,"NS"
"P08519","HexNAc.2.Hex.9....N...rare1","Healthy","MECFS",0,0,0,0,0,NA,"NA",NA,NA,NA,5,4,NA,NA,NA,NA,"NS"
"P08519","HexNAc.3.Hex.4.NeuAc.1....N...rare1","Healthy","MECFS",0,0,0,0,0,NA,"NA",NA,NA,NA,5,4,NA,NA,NA,NA,"NS"
"P08519","HexNAc.3.Hex.4.NeuAc.1.Fuc.1....N...rare1","Healthy","MECFS",0,0,0,0,0,NA,"NA",NA,NA,NA,5,4,NA,NA,NA,NA,"NS"
"P08519","HexNAc.3.Hex.5....N...rare1","Healthy","MECFS",0,0,0,0,0,NA,"NA",NA,NA,NA,5,4,NA,NA,NA,NA,"NS"
"P08519","HexNAc.3.Hex.5.NeuAc.1....N...rare1","Healthy","MECFS",0,0,0,0,0,NA,"NA",NA,NA,NA,5,4,NA,NA,NA,NA,"NS"
"P08519","HexNAc.3.Hex.6....N...rare1","Healthy","MECFS",0,0,0,0,0,NA,"NA",NA,NA,NA,5,4,NA,NA,NA,NA,"NS"
"P08519","HexNAc.3.Hex.6.NeuAc.1....N...rare1","Healthy","MECFS",0,0,0,0,0,NA,"NA",NA,NA,NA,5,4,NA,NA,NA,NA,"NS"
"P08519","HexNAc.4.Hex.3....N...rare1","Healthy","MECFS",0,0,0,0,0,NA,"NA",NA,NA,NA,5,4,NA,NA,NA,NA,"NS"
"P08519","HexNAc.4.Hex.3.Fuc.1....N...rare1","Healthy","MECFS",0,0,0,0,0,NA,"NA",NA,NA,NA,5,4,NA,NA,NA,NA,"NS"
"P08519","HexNAc.4.Hex.4....N...rare1","Healthy","MECFS",0,0,0,0,0,NA,"NA",NA,NA,NA,5,4,NA,NA,NA,NA,"NS"
"P08519","HexNAc.4.Hex.4.Fuc.1....N...rare1","Healthy","MECFS",0,0,0,0,0,NA,"NA",NA,NA,NA,5,4,NA,NA,NA,NA,"NS"
"P08519","HexNAc.4.Hex.4.NeuAc.1....N...rare1","Healthy","MECFS",0,0,0,0,0,NA,"NA",NA,NA,NA,5,4,NA,NA,NA,NA,"NS"
"P08519","HexNAc.4.Hex.5....N...rare1","Healthy","MECFS",0,0,0,0,0,NA,"NA",NA,NA,NA,5,4,NA,NA,NA,NA,"NS"
"P08519","HexNAc.4.Hex.5.Fuc.1....N...rare1","Healthy","MECFS",0,0,0,0,0,NA,"NA",NA,NA,NA,5,4,NA,NA,NA,NA,"NS"
"P08519","HexNAc.4.Hex.5.NeuAc.1.Fuc.1....N...rare1","Healthy","MECFS",0,0,0,0,0,NA,"NA",NA,NA,NA,5,4,NA,NA,NA,NA,"NS"
"P08519","HexNAc.4.Hex.5.NeuAc.2.Fuc.1....N...rare1","Healthy","MECFS",0,0,0,0,0,NA,"NA",NA,NA,NA,5,4,NA,NA,NA,NA,"NS"
"P08519","HexNAc.4.Hex.6.NeuAc.1....N...rare1","Healthy","MECFS",0,0,0,0,0,NA,"NA",NA,NA,NA,5,4,NA,NA,NA,NA,"NS"
"P08519","HexNAc.5.Hex.3....N...rare1","Healthy","MECFS",0,0,0,0,0,NA,"NA",NA,NA,NA,5,4,NA,NA,NA,NA,"NS"
"P08519","HexNAc.5.Hex.3.Fuc.1....N...rare1","Healthy","MECFS",0,0,0,0,0,NA,"NA",NA,NA,NA,5,4,NA,NA,NA,NA,"NS"
"P08519","HexNAc.5.Hex.4....N...rare1","Healthy","MECFS",0,0,0,0,0,NA,"NA",NA,NA,NA,5,4,NA,NA,NA,NA,"NS"
"P08519","HexNAc.5.Hex.4.Fuc.1....N...rare1","Healthy","MECFS",0,0,0,0,0,NA,"NA",NA,NA,NA,5,4,NA,NA,NA,NA,"NS"
"P08519","HexNAc.5.Hex.4.NeuAc.1....N...rare1","Healthy","MECFS",0,0,0,0,0,NA,"NA",NA,NA,NA,5,4,NA,NA,NA,NA,"NS"
"P08519","HexNAc.5.Hex.4.NeuAc.1.Fuc.1....N...rare1","Healthy","MECFS",0,0,0,0,0,NA,"NA",NA,NA,NA,5,4,NA,NA,NA,NA,"NS"
"P08519","HexNAc.5.Hex.5....N...rare1","Healthy","MECFS",0,0,0,0,0,NA,"NA",NA,NA,NA,5,4,NA,NA,NA,NA,"NS"
"P08519","HexNAc.5.Hex.5.Fuc.1....N...rare1","Healthy","MECFS",0,0,0,0,0,NA,"NA",NA,NA,NA,5,4,NA,NA,NA,NA,"NS"
"P08519","HexNAc.5.Hex.5.NeuAc.1....N...rare1","Healthy","MECFS",0,0,0,0,0,NA,"NA",NA,NA,NA,5,4,NA,NA,NA,NA,"NS"
"P08519","HexNAc.5.Hex.5.NeuAc.1.Fuc.1....N...rare1","Healthy","MECFS",0,0,0,0,0,NA,"NA",NA,NA,NA,5,4,NA,NA,NA,NA,"NS"
"P08519","HexNAc.5.Hex.5.NeuAc.2.Fuc.1....N...rare1","Healthy","MECFS",0,0,0,0,0,NA,"NA",NA,NA,NA,5,4,NA,NA,NA,NA,"NS"
"P08519","HexNAc.5.Hex.6.NeuAc.1....N...rare1","Healthy","MECFS",0,0,0,0,0,NA,"NA",NA,NA,NA,5,4,NA,NA,NA,NA,"NS"
"P08519","HexNAc.5.Hex.6.NeuAc.2....N...rare1","Healthy","MECFS",0,0,0,0,0,NA,"NA",NA,NA,NA,5,4,NA,NA,NA,NA,"NS"
"P08519","HexNAc.5.Hex.6.NeuAc.2.Fuc.1....N...rare1","Healthy","MECFS",0,0,0,0,0,NA,"NA",NA,NA,NA,5,4,NA,NA,NA,NA,"NS"
"P08519","HexNAc.5.Hex.6.NeuAc.3....N...rare1","Healthy","MECFS",0,0,0,0,0,NA,"NA",NA,NA,NA,5,4,NA,NA,NA,NA,"NS"
"P08519","HexNAc.6.Hex.7.NeuAc.1....N...rare1","Healthy","MECFS",0,0,0,0,0,NA,"NA",NA,NA,NA,5,4,NA,NA,NA,NA,"NS"
"P08519","HexNAc.6.Hex.7.NeuAc.2.Fuc.1....N...rare1","Healthy","MECFS",0,0,0,0,0,NA,"NA",NA,NA,NA,5,4,NA,NA,NA,NA,"NS"
"P08571","HexNAc.2.Hex.10....N...rare1","Healthy","MECFS",0,0,0,0,0,NA,"NA",NA,NA,NA,5,5,NA,NA,NA,NA,"NS"
"P08571","HexNAc.2.Hex.5....N...rare1","Healthy","MECFS",0,0,0,0,0,NA,"NA",NA,NA,NA,5,5,NA,NA,NA,NA,"NS"
"P08571","HexNAc.2.Hex.6....N...rare1","Healthy","MECFS",0,0,0,0,0,NA,"NA",NA,NA,NA,5,5,NA,NA,NA,NA,"NS"
"P08571","HexNAc.2.Hex.7....N...rare1","Healthy","MECFS",0,0,0,0,0,NA,"NA",NA,NA,NA,5,5,NA,NA,NA,NA,"NS"
"P08571","HexNAc.2.Hex.8....N...rare1","Healthy","MECFS",0,0,0,0,0,NA,"NA",NA,NA,NA,5,5,NA,NA,NA,NA,"NS"
"P08571","HexNAc.2.Hex.9....N...rare1","Healthy","MECFS",0,0,0,0,0,NA,"NA",NA,NA,NA,5,5,NA,NA,NA,NA,"NS"
"P08571","HexNAc.3.Hex.4.NeuAc.1....N...rare1","Healthy","MECFS",0,0,0,0,0,NA,"NA",NA,NA,NA,5,5,NA,NA,NA,NA,"NS"
"P08571","HexNAc.3.Hex.4.NeuAc.1.Fuc.1....N...rare1","Healthy","MECFS",0,0,0,0,0,NA,"NA",NA,NA,NA,5,5,NA,NA,NA,NA,"NS"
"P08571","HexNAc.3.Hex.5....N...rare1","Healthy","MECFS",0,0,0,0,0,NA,"NA",NA,NA,NA,5,5,NA,NA,NA,NA,"NS"
"P08571","HexNAc.3.Hex.5.NeuAc.1....N...rare1","Healthy","MECFS",0,0,0,0,0,NA,"NA",NA,NA,NA,5,5,NA,NA,NA,NA,"NS"
"P08571","HexNAc.3.Hex.6....N...rare1","Healthy","MECFS",0,0,0,0,0,NA,"NA",NA,NA,NA,5,5,NA,NA,NA,NA,"NS"
"P08571","HexNAc.3.Hex.6.NeuAc.1....N...rare1","Healthy","MECFS",0,0,0,0,0,NA,"NA",NA,NA,NA,5,5,NA,NA,NA,NA,"NS"
"P08571","HexNAc.4.Hex.3....N...rare1","Healthy","MECFS",0,0,0,0,0,NA,"NA",NA,NA,NA,5,5,NA,NA,NA,NA,"NS"
"P08571","HexNAc.4.Hex.3.Fuc.1....N...rare1","Healthy","MECFS",0,0,0,0,0,NA,"NA",NA,NA,NA,5,5,NA,NA,NA,NA,"NS"
"P08571","HexNAc.4.Hex.4....N...rare1","Healthy","MECFS",0,0,0,0,0,NA,"NA",NA,NA,NA,5,5,NA,NA,NA,NA,"NS"
"P08571","HexNAc.4.Hex.4.Fuc.1....N...rare1","Healthy","MECFS",0,0,0,0,0,NA,"NA",NA,NA,NA,5,5,NA,NA,NA,NA,"NS"
"P08571","HexNAc.4.Hex.4.NeuAc.1....N...rare1","Healthy","MECFS",0,0,0,0,0,NA,"NA",NA,NA,NA,5,5,NA,NA,NA,NA,"NS"
"P08571","HexNAc.4.Hex.5....N...rare1","Healthy","MECFS",0,0,0,0,0,NA,"NA",NA,NA,NA,5,5,NA,NA,NA,NA,"NS"
"P08571","HexNAc.4.Hex.5.Fuc.1....N...rare1","Healthy","MECFS",0,0,0,0,0,NA,"NA",NA,NA,NA,5,5,NA,NA,NA,NA,"NS"
"P08571","HexNAc.4.Hex.5.NeuAc.1.Fuc.1....N...rare1","Healthy","MECFS",0,0,0,0,0,NA,"NA",NA,NA,NA,5,5,NA,NA,NA,NA,"NS"
"P08571","HexNAc.4.Hex.5.NeuAc.2.Fuc.1....N...rare1","Healthy","MECFS",0,0,0,0,0,NA,"NA",NA,NA,NA,5,5,NA,NA,NA,NA,"NS"
"P08571","HexNAc.4.Hex.6.NeuAc.1....N...rare1","Healthy","MECFS",0,0,0,0,0,NA,"NA",NA,NA,NA,5,5,NA,NA,NA,NA,"NS"
"P08571","HexNAc.5.Hex.3....N...rare1","Healthy","MECFS",0,0,0,0,0,NA,"NA",NA,NA,NA,5,5,NA,NA,NA,NA,"NS"
"P08571","HexNAc.5.Hex.3.Fuc.1....N...rare1","Healthy","MECFS",0,0,0,0,0,NA,"NA",NA,NA,NA,5,5,NA,NA,NA,NA,"NS"
"P08571","HexNAc.5.Hex.4....N...rare1","Healthy","MECFS",0,0,0,0,0,NA,"NA",NA,NA,NA,5,5,NA,NA,NA,NA,"NS"
"P08571","HexNAc.5.Hex.4.Fuc.1....N...rare1","Healthy","MECFS",0,0,0,0,0,NA,"NA",NA,NA,NA,5,5,NA,NA,NA,NA,"NS"
"P08571","HexNAc.5.Hex.4.NeuAc.1....N...rare1","Healthy","MECFS",0,0,0,0,0,NA,"NA",NA,NA,NA,5,5,NA,NA,NA,NA,"NS"
"P08571","HexNAc.5.Hex.4.NeuAc.1.Fuc.1....N...rare1","Healthy","MECFS",0,0,0,0,0,NA,"NA",NA,NA,NA,5,5,NA,NA,NA,NA,"NS"
"P08571","HexNAc.5.Hex.5....N...rare1","Healthy","MECFS",0,0,0,0,0,NA,"NA",NA,NA,NA,5,5,NA,NA,NA,NA,"NS"
"P08571","HexNAc.5.Hex.5.Fuc.1....N...rare1","Healthy","MECFS",0,0,0,0,0,NA,"NA",NA,NA,NA,5,5,NA,NA,NA,NA,"NS"
"P08571","HexNAc.5.Hex.5.NeuAc.1....N...rare1","Healthy","MECFS",0,0,0,0,0,NA,"NA",NA,NA,NA,5,5,NA,NA,NA,NA,"NS"
"P08571","HexNAc.5.Hex.5.NeuAc.1.Fuc.1....N...rare1","Healthy","MECFS",0,0,0,0,0,NA,"NA",NA,NA,NA,5,5,NA,NA,NA,NA,"NS"
"P08571","HexNAc.5.Hex.5.NeuAc.2.Fuc.1....N...rare1","Healthy","MECFS",0,0,0,0,0,NA,"NA",NA,NA,NA,5,5,NA,NA,NA,NA,"NS"
"P08571","HexNAc.5.Hex.6.NeuAc.1....N...rare1","Healthy","MECFS",0,0,0,0,0,NA,"NA",NA,NA,NA,5,5,NA,NA,NA,NA,"NS"
"P08571","HexNAc.5.Hex.6.NeuAc.2....N...rare1","Healthy","MECFS",0,0,0,0,0,NA,"NA",NA,NA,NA,5,5,NA,NA,NA,NA,"NS"
"P08571","HexNAc.5.Hex.6.NeuAc.2.Fuc.1....N...rare1","Healthy","MECFS",0,0,0,0,0,NA,"NA",NA,NA,NA,5,5,NA,NA,NA,NA,"NS"
"P08571","HexNAc.5.Hex.6.NeuAc.3....N...rare1","Healthy","MECFS",0,0,0,0,0,NA,"NA",NA,NA,NA,5,5,NA,NA,NA,NA,"NS"
"P08571","HexNAc.6.Hex.7.NeuAc.1....N...rare1","Healthy","MECFS",0,0,0,0,0,NA,"NA",NA,NA,NA,5,5,NA,NA,NA,NA,"NS"
"P08571","HexNAc.6.Hex.7.NeuAc.2.Fuc.1....N...rare1","Healthy","MECFS",0,0,0,0,0,NA,"NA",NA,NA,NA,5,5,NA,NA,NA,NA,"NS"
"P08603","HexNAc.2.Hex.10....N...rare1","Healthy","MECFS",0,0,0,0,0,NA,"NA",NA,NA,NA,5,5,NA,NA,NA,NA,"NS"
"P08603","HexNAc.2.Hex.5....N...rare1","Healthy","MECFS",0,0,0,0,0,NA,"NA",NA,NA,NA,5,5,NA,NA,NA,NA,"NS"
"P08603","HexNAc.2.Hex.6....N...rare1","Healthy","MECFS",0,0,0,0,0,NA,"NA",NA,NA,NA,5,5,NA,NA,NA,NA,"NS"
"P08603","HexNAc.2.Hex.7....N...rare1","Healthy","MECFS",0,0,0,0,0,NA,"NA",NA,NA,NA,5,5,NA,NA,NA,NA,"NS"
"P08603","HexNAc.2.Hex.8....N...rare1","Healthy","MECFS",0,0,0,0,0,NA,"NA",NA,NA,NA,5,5,NA,NA,NA,NA,"NS"
"P08603","HexNAc.2.Hex.9....N...rare1","Healthy","MECFS",0,0,0,0,0,NA,"NA",NA,NA,NA,5,5,NA,NA,NA,NA,"NS"
"P08603","HexNAc.3.Hex.4.NeuAc.1.Fuc.1....N...rare1","Healthy","MECFS",0,0,0,0,0,NA,"NA",NA,NA,NA,5,5,NA,NA,NA,NA,"NS"
"P08603","HexNAc.3.Hex.5....N...rare1","Healthy","MECFS",0,0,0,0,0,NA,"NA",NA,NA,NA,5,5,NA,NA,NA,NA,"NS"
"P08603","HexNAc.3.Hex.5.NeuAc.1....N...rare1","Healthy","MECFS",0,0,0,0,0,NA,"NA",NA,NA,NA,5,5,NA,NA,NA,NA,"NS"
"P08603","HexNAc.3.Hex.6....N...rare1","Healthy","MECFS",0,0,0,0,0,NA,"NA",NA,NA,NA,5,5,NA,NA,NA,NA,"NS"
"P08603","HexNAc.3.Hex.6.NeuAc.1....N...rare1","Healthy","MECFS",0,0,0,0,0,NA,"NA",NA,NA,NA,5,5,NA,NA,NA,NA,"NS"
"P08603","HexNAc.4.Hex.3....N...rare1","Healthy","MECFS",0,0,0,0,0,NA,"NA",NA,NA,NA,5,5,NA,NA,NA,NA,"NS"
"P08603","HexNAc.4.Hex.3.Fuc.1....N...rare1","Healthy","MECFS",0,0,0,0,0,NA,"NA",NA,NA,NA,5,5,NA,NA,NA,NA,"NS"
"P08603","HexNAc.4.Hex.4....N...rare1","Healthy","MECFS",0,0,0,0,0,NA,"NA",NA,NA,NA,5,5,NA,NA,NA,NA,"NS"
"P08603","HexNAc.4.Hex.4.Fuc.1....N...rare1","Healthy","MECFS",0,0,0,0,0,NA,"NA",NA,NA,NA,5,5,NA,NA,NA,NA,"NS"
"P08603","HexNAc.4.Hex.4.NeuAc.1....N...rare1","Healthy","MECFS",0,0,0,0,0,NA,"NA",NA,NA,NA,5,5,NA,NA,NA,NA,"NS"
"P08603","HexNAc.4.Hex.5....N...rare1","Healthy","MECFS",0,0,0,0,0,NA,"NA",NA,NA,NA,5,5,NA,NA,NA,NA,"NS"
"P08603","HexNAc.5.Hex.3....N...rare1","Healthy","MECFS",0,0,0,0,0,NA,"NA",NA,NA,NA,5,5,NA,NA,NA,NA,"NS"
"P08603","HexNAc.5.Hex.3.Fuc.1....N...rare1","Healthy","MECFS",0,0,0,0,0,NA,"NA",NA,NA,NA,5,5,NA,NA,NA,NA,"NS"
"P08603","HexNAc.5.Hex.4....N...rare1","Healthy","MECFS",0,0,0,0,0,NA,"NA",NA,NA,NA,5,5,NA,NA,NA,NA,"NS"
"P08603","HexNAc.5.Hex.4.Fuc.1....N...rare1","Healthy","MECFS",0,0,0,0,0,NA,"NA",NA,NA,NA,5,5,NA,NA,NA,NA,"NS"
"P08603","HexNAc.5.Hex.4.NeuAc.1.Fuc.1....N...rare1","Healthy","MECFS",0,0,0,0,0,NA,"NA",NA,NA,NA,5,5,NA,NA,NA,NA,"NS"
"P08603","HexNAc.5.Hex.5....N...rare1","Healthy","MECFS",0,0,0,0,0,NA,"NA",NA,NA,NA,5,5,NA,NA,NA,NA,"NS"
"P08603","HexNAc.5.Hex.5.NeuAc.1....N...rare1","Healthy","MECFS",0,0,0,0,0,NA,"NA",NA,NA,NA,5,5,NA,NA,NA,NA,"NS"
"P08603","HexNAc.5.Hex.5.NeuAc.2.Fuc.1....N...rare1","Healthy","MECFS",0,0,0,0,0,NA,"NA",NA,NA,NA,5,5,NA,NA,NA,NA,"NS"
"P08603","HexNAc.6.Hex.7.NeuAc.1....N...rare1","Healthy","MECFS",0,0,0,0,0,NA,"NA",NA,NA,NA,5,5,NA,NA,NA,NA,"NS"
"P08603","HexNAc.6.Hex.7.NeuAc.2.Fuc.1....N...rare1","Healthy","MECFS",0,0,0,0,0,NA,"NA",NA,NA,NA,5,5,NA,NA,NA,NA,"NS"
"P0C0L4","HexNAc.2.Hex.5....N...rare1","Healthy","MECFS",0,0,0,0,0,NA,"NA",NA,NA,NA,5,5,NA,NA,NA,NA,"NS"
"P0C0L4","HexNAc.2.Hex.6....N...rare1","Healthy","MECFS",0,0,0,0,0,NA,"NA",NA,NA,NA,5,5,NA,NA,NA,NA,"NS"
"P0C0L4","HexNAc.3.Hex.4.NeuAc.1.Fuc.1....N...rare1","Healthy","MECFS",0,0,0,0,0,NA,"NA",NA,NA,NA,5,5,NA,NA,NA,NA,"NS"
"P0C0L4","HexNAc.3.Hex.5....N...rare1","Healthy","MECFS",0,0,0,0,0,NA,"NA",NA,NA,NA,5,5,NA,NA,NA,NA,"NS"
"P0C0L4","HexNAc.3.Hex.5.NeuAc.1....N...rare1","Healthy","MECFS",0,0,0,0,0,NA,"NA",NA,NA,NA,5,5,NA,NA,NA,NA,"NS"
"P0C0L4","HexNAc.3.Hex.6....N...rare1","Healthy","MECFS",0,0,0,0,0,NA,"NA",NA,NA,NA,5,5,NA,NA,NA,NA,"NS"
"P0C0L4","HexNAc.3.Hex.6.NeuAc.1....N...rare1","Healthy","MECFS",0,0,0,0,0,NA,"NA",NA,NA,NA,5,5,NA,NA,NA,NA,"NS"
"P0C0L4","HexNAc.4.Hex.3....N...rare1","Healthy","MECFS",0,0,0,0,0,NA,"NA",NA,NA,NA,5,5,NA,NA,NA,NA,"NS"
"P0C0L4","HexNAc.4.Hex.3.Fuc.1....N...rare1","Healthy","MECFS",0,0,0,0,0,NA,"NA",NA,NA,NA,5,5,NA,NA,NA,NA,"NS"
"P0C0L4","HexNAc.4.Hex.4....N...rare1","Healthy","MECFS",0,0,0,0,0,NA,"NA",NA,NA,NA,5,5,NA,NA,NA,NA,"NS"
"P0C0L4","HexNAc.4.Hex.4.Fuc.1....N...rare1","Healthy","MECFS",0,0,0,0,0,NA,"NA",NA,NA,NA,5,5,NA,NA,NA,NA,"NS"
"P0C0L4","HexNAc.4.Hex.4.NeuAc.1....N...rare1","Healthy","MECFS",0,0,0,0,0,NA,"NA",NA,NA,NA,5,5,NA,NA,NA,NA,"NS"
"P0C0L4","HexNAc.4.Hex.5....N...rare1","Healthy","MECFS",0,0,0,0,0,NA,"NA",NA,NA,NA,5,5,NA,NA,NA,NA,"NS"
"P0C0L4","HexNAc.4.Hex.5.Fuc.1....N...rare1","Healthy","MECFS",0,0,0,0,0,NA,"NA",NA,NA,NA,5,5,NA,NA,NA,NA,"NS"
"P0C0L4","HexNAc.4.Hex.6.NeuAc.1....N...rare1","Healthy","MECFS",0,0,0,0,0,NA,"NA",NA,NA,NA,5,5,NA,NA,NA,NA,"NS"
"P0C0L4","HexNAc.5.Hex.3....N...rare1","Healthy","MECFS",0,0,0,0,0,NA,"NA",NA,NA,NA,5,5,NA,NA,NA,NA,"NS"
"P0C0L4","HexNAc.5.Hex.3.Fuc.1....N...rare1","Healthy","MECFS",0,0,0,0,0,NA,"NA",NA,NA,NA,5,5,NA,NA,NA,NA,"NS"
"P0C0L4","HexNAc.5.Hex.4....N...rare1","Healthy","MECFS",0,0,0,0,0,NA,"NA",NA,NA,NA,5,5,NA,NA,NA,NA,"NS"
"P0C0L4","HexNAc.5.Hex.4.Fuc.1....N...rare1","Healthy","MECFS",0,0,0,0,0,NA,"NA",NA,NA,NA,5,5,NA,NA,NA,NA,"NS"
"P0C0L4","HexNAc.5.Hex.4.NeuAc.1....N...rare1","Healthy","MECFS",0,0,0,0,0,NA,"NA",NA,NA,NA,5,5,NA,NA,NA,NA,"NS"
"P0C0L4","HexNAc.5.Hex.4.NeuAc.1.Fuc.1....N...rare1","Healthy","MECFS",0,0,0,0,0,NA,"NA",NA,NA,NA,5,5,NA,NA,NA,NA,"NS"
"P0C0L4","HexNAc.5.Hex.5....N...rare1","Healthy","MECFS",0,0,0,0,0,NA,"NA",NA,NA,NA,5,5,NA,NA,NA,NA,"NS"
"P0C0L4","HexNAc.5.Hex.5.Fuc.1....N...rare1","Healthy","MECFS",0,0,0,0,0,NA,"NA",NA,NA,NA,5,5,NA,NA,NA,NA,"NS"
"P0C0L4","HexNAc.5.Hex.5.NeuAc.1....N...rare1","Healthy","MECFS",0,0,0,0,0,NA,"NA",NA,NA,NA,5,5,NA,NA,NA,NA,"NS"
"P0C0L4","HexNAc.5.Hex.5.NeuAc.1.Fuc.1....N...rare1","Healthy","MECFS",0,0,0,0,0,NA,"NA",NA,NA,NA,5,5,NA,NA,NA,NA,"NS"
"P0C0L4","HexNAc.5.Hex.5.NeuAc.2.Fuc.1....N...rare1","Healthy","MECFS",0,0,0,0,0,NA,"NA",NA,NA,NA,5,5,NA,NA,NA,NA,"NS"
"P0C0L4","HexNAc.5.Hex.6.NeuAc.1....N...rare1","Healthy","MECFS",0,0,0,0,0,NA,"NA",NA,NA,NA,5,5,NA,NA,NA,NA,"NS"
"P0C0L4","HexNAc.5.Hex.6.NeuAc.2....N...rare1","Healthy","MECFS",0,0,0,0,0,NA,"NA",NA,NA,NA,5,5,NA,NA,NA,NA,"NS"
"P0C0L4","HexNAc.5.Hex.6.NeuAc.2.Fuc.1....N...rare1","Healthy","MECFS",0,0,0,0,0,NA,"NA",NA,NA,NA,5,5,NA,NA,NA,NA,"NS"
"P0C0L4","HexNAc.5.Hex.6.NeuAc.3....N...rare1","Healthy","MECFS",0,0,0,0,0,NA,"NA",NA,NA,NA,5,5,NA,NA,NA,NA,"NS"
"P0C0L4","HexNAc.6.Hex.7.NeuAc.1....N...rare1","Healthy","MECFS",0,0,0,0,0,NA,"NA",NA,NA,NA,5,5,NA,NA,NA,NA,"NS"
"P0C0L4","HexNAc.6.Hex.7.NeuAc.2.Fuc.1....N...rare1","Healthy","MECFS",0,0,0,0,0,NA,"NA",NA,NA,NA,5,5,NA,NA,NA,NA,"NS"
"P0DOX2","HexNAc.2.Hex.10....N...rare1","Healthy","MECFS",0,0,0,0,0,NA,"NA",NA,NA,NA,5,5,NA,NA,NA,NA,"NS"
"P0DOX2","HexNAc.2.Hex.5....N...rare1","Healthy","MECFS",0,0,0,0,0,NA,"NA",NA,NA,NA,5,5,NA,NA,NA,NA,"NS"
"P0DOX2","HexNAc.2.Hex.6....N...rare1","Healthy","MECFS",0,0,0,0,0,NA,"NA",NA,NA,NA,5,5,NA,NA,NA,NA,"NS"
"P0DOX2","HexNAc.2.Hex.7....N...rare1","Healthy","MECFS",0,0,0,0,0,NA,"NA",NA,NA,NA,5,5,NA,NA,NA,NA,"NS"
"P0DOX2","HexNAc.2.Hex.8....N...rare1","Healthy","MECFS",0,0,0,0,0,NA,"NA",NA,NA,NA,5,5,NA,NA,NA,NA,"NS"
"P0DOX2","HexNAc.2.Hex.9....N...rare1","Healthy","MECFS",0,0,0,0,0,NA,"NA",NA,NA,NA,5,5,NA,NA,NA,NA,"NS"
"P0DOX2","HexNAc.3.Hex.4.NeuAc.1....N...rare1","Healthy","MECFS",0,0,0,0,0,NA,"NA",NA,NA,NA,5,5,NA,NA,NA,NA,"NS"
"P0DOX2","HexNAc.3.Hex.5....N...rare1","Healthy","MECFS",0,0,0,0,0,NA,"NA",NA,NA,NA,5,5,NA,NA,NA,NA,"NS"
"P0DOX2","HexNAc.3.Hex.5.NeuAc.1....N...rare1","Healthy","MECFS",0,0,0,0,0,NA,"NA",NA,NA,NA,5,5,NA,NA,NA,NA,"NS"
"P0DOX2","HexNAc.3.Hex.6....N...rare1","Healthy","MECFS",0,0,0,0,0,NA,"NA",NA,NA,NA,5,5,NA,NA,NA,NA,"NS"
"P0DOX2","HexNAc.3.Hex.6.NeuAc.1....N...rare1","Healthy","MECFS",0,0,0,0,0,NA,"NA",NA,NA,NA,5,5,NA,NA,NA,NA,"NS"
"P0DOX2","HexNAc.4.Hex.3....N...rare1","Healthy","MECFS",0,0,0,0,0,NA,"NA",NA,NA,NA,5,5,NA,NA,NA,NA,"NS"
"P0DOX2","HexNAc.4.Hex.4....N...rare1","Healthy","MECFS",0,0,0,0,0,NA,"NA",NA,NA,NA,5,5,NA,NA,NA,NA,"NS"
"P0DOX2","HexNAc.4.Hex.4.NeuAc.1....N...rare1","Healthy","MECFS",0,0,0,0,0,NA,"NA",NA,NA,NA,5,5,NA,NA,NA,NA,"NS"
"P0DOX2","HexNAc.4.Hex.5....N...rare1","Healthy","MECFS",0,0,0,0,0,NA,"NA",NA,NA,NA,5,5,NA,NA,NA,NA,"NS"
"P0DOX2","HexNAc.5.Hex.3....N...rare1","Healthy","MECFS",0,0,0,0,0,NA,"NA",NA,NA,NA,5,5,NA,NA,NA,NA,"NS"
"P0DOX2","HexNAc.5.Hex.3.Fuc.1....N...rare1","Healthy","MECFS",0,0,0,0,0,NA,"NA",NA,NA,NA,5,5,NA,NA,NA,NA,"NS"
"P0DOX2","HexNAc.5.Hex.4....N...rare1","Healthy","MECFS",0,0,0,0,0,NA,"NA",NA,NA,NA,5,5,NA,NA,NA,NA,"NS"
"P0DOX2","HexNAc.5.Hex.4.NeuAc.1....N...rare1","Healthy","MECFS",0,0,0,0,0,NA,"NA",NA,NA,NA,5,5,NA,NA,NA,NA,"NS"
"P0DOX2","HexNAc.5.Hex.5....N...rare1","Healthy","MECFS",0,0,0,0,0,NA,"NA",NA,NA,NA,5,5,NA,NA,NA,NA,"NS"
"P0DOX2","HexNAc.5.Hex.6.NeuAc.2....N...rare1","Healthy","MECFS",0,0,0,0,0,NA,"NA",NA,NA,NA,5,5,NA,NA,NA,NA,"NS"
"P0DOX2","HexNAc.5.Hex.6.NeuAc.2.Fuc.1....N...rare1","Healthy","MECFS",0,0,0,0,0,NA,"NA",NA,NA,NA,5,5,NA,NA,NA,NA,"NS"
"P0DOX2","HexNAc.5.Hex.6.NeuAc.3....N...rare1","Healthy","MECFS",0,0,0,0,0,NA,"NA",NA,NA,NA,5,5,NA,NA,NA,NA,"NS"
"P0DOX2","HexNAc.6.Hex.7.NeuAc.1....N...rare1","Healthy","MECFS",0,0,0,0,0,NA,"NA",NA,NA,NA,5,5,NA,NA,NA,NA,"NS"
"P0DOX2","HexNAc.6.Hex.7.NeuAc.2.Fuc.1....N...rare1","Healthy","MECFS",0,0,0,0,0,NA,"NA",NA,NA,NA,5,5,NA,NA,NA,NA,"NS"
"P0DOX5","HexNAc.2.Hex.10....N...rare1","Healthy","MECFS",0,0,0,0,0,NA,"NA",NA,NA,NA,5,5,NA,NA,NA,NA,"NS"
"P0DOX5","HexNAc.2.Hex.6....N...rare1","Healthy","MECFS",0,0,0,0,0,NA,"NA",NA,NA,NA,5,5,NA,NA,NA,NA,"NS"
"P0DOX5","HexNAc.2.Hex.7....N...rare1","Healthy","MECFS",0,0,0,0,0,NA,"NA",NA,NA,NA,5,5,NA,NA,NA,NA,"NS"
"P0DOX5","HexNAc.2.Hex.8....N...rare1","Healthy","MECFS",0,0,0,0,0,NA,"NA",NA,NA,NA,5,5,NA,NA,NA,NA,"NS"
"P0DOX5","HexNAc.2.Hex.9....N...rare1","Healthy","MECFS",0,0,0,0,0,NA,"NA",NA,NA,NA,5,5,NA,NA,NA,NA,"NS"
"P0DOX5","HexNAc.3.Hex.4.NeuAc.1....N...rare1","Healthy","MECFS",0,0,0,0,0,NA,"NA",NA,NA,NA,5,5,NA,NA,NA,NA,"NS"
"P0DOX5","HexNAc.3.Hex.5....N...rare1","Healthy","MECFS",0,0,0,0,0,NA,"NA",NA,NA,NA,5,5,NA,NA,NA,NA,"NS"
"P0DOX5","HexNAc.3.Hex.5.NeuAc.1....N...rare1","Healthy","MECFS",0,0,0,0,0,NA,"NA",NA,NA,NA,5,5,NA,NA,NA,NA,"NS"
"P0DOX5","HexNAc.3.Hex.6....N...rare1","Healthy","MECFS",0,0,0,0,0,NA,"NA",NA,NA,NA,5,5,NA,NA,NA,NA,"NS"
"P0DOX5","HexNAc.3.Hex.6.NeuAc.1....N...rare1","Healthy","MECFS",0,0,0,0,0,NA,"NA",NA,NA,NA,5,5,NA,NA,NA,NA,"NS"
"P0DOX5","HexNAc.4.Hex.5.NeuAc.2....N...rare1","Healthy","MECFS",0,0,0,0,0,NA,"NA",NA,NA,NA,5,5,NA,NA,NA,NA,"NS"
"P0DOX5","HexNAc.5.Hex.4.NeuAc.1....N...rare1","Healthy","MECFS",0,0,0,0,0,NA,"NA",NA,NA,NA,5,5,NA,NA,NA,NA,"NS"
"P0DOX5","HexNAc.5.Hex.5.NeuAc.1....N...rare1","Healthy","MECFS",0,0,0,0,0,NA,"NA",NA,NA,NA,5,5,NA,NA,NA,NA,"NS"
"P0DOX5","HexNAc.5.Hex.5.NeuAc.2.Fuc.1....N...rare1","Healthy","MECFS",0,0,0,0,0,NA,"NA",NA,NA,NA,5,5,NA,NA,NA,NA,"NS"
"P0DOX5","HexNAc.5.Hex.6.NeuAc.1....N...rare1","Healthy","MECFS",0,0,0,0,0,NA,"NA",NA,NA,NA,5,5,NA,NA,NA,NA,"NS"
"P0DOX5","HexNAc.5.Hex.6.NeuAc.2....N...rare1","Healthy","MECFS",0,0,0,0,0,NA,"NA",NA,NA,NA,5,5,NA,NA,NA,NA,"NS"
"P0DOX5","HexNAc.5.Hex.6.NeuAc.2.Fuc.1....N...rare1","Healthy","MECFS",0,0,0,0,0,NA,"NA",NA,NA,NA,5,5,NA,NA,NA,NA,"NS"
"P0DOX5","HexNAc.5.Hex.6.NeuAc.3....N...rare1","Healthy","MECFS",0,0,0,0,0,NA,"NA",NA,NA,NA,5,5,NA,NA,NA,NA,"NS"
"P0DOX5","HexNAc.6.Hex.7.NeuAc.1....N...rare1","Healthy","MECFS",0,0,0,0,0,NA,"NA",NA,NA,NA,5,5,NA,NA,NA,NA,"NS"
"P0DOX5","HexNAc.6.Hex.7.NeuAc.2.Fuc.1....N...rare1","Healthy","MECFS",0,0,0,0,0,NA,"NA",NA,NA,NA,5,5,NA,NA,NA,NA,"NS"
"P0DOX6","HexNAc.2.Hex.10....N...rare1","Healthy","MECFS",0,0,0,0,0,NA,"NA",NA,NA,NA,5,5,NA,NA,NA,NA,"NS"
"P0DOX6","HexNAc.3.Hex.4.NeuAc.1....N...rare1","Healthy","MECFS",0,0,0,0,0,NA,"NA",NA,NA,NA,5,5,NA,NA,NA,NA,"NS"
"P0DOX6","HexNAc.3.Hex.4.NeuAc.1.Fuc.1....N...rare1","Healthy","MECFS",0,0,0,0,0,NA,"NA",NA,NA,NA,5,5,NA,NA,NA,NA,"NS"
"P0DOX6","HexNAc.3.Hex.5.NeuAc.1....N...rare1","Healthy","MECFS",0,0,0,0,0,NA,"NA",NA,NA,NA,5,5,NA,NA,NA,NA,"NS"
"P0DOX6","HexNAc.3.Hex.6.NeuAc.1....N...rare1","Healthy","MECFS",0,0,0,0,0,NA,"NA",NA,NA,NA,5,5,NA,NA,NA,NA,"NS"
"P0DOX6","HexNAc.4.Hex.3....N...rare1","Healthy","MECFS",0,0,0,0,0,NA,"NA",NA,NA,NA,5,5,NA,NA,NA,NA,"NS"
"P0DOX6","HexNAc.4.Hex.3.Fuc.1....N...rare1","Healthy","MECFS",0,0,0,0,0,NA,"NA",NA,NA,NA,5,5,NA,NA,NA,NA,"NS"
"P0DOX6","HexNAc.4.Hex.4....N...rare1","Healthy","MECFS",0,0,0,0,0,NA,"NA",NA,NA,NA,5,5,NA,NA,NA,NA,"NS"
"P0DOX6","HexNAc.4.Hex.4.Fuc.1....N...rare1","Healthy","MECFS",0,0,0,0,0,NA,"NA",NA,NA,NA,5,5,NA,NA,NA,NA,"NS"
"P0DOX6","HexNAc.4.Hex.4.NeuAc.1....N...rare1","Healthy","MECFS",0,0,0,0,0,NA,"NA",NA,NA,NA,5,5,NA,NA,NA,NA,"NS"
"P0DOX6","HexNAc.4.Hex.5....N...rare1","Healthy","MECFS",0,0,0,0,0,NA,"NA",NA,NA,NA,5,5,NA,NA,NA,NA,"NS"
"P0DOX6","HexNAc.4.Hex.5.Fuc.1....N...rare1","Healthy","MECFS",0,0,0,0,0,NA,"NA",NA,NA,NA,5,5,NA,NA,NA,NA,"NS"
"P0DOX6","HexNAc.4.Hex.5.NeuAc.1....N...rare1","Healthy","MECFS",0,0,0,0,0,NA,"NA",NA,NA,NA,5,5,NA,NA,NA,NA,"NS"
"P0DOX6","HexNAc.4.Hex.5.NeuAc.2....N...rare1","Healthy","MECFS",0,0,0,0,0,NA,"NA",NA,NA,NA,5,5,NA,NA,NA,NA,"NS"
"P0DOX6","HexNAc.4.Hex.5.NeuAc.2.Fuc.1....N...rare1","Healthy","MECFS",0,0,0,0,0,NA,"NA",NA,NA,NA,5,5,NA,NA,NA,NA,"NS"
"P0DOX6","HexNAc.4.Hex.6.NeuAc.1....N...rare1","Healthy","MECFS",0,0,0,0,0,NA,"NA",NA,NA,NA,5,5,NA,NA,NA,NA,"NS"
"P0DOX6","HexNAc.5.Hex.3....N...rare1","Healthy","MECFS",0,0,0,0,0,NA,"NA",NA,NA,NA,5,5,NA,NA,NA,NA,"NS"
"P0DOX6","HexNAc.5.Hex.3.Fuc.1....N...rare1","Healthy","MECFS",0,0,0,0,0,NA,"NA",NA,NA,NA,5,5,NA,NA,NA,NA,"NS"
"P0DOX6","HexNAc.5.Hex.4....N...rare1","Healthy","MECFS",0,0,0,0,0,NA,"NA",NA,NA,NA,5,5,NA,NA,NA,NA,"NS"
"P0DOX6","HexNAc.5.Hex.4.Fuc.1....N...rare1","Healthy","MECFS",0,0,0,0,0,NA,"NA",NA,NA,NA,5,5,NA,NA,NA,NA,"NS"
"P0DOX6","HexNAc.5.Hex.4.NeuAc.1....N...rare1","Healthy","MECFS",0,0,0,0,0,NA,"NA",NA,NA,NA,5,5,NA,NA,NA,NA,"NS"
"P0DOX6","HexNAc.5.Hex.4.NeuAc.1.Fuc.1....N...rare1","Healthy","MECFS",0,0,0,0,0,NA,"NA",NA,NA,NA,5,5,NA,NA,NA,NA,"NS"
"P0DOX6","HexNAc.5.Hex.5....N...rare1","Healthy","MECFS",0,0,0,0,0,NA,"NA",NA,NA,NA,5,5,NA,NA,NA,NA,"NS"
"P0DOX6","HexNAc.5.Hex.5.Fuc.1....N...rare1","Healthy","MECFS",0,0,0,0,0,NA,"NA",NA,NA,NA,5,5,NA,NA,NA,NA,"NS"
"P0DOX6","HexNAc.5.Hex.5.NeuAc.1....N...rare1","Healthy","MECFS",0,0,0,0,0,NA,"NA",NA,NA,NA,5,5,NA,NA,NA,NA,"NS"
"P0DOX6","HexNAc.5.Hex.5.NeuAc.1.Fuc.1....N...rare1","Healthy","MECFS",0,0,0,0,0,NA,"NA",NA,NA,NA,5,5,NA,NA,NA,NA,"NS"
"P0DOX6","HexNAc.5.Hex.5.NeuAc.2.Fuc.1....N...rare1","Healthy","MECFS",0,0,0,0,0,NA,"NA",NA,NA,NA,5,5,NA,NA,NA,NA,"NS"
"P0DOX6","HexNAc.5.Hex.6.NeuAc.1....N...rare1","Healthy","MECFS",0,0,0,0,0,NA,"NA",NA,NA,NA,5,5,NA,NA,NA,NA,"NS"
"P0DOX6","HexNAc.5.Hex.6.NeuAc.2....N...rare1","Healthy","MECFS",0,0,0,0,0,NA,"NA",NA,NA,NA,5,5,NA,NA,NA,NA,"NS"
"P0DOX6","HexNAc.5.Hex.6.NeuAc.2.Fuc.1....N...rare1","Healthy","MECFS",0,0,0,0,0,NA,"NA",NA,NA,NA,5,5,NA,NA,NA,NA,"NS"
"P0DOX6","HexNAc.5.Hex.6.NeuAc.3....N...rare1","Healthy","MECFS",0,0,0,0,0,NA,"NA",NA,NA,NA,5,5,NA,NA,NA,NA,"NS"
"P0DOX6","HexNAc.6.Hex.7.NeuAc.1....N...rare1","Healthy","MECFS",0,0,0,0,0,NA,"NA",NA,NA,NA,5,5,NA,NA,NA,NA,"NS"
"P0DOX6","HexNAc.6.Hex.7.NeuAc.2.Fuc.1....N...rare1","Healthy","MECFS",0,0,0,0,0,NA,"NA",NA,NA,NA,5,5,NA,NA,NA,NA,"NS"
"P10721","HexNAc.2.Hex.10....N...rare1","Healthy","MECFS",0,0,0,0,0,NA,"NA",NA,NA,NA,5,5,NA,NA,NA,NA,"NS"
"P10721","HexNAc.2.Hex.5....N...rare1","Healthy","MECFS",0,0,0,0,0,NA,"NA",NA,NA,NA,5,5,NA,NA,NA,NA,"NS"
"P10721","HexNAc.2.Hex.6....N...rare1","Healthy","MECFS",0,0,0,0,0,NA,"NA",NA,NA,NA,5,5,NA,NA,NA,NA,"NS"
"P10721","HexNAc.2.Hex.7....N...rare1","Healthy","MECFS",0,0,0,0,0,NA,"NA",NA,NA,NA,5,5,NA,NA,NA,NA,"NS"
"P10721","HexNAc.2.Hex.8....N...rare1","Healthy","MECFS",0,0,0,0,0,NA,"NA",NA,NA,NA,5,5,NA,NA,NA,NA,"NS"
"P10721","HexNAc.2.Hex.9....N...rare1","Healthy","MECFS",0,0,0,0,0,NA,"NA",NA,NA,NA,5,5,NA,NA,NA,NA,"NS"
"P10721","HexNAc.3.Hex.4.NeuAc.1.Fuc.1....N...rare1","Healthy","MECFS",0,0,0,0,0,NA,"NA",NA,NA,NA,5,5,NA,NA,NA,NA,"NS"
"P10721","HexNAc.3.Hex.5....N...rare1","Healthy","MECFS",0,0,0,0,0,NA,"NA",NA,NA,NA,5,5,NA,NA,NA,NA,"NS"
"P10721","HexNAc.3.Hex.5.NeuAc.1....N...rare1","Healthy","MECFS",0,0,0,0,0,NA,"NA",NA,NA,NA,5,5,NA,NA,NA,NA,"NS"
"P10721","HexNAc.3.Hex.6....N...rare1","Healthy","MECFS",0,0,0,0,0,NA,"NA",NA,NA,NA,5,5,NA,NA,NA,NA,"NS"
"P10721","HexNAc.3.Hex.6.NeuAc.1....N...rare1","Healthy","MECFS",0,0,0,0,0,NA,"NA",NA,NA,NA,5,5,NA,NA,NA,NA,"NS"
"P10721","HexNAc.4.Hex.3....N...rare1","Healthy","MECFS",0,0,0,0,0,NA,"NA",NA,NA,NA,5,5,NA,NA,NA,NA,"NS"
"P10721","HexNAc.4.Hex.3.Fuc.1....N...rare1","Healthy","MECFS",0,0,0,0,0,NA,"NA",NA,NA,NA,5,5,NA,NA,NA,NA,"NS"
"P10721","HexNAc.4.Hex.4....N...rare1","Healthy","MECFS",0,0,0,0,0,NA,"NA",NA,NA,NA,5,5,NA,NA,NA,NA,"NS"
"P10721","HexNAc.4.Hex.4.Fuc.1....N...rare1","Healthy","MECFS",0,0,0,0,0,NA,"NA",NA,NA,NA,5,5,NA,NA,NA,NA,"NS"
"P10721","HexNAc.4.Hex.4.NeuAc.1....N...rare1","Healthy","MECFS",0,0,0,0,0,NA,"NA",NA,NA,NA,5,5,NA,NA,NA,NA,"NS"
"P10721","HexNAc.4.Hex.5....N...rare1","Healthy","MECFS",0,0,0,0,0,NA,"NA",NA,NA,NA,5,5,NA,NA,NA,NA,"NS"
"P10721","HexNAc.4.Hex.5.Fuc.1....N...rare1","Healthy","MECFS",0,0,0,0,0,NA,"NA",NA,NA,NA,5,5,NA,NA,NA,NA,"NS"
"P10721","HexNAc.4.Hex.5.NeuAc.2....N...rare1","Healthy","MECFS",0,0,0,0,0,NA,"NA",NA,NA,NA,5,5,NA,NA,NA,NA,"NS"
"P10721","HexNAc.4.Hex.5.NeuAc.2.Fuc.1....N...rare1","Healthy","MECFS",0,0,0,0,0,NA,"NA",NA,NA,NA,5,5,NA,NA,NA,NA,"NS"
"P10721","HexNAc.4.Hex.6.NeuAc.1....N...rare1","Healthy","MECFS",0,0,0,0,0,NA,"NA",NA,NA,NA,5,5,NA,NA,NA,NA,"NS"
"P10721","HexNAc.5.Hex.3....N...rare1","Healthy","MECFS",0,0,0,0,0,NA,"NA",NA,NA,NA,5,5,NA,NA,NA,NA,"NS"
"P10721","HexNAc.5.Hex.3.Fuc.1....N...rare1","Healthy","MECFS",0,0,0,0,0,NA,"NA",NA,NA,NA,5,5,NA,NA,NA,NA,"NS"
"P10721","HexNAc.5.Hex.4....N...rare1","Healthy","MECFS",0,0,0,0,0,NA,"NA",NA,NA,NA,5,5,NA,NA,NA,NA,"NS"
"P10721","HexNAc.5.Hex.4.Fuc.1....N...rare1","Healthy","MECFS",0,0,0,0,0,NA,"NA",NA,NA,NA,5,5,NA,NA,NA,NA,"NS"
"P10721","HexNAc.5.Hex.4.NeuAc.1....N...rare1","Healthy","MECFS",0,0,0,0,0,NA,"NA",NA,NA,NA,5,5,NA,NA,NA,NA,"NS"
"P10721","HexNAc.5.Hex.4.NeuAc.1.Fuc.1....N...rare1","Healthy","MECFS",0,0,0,0,0,NA,"NA",NA,NA,NA,5,5,NA,NA,NA,NA,"NS"
"P10721","HexNAc.5.Hex.5....N...rare1","Healthy","MECFS",0,0,0,0,0,NA,"NA",NA,NA,NA,5,5,NA,NA,NA,NA,"NS"
"P10721","HexNAc.5.Hex.5.Fuc.1....N...rare1","Healthy","MECFS",0,0,0,0,0,NA,"NA",NA,NA,NA,5,5,NA,NA,NA,NA,"NS"
"P10721","HexNAc.5.Hex.5.NeuAc.1....N...rare1","Healthy","MECFS",0,0,0,0,0,NA,"NA",NA,NA,NA,5,5,NA,NA,NA,NA,"NS"
"P10721","HexNAc.5.Hex.5.NeuAc.1.Fuc.1....N...rare1","Healthy","MECFS",0,0,0,0,0,NA,"NA",NA,NA,NA,5,5,NA,NA,NA,NA,"NS"
"P10721","HexNAc.5.Hex.5.NeuAc.2.Fuc.1....N...rare1","Healthy","MECFS",0,0,0,0,0,NA,"NA",NA,NA,NA,5,5,NA,NA,NA,NA,"NS"
"P10721","HexNAc.5.Hex.6.NeuAc.1....N...rare1","Healthy","MECFS",0,0,0,0,0,NA,"NA",NA,NA,NA,5,5,NA,NA,NA,NA,"NS"
"P10721","HexNAc.5.Hex.6.NeuAc.3....N...rare1","Healthy","MECFS",0,0,0,0,0,NA,"NA",NA,NA,NA,5,5,NA,NA,NA,NA,"NS"
"P10721","HexNAc.6.Hex.7.NeuAc.1....N...rare1","Healthy","MECFS",0,0,0,0,0,NA,"NA",NA,NA,NA,5,5,NA,NA,NA,NA,"NS"
"P10721","HexNAc.6.Hex.7.NeuAc.2.Fuc.1....N...rare1","Healthy","MECFS",0,0,0,0,0,NA,"NA",NA,NA,NA,5,5,NA,NA,NA,NA,"NS"
"P10909","HexNAc.2.Hex.10....N...rare1","Healthy","MECFS",0,0,0,0,0,NA,"NA",NA,NA,NA,5,5,NA,NA,NA,NA,"NS"
"P10909","HexNAc.2.Hex.5....N...rare1","Healthy","MECFS",0,0,0,0,0,NA,"NA",NA,NA,NA,5,5,NA,NA,NA,NA,"NS"
"P10909","HexNAc.2.Hex.6....N...rare1","Healthy","MECFS",0,0,0,0,0,NA,"NA",NA,NA,NA,5,5,NA,NA,NA,NA,"NS"
"P10909","HexNAc.2.Hex.7....N...rare1","Healthy","MECFS",0,0,0,0,0,NA,"NA",NA,NA,NA,5,5,NA,NA,NA,NA,"NS"
"P10909","HexNAc.2.Hex.8....N...rare1","Healthy","MECFS",0,0,0,0,0,NA,"NA",NA,NA,NA,5,5,NA,NA,NA,NA,"NS"
"P10909","HexNAc.2.Hex.9....N...rare1","Healthy","MECFS",0,0,0,0,0,NA,"NA",NA,NA,NA,5,5,NA,NA,NA,NA,"NS"
"P10909","HexNAc.3.Hex.5....N...rare1","Healthy","MECFS",0,0,0,0,0,NA,"NA",NA,NA,NA,5,5,NA,NA,NA,NA,"NS"
"P10909","HexNAc.3.Hex.5.NeuAc.1....N...rare1","Healthy","MECFS",0,0,0,0,0,NA,"NA",NA,NA,NA,5,5,NA,NA,NA,NA,"NS"
"P10909","HexNAc.3.Hex.6....N...rare1","Healthy","MECFS",0,0,0,0,0,NA,"NA",NA,NA,NA,5,5,NA,NA,NA,NA,"NS"
"P10909","HexNAc.3.Hex.6.NeuAc.1....N...rare1","Healthy","MECFS",0,0,0,0,0,NA,"NA",NA,NA,NA,5,5,NA,NA,NA,NA,"NS"
"P10909","HexNAc.4.Hex.3....N...rare1","Healthy","MECFS",0,0,0,0,0,NA,"NA",NA,NA,NA,5,5,NA,NA,NA,NA,"NS"
"P10909","HexNAc.4.Hex.3.Fuc.1....N...rare1","Healthy","MECFS",0,0,0,0,0,NA,"NA",NA,NA,NA,5,5,NA,NA,NA,NA,"NS"
"P10909","HexNAc.4.Hex.4....N...rare1","Healthy","MECFS",0,0,0,0,0,NA,"NA",NA,NA,NA,5,5,NA,NA,NA,NA,"NS"
"P10909","HexNAc.4.Hex.4.Fuc.1....N...rare1","Healthy","MECFS",0,0,0,0,0,NA,"NA",NA,NA,NA,5,5,NA,NA,NA,NA,"NS"
"P10909","HexNAc.4.Hex.4.NeuAc.1....N...rare1","Healthy","MECFS",0,0,0,0,0,NA,"NA",NA,NA,NA,5,5,NA,NA,NA,NA,"NS"
"P10909","HexNAc.4.Hex.5.Fuc.1....N...rare1","Healthy","MECFS",0,0,0,0,0,NA,"NA",NA,NA,NA,5,5,NA,NA,NA,NA,"NS"
"P10909","HexNAc.4.Hex.5.NeuAc.1.Fuc.1....N...rare1","Healthy","MECFS",0,0,0,0,0,NA,"NA",NA,NA,NA,5,5,NA,NA,NA,NA,"NS"
"P10909","HexNAc.5.Hex.3....N...rare1","Healthy","MECFS",0,0,0,0,0,NA,"NA",NA,NA,NA,5,5,NA,NA,NA,NA,"NS"
"P10909","HexNAc.5.Hex.3.Fuc.1....N...rare1","Healthy","MECFS",0,0,0,0,0,NA,"NA",NA,NA,NA,5,5,NA,NA,NA,NA,"NS"
"P10909","HexNAc.5.Hex.4....N...rare1","Healthy","MECFS",0,0,0,0,0,NA,"NA",NA,NA,NA,5,5,NA,NA,NA,NA,"NS"
"P10909","HexNAc.5.Hex.4.Fuc.1....N...rare1","Healthy","MECFS",0,0,0,0,0,NA,"NA",NA,NA,NA,5,5,NA,NA,NA,NA,"NS"
"P10909","HexNAc.5.Hex.4.NeuAc.1....N...rare1","Healthy","MECFS",0,0,0,0,0,NA,"NA",NA,NA,NA,5,5,NA,NA,NA,NA,"NS"
"P10909","HexNAc.5.Hex.4.NeuAc.1.Fuc.1....N...rare1","Healthy","MECFS",0,0,0,0,0,NA,"NA",NA,NA,NA,5,5,NA,NA,NA,NA,"NS"
"P10909","HexNAc.5.Hex.5....N...rare1","Healthy","MECFS",0,0,0,0,0,NA,"NA",NA,NA,NA,5,5,NA,NA,NA,NA,"NS"
"P10909","HexNAc.5.Hex.5.Fuc.1....N...rare1","Healthy","MECFS",0,0,0,0,0,NA,"NA",NA,NA,NA,5,5,NA,NA,NA,NA,"NS"
"P10909","HexNAc.5.Hex.5.NeuAc.1....N...rare1","Healthy","MECFS",0,0,0,0,0,NA,"NA",NA,NA,NA,5,5,NA,NA,NA,NA,"NS"
"P10909","HexNAc.5.Hex.5.NeuAc.1.Fuc.1....N...rare1","Healthy","MECFS",0,0,0,0,0,NA,"NA",NA,NA,NA,5,5,NA,NA,NA,NA,"NS"
"P10909","HexNAc.5.Hex.5.NeuAc.2.Fuc.1....N...rare1","Healthy","MECFS",0,0,0,0,0,NA,"NA",NA,NA,NA,5,5,NA,NA,NA,NA,"NS"
"P12259","HexNAc.2.Hex.10....N...rare1","Healthy","MECFS",0,0,0,0,0,NA,"NA",NA,NA,NA,4,5,NA,NA,NA,NA,"NS"
"P12259","HexNAc.2.Hex.5....N...rare1","Healthy","MECFS",0,0,0,0,0,NA,"NA",NA,NA,NA,4,5,NA,NA,NA,NA,"NS"
"P12259","HexNAc.2.Hex.6....N...rare1","Healthy","MECFS",0,0,0,0,0,NA,"NA",NA,NA,NA,4,5,NA,NA,NA,NA,"NS"
"P12259","HexNAc.2.Hex.7....N...rare1","Healthy","MECFS",0,0,0,0,0,NA,"NA",NA,NA,NA,4,5,NA,NA,NA,NA,"NS"
"P12259","HexNAc.2.Hex.8....N...rare1","Healthy","MECFS",0,0,0,0,0,NA,"NA",NA,NA,NA,4,5,NA,NA,NA,NA,"NS"
"P12259","HexNAc.2.Hex.9....N...rare1","Healthy","MECFS",0,0,0,0,0,NA,"NA",NA,NA,NA,4,5,NA,NA,NA,NA,"NS"
"P12259","HexNAc.3.Hex.4.NeuAc.1....N...rare1","Healthy","MECFS",0,0,0,0,0,NA,"NA",NA,NA,NA,4,5,NA,NA,NA,NA,"NS"
"P12259","HexNAc.3.Hex.4.NeuAc.1.Fuc.1....N...rare1","Healthy","MECFS",0,0,0,0,0,NA,"NA",NA,NA,NA,4,5,NA,NA,NA,NA,"NS"
"P12259","HexNAc.3.Hex.5....N...rare1","Healthy","MECFS",0,0,0,0,0,NA,"NA",NA,NA,NA,4,5,NA,NA,NA,NA,"NS"
"P12259","HexNAc.3.Hex.5.NeuAc.1....N...rare1","Healthy","MECFS",0,0,0,0,0,NA,"NA",NA,NA,NA,4,5,NA,NA,NA,NA,"NS"
"P12259","HexNAc.3.Hex.6....N...rare1","Healthy","MECFS",0,0,0,0,0,NA,"NA",NA,NA,NA,4,5,NA,NA,NA,NA,"NS"
"P12259","HexNAc.3.Hex.6.NeuAc.1....N...rare1","Healthy","MECFS",0,0,0,0,0,NA,"NA",NA,NA,NA,4,5,NA,NA,NA,NA,"NS"
"P12259","HexNAc.4.Hex.3....N...rare1","Healthy","MECFS",0,0,0,0,0,NA,"NA",NA,NA,NA,4,5,NA,NA,NA,NA,"NS"
"P12259","HexNAc.4.Hex.3.Fuc.1....N...rare1","Healthy","MECFS",0,0,0,0,0,NA,"NA",NA,NA,NA,4,5,NA,NA,NA,NA,"NS"
"P12259","HexNAc.4.Hex.4....N...rare1","Healthy","MECFS",0,0,0,0,0,NA,"NA",NA,NA,NA,4,5,NA,NA,NA,NA,"NS"
"P12259","HexNAc.4.Hex.4.Fuc.1....N...rare1","Healthy","MECFS",0,0,0,0,0,NA,"NA",NA,NA,NA,4,5,NA,NA,NA,NA,"NS"
"P12259","HexNAc.4.Hex.4.NeuAc.1....N...rare1","Healthy","MECFS",0,0,0,0,0,NA,"NA",NA,NA,NA,4,5,NA,NA,NA,NA,"NS"
"P12259","HexNAc.4.Hex.5....N...rare1","Healthy","MECFS",0,0,0,0,0,NA,"NA",NA,NA,NA,4,5,NA,NA,NA,NA,"NS"
"P12259","HexNAc.4.Hex.5.Fuc.1....N...rare1","Healthy","MECFS",0,0,0,0,0,NA,"NA",NA,NA,NA,4,5,NA,NA,NA,NA,"NS"
"P12259","HexNAc.4.Hex.5.NeuAc.1....N...rare1","Healthy","MECFS",0,0,0,0,0,NA,"NA",NA,NA,NA,4,5,NA,NA,NA,NA,"NS"
"P12259","HexNAc.4.Hex.5.NeuAc.1.Fuc.1....N...rare1","Healthy","MECFS",0,0,0,0,0,NA,"NA",NA,NA,NA,4,5,NA,NA,NA,NA,"NS"
"P12259","HexNAc.4.Hex.5.NeuAc.2....N...rare1","Healthy","MECFS",0,0,0,0,0,NA,"NA",NA,NA,NA,4,5,NA,NA,NA,NA,"NS"
"P12259","HexNAc.4.Hex.5.NeuAc.2.Fuc.1....N...rare1","Healthy","MECFS",0,0,0,0,0,NA,"NA",NA,NA,NA,4,5,NA,NA,NA,NA,"NS"
"P12259","HexNAc.4.Hex.6.NeuAc.1....N...rare1","Healthy","MECFS",0,0,0,0,0,NA,"NA",NA,NA,NA,4,5,NA,NA,NA,NA,"NS"
"P12259","HexNAc.5.Hex.3....N...rare1","Healthy","MECFS",0,0,0,0,0,NA,"NA",NA,NA,NA,4,5,NA,NA,NA,NA,"NS"
"P12259","HexNAc.5.Hex.3.Fuc.1....N...rare1","Healthy","MECFS",0,0,0,0,0,NA,"NA",NA,NA,NA,4,5,NA,NA,NA,NA,"NS"
"P12259","HexNAc.5.Hex.4....N...rare1","Healthy","MECFS",0,0,0,0,0,NA,"NA",NA,NA,NA,4,5,NA,NA,NA,NA,"NS"
"P12259","HexNAc.5.Hex.4.Fuc.1....N...rare1","Healthy","MECFS",0,0,0,0,0,NA,"NA",NA,NA,NA,4,5,NA,NA,NA,NA,"NS"
"P12259","HexNAc.5.Hex.4.NeuAc.1....N...rare1","Healthy","MECFS",0,0,0,0,0,NA,"NA",NA,NA,NA,4,5,NA,NA,NA,NA,"NS"
"P12259","HexNAc.5.Hex.4.NeuAc.1.Fuc.1....N...rare1","Healthy","MECFS",0,0,0,0,0,NA,"NA",NA,NA,NA,4,5,NA,NA,NA,NA,"NS"
"P12259","HexNAc.5.Hex.5....N...rare1","Healthy","MECFS",0,0,0,0,0,NA,"NA",NA,NA,NA,4,5,NA,NA,NA,NA,"NS"
"P12259","HexNAc.5.Hex.5.Fuc.1....N...rare1","Healthy","MECFS",0,0,0,0,0,NA,"NA",NA,NA,NA,4,5,NA,NA,NA,NA,"NS"
"P12259","HexNAc.5.Hex.5.NeuAc.1....N...rare1","Healthy","MECFS",0,0,0,0,0,NA,"NA",NA,NA,NA,4,5,NA,NA,NA,NA,"NS"
"P12259","HexNAc.5.Hex.5.NeuAc.1.Fuc.1....N...rare1","Healthy","MECFS",0,0,0,0,0,NA,"NA",NA,NA,NA,4,5,NA,NA,NA,NA,"NS"
"P12259","HexNAc.5.Hex.5.NeuAc.2.Fuc.1....N...rare1","Healthy","MECFS",0,0,0,0,0,NA,"NA",NA,NA,NA,4,5,NA,NA,NA,NA,"NS"
"P12259","HexNAc.5.Hex.6.NeuAc.1....N...rare1","Healthy","MECFS",0,0,0,0,0,NA,"NA",NA,NA,NA,4,5,NA,NA,NA,NA,"NS"
"P12259","HexNAc.5.Hex.6.NeuAc.2....N...rare1","Healthy","MECFS",0,0,0,0,0,NA,"NA",NA,NA,NA,4,5,NA,NA,NA,NA,"NS"
"P12259","HexNAc.5.Hex.6.NeuAc.2.Fuc.1....N...rare1","Healthy","MECFS",0,0,0,0,0,NA,"NA",NA,NA,NA,4,5,NA,NA,NA,NA,"NS"
"P12259","HexNAc.5.Hex.6.NeuAc.3....N...rare1","Healthy","MECFS",0,0,0,0,0,NA,"NA",NA,NA,NA,4,5,NA,NA,NA,NA,"NS"
"P12259","HexNAc.6.Hex.7.NeuAc.1....N...rare1","Healthy","MECFS",0,0,0,0,0,NA,"NA",NA,NA,NA,4,5,NA,NA,NA,NA,"NS"
"P12259","HexNAc.6.Hex.7.NeuAc.2.Fuc.1....N...rare1","Healthy","MECFS",0,0,0,0,0,NA,"NA",NA,NA,NA,4,5,NA,NA,NA,NA,"NS"
"P13473","HexNAc.2.Hex.10....N...rare1","Healthy","MECFS",0,0,0,0,0,NA,"NA",NA,NA,NA,5,4,NA,NA,NA,NA,"NS"
"P13473","HexNAc.2.Hex.5....N...rare1","Healthy","MECFS",0,0,0,0,0,NA,"NA",NA,NA,NA,5,4,NA,NA,NA,NA,"NS"
"P13473","HexNAc.2.Hex.6....N...rare1","Healthy","MECFS",0,0,0,0,0,NA,"NA",NA,NA,NA,5,4,NA,NA,NA,NA,"NS"
"P13473","HexNAc.2.Hex.7....N...rare1","Healthy","MECFS",0,0,0,0,0,NA,"NA",NA,NA,NA,5,4,NA,NA,NA,NA,"NS"
"P13473","HexNAc.2.Hex.8....N...rare1","Healthy","MECFS",0,0,0,0,0,NA,"NA",NA,NA,NA,5,4,NA,NA,NA,NA,"NS"
"P13473","HexNAc.2.Hex.9....N...rare1","Healthy","MECFS",0,0,0,0,0,NA,"NA",NA,NA,NA,5,4,NA,NA,NA,NA,"NS"
"P13473","HexNAc.3.Hex.4.NeuAc.1....N...rare1","Healthy","MECFS",0,0,0,0,0,NA,"NA",NA,NA,NA,5,4,NA,NA,NA,NA,"NS"
"P13473","HexNAc.3.Hex.4.NeuAc.1.Fuc.1....N...rare1","Healthy","MECFS",0,0,0,0,0,NA,"NA",NA,NA,NA,5,4,NA,NA,NA,NA,"NS"
"P13473","HexNAc.3.Hex.5....N...rare1","Healthy","MECFS",0,0,0,0,0,NA,"NA",NA,NA,NA,5,4,NA,NA,NA,NA,"NS"
"P13473","HexNAc.3.Hex.5.NeuAc.1....N...rare1","Healthy","MECFS",0,0,0,0,0,NA,"NA",NA,NA,NA,5,4,NA,NA,NA,NA,"NS"
"P13473","HexNAc.3.Hex.6....N...rare1","Healthy","MECFS",0,0,0,0,0,NA,"NA",NA,NA,NA,5,4,NA,NA,NA,NA,"NS"
"P13473","HexNAc.3.Hex.6.NeuAc.1....N...rare1","Healthy","MECFS",0,0,0,0,0,NA,"NA",NA,NA,NA,5,4,NA,NA,NA,NA,"NS"
"P13473","HexNAc.4.Hex.3....N...rare1","Healthy","MECFS",0,0,0,0,0,NA,"NA",NA,NA,NA,5,4,NA,NA,NA,NA,"NS"
"P13473","HexNAc.4.Hex.3.Fuc.1....N...rare1","Healthy","MECFS",0,0,0,0,0,NA,"NA",NA,NA,NA,5,4,NA,NA,NA,NA,"NS"
"P13473","HexNAc.4.Hex.4....N...rare1","Healthy","MECFS",0,0,0,0,0,NA,"NA",NA,NA,NA,5,4,NA,NA,NA,NA,"NS"
"P13473","HexNAc.4.Hex.4.Fuc.1....N...rare1","Healthy","MECFS",0,0,0,0,0,NA,"NA",NA,NA,NA,5,4,NA,NA,NA,NA,"NS"
"P13473","HexNAc.4.Hex.4.NeuAc.1....N...rare1","Healthy","MECFS",0,0,0,0,0,NA,"NA",NA,NA,NA,5,4,NA,NA,NA,NA,"NS"
"P13473","HexNAc.4.Hex.5....N...rare1","Healthy","MECFS",0,0,0,0,0,NA,"NA",NA,NA,NA,5,4,NA,NA,NA,NA,"NS"
"P13473","HexNAc.4.Hex.5.Fuc.1....N...rare1","Healthy","MECFS",0,0,0,0,0,NA,"NA",NA,NA,NA,5,4,NA,NA,NA,NA,"NS"
"P13473","HexNAc.4.Hex.5.NeuAc.1....N...rare1","Healthy","MECFS",0,0,0,0,0,NA,"NA",NA,NA,NA,5,4,NA,NA,NA,NA,"NS"
"P13473","HexNAc.4.Hex.5.NeuAc.1.Fuc.1....N...rare1","Healthy","MECFS",0,0,0,0,0,NA,"NA",NA,NA,NA,5,4,NA,NA,NA,NA,"NS"
"P13473","HexNAc.4.Hex.5.NeuAc.2.Fuc.1....N...rare1","Healthy","MECFS",0,0,0,0,0,NA,"NA",NA,NA,NA,5,4,NA,NA,NA,NA,"NS"
"P13473","HexNAc.4.Hex.6.NeuAc.1....N...rare1","Healthy","MECFS",0,0,0,0,0,NA,"NA",NA,NA,NA,5,4,NA,NA,NA,NA,"NS"
"P13473","HexNAc.5.Hex.3....N...rare1","Healthy","MECFS",0,0,0,0,0,NA,"NA",NA,NA,NA,5,4,NA,NA,NA,NA,"NS"
"P13473","HexNAc.5.Hex.3.Fuc.1....N...rare1","Healthy","MECFS",0,0,0,0,0,NA,"NA",NA,NA,NA,5,4,NA,NA,NA,NA,"NS"
"P13473","HexNAc.5.Hex.4....N...rare1","Healthy","MECFS",0,0,0,0,0,NA,"NA",NA,NA,NA,5,4,NA,NA,NA,NA,"NS"
"P13473","HexNAc.5.Hex.4.Fuc.1....N...rare1","Healthy","MECFS",0,0,0,0,0,NA,"NA",NA,NA,NA,5,4,NA,NA,NA,NA,"NS"
"P13473","HexNAc.5.Hex.4.NeuAc.1....N...rare1","Healthy","MECFS",0,0,0,0,0,NA,"NA",NA,NA,NA,5,4,NA,NA,NA,NA,"NS"
"P13473","HexNAc.5.Hex.4.NeuAc.1.Fuc.1....N...rare1","Healthy","MECFS",0,0,0,0,0,NA,"NA",NA,NA,NA,5,4,NA,NA,NA,NA,"NS"
"P13473","HexNAc.5.Hex.5....N...rare1","Healthy","MECFS",0,0,0,0,0,NA,"NA",NA,NA,NA,5,4,NA,NA,NA,NA,"NS"
"P13473","HexNAc.5.Hex.5.Fuc.1....N...rare1","Healthy","MECFS",0,0,0,0,0,NA,"NA",NA,NA,NA,5,4,NA,NA,NA,NA,"NS"
"P13473","HexNAc.5.Hex.5.NeuAc.1....N...rare1","Healthy","MECFS",0,0,0,0,0,NA,"NA",NA,NA,NA,5,4,NA,NA,NA,NA,"NS"
"P13473","HexNAc.5.Hex.5.NeuAc.1.Fuc.1....N...rare1","Healthy","MECFS",0,0,0,0,0,NA,"NA",NA,NA,NA,5,4,NA,NA,NA,NA,"NS"
"P13473","HexNAc.5.Hex.5.NeuAc.2.Fuc.1....N...rare1","Healthy","MECFS",0,0,0,0,0,NA,"NA",NA,NA,NA,5,4,NA,NA,NA,NA,"NS"
"P13473","HexNAc.5.Hex.6.NeuAc.1....N...rare1","Healthy","MECFS",0,0,0,0,0,NA,"NA",NA,NA,NA,5,4,NA,NA,NA,NA,"NS"
"P13473","HexNAc.5.Hex.6.NeuAc.2....N...rare1","Healthy","MECFS",0,0,0,0,0,NA,"NA",NA,NA,NA,5,4,NA,NA,NA,NA,"NS"
"P13473","HexNAc.5.Hex.6.NeuAc.2.Fuc.1....N...rare1","Healthy","MECFS",0,0,0,0,0,NA,"NA",NA,NA,NA,5,4,NA,NA,NA,NA,"NS"
"P13473","HexNAc.6.Hex.7.NeuAc.1....N...rare1","Healthy","MECFS",0,0,0,0,0,NA,"NA",NA,NA,NA,5,4,NA,NA,NA,NA,"NS"
"P13473","HexNAc.6.Hex.7.NeuAc.2.Fuc.1....N...rare1","Healthy","MECFS",0,0,0,0,0,NA,"NA",NA,NA,NA,5,4,NA,NA,NA,NA,"NS"
"P13671","HexNAc.2.Hex.10....N...rare1","Healthy","MECFS",0,0,0,0,0,NA,"NA",NA,NA,NA,5,5,NA,NA,NA,NA,"NS"
"P13671","HexNAc.2.Hex.5....N...rare1","Healthy","MECFS",0,0,0,0,0,NA,"NA",NA,NA,NA,5,5,NA,NA,NA,NA,"NS"
"P13671","HexNAc.2.Hex.6....N...rare1","Healthy","MECFS",0,0,0,0,0,NA,"NA",NA,NA,NA,5,5,NA,NA,NA,NA,"NS"
"P13671","HexNAc.2.Hex.7....N...rare1","Healthy","MECFS",0,0,0,0,0,NA,"NA",NA,NA,NA,5,5,NA,NA,NA,NA,"NS"
"P13671","HexNAc.2.Hex.8....N...rare1","Healthy","MECFS",0,0,0,0,0,NA,"NA",NA,NA,NA,5,5,NA,NA,NA,NA,"NS"
"P13671","HexNAc.2.Hex.9....N...rare1","Healthy","MECFS",0,0,0,0,0,NA,"NA",NA,NA,NA,5,5,NA,NA,NA,NA,"NS"
"P13671","HexNAc.3.Hex.4.NeuAc.1....N...rare1","Healthy","MECFS",0,0,0,0,0,NA,"NA",NA,NA,NA,5,5,NA,NA,NA,NA,"NS"
"P13671","HexNAc.3.Hex.4.NeuAc.1.Fuc.1....N...rare1","Healthy","MECFS",0,0,0,0,0,NA,"NA",NA,NA,NA,5,5,NA,NA,NA,NA,"NS"
"P13671","HexNAc.3.Hex.5....N...rare1","Healthy","MECFS",0,0,0,0,0,NA,"NA",NA,NA,NA,5,5,NA,NA,NA,NA,"NS"
"P13671","HexNAc.3.Hex.5.NeuAc.1....N...rare1","Healthy","MECFS",0,0,0,0,0,NA,"NA",NA,NA,NA,5,5,NA,NA,NA,NA,"NS"
"P13671","HexNAc.3.Hex.6....N...rare1","Healthy","MECFS",0,0,0,0,0,NA,"NA",NA,NA,NA,5,5,NA,NA,NA,NA,"NS"
"P13671","HexNAc.3.Hex.6.NeuAc.1....N...rare1","Healthy","MECFS",0,0,0,0,0,NA,"NA",NA,NA,NA,5,5,NA,NA,NA,NA,"NS"
"P13671","HexNAc.4.Hex.3....N...rare1","Healthy","MECFS",0,0,0,0,0,NA,"NA",NA,NA,NA,5,5,NA,NA,NA,NA,"NS"
"P13671","HexNAc.4.Hex.3.Fuc.1....N...rare1","Healthy","MECFS",0,0,0,0,0,NA,"NA",NA,NA,NA,5,5,NA,NA,NA,NA,"NS"
"P13671","HexNAc.4.Hex.4....N...rare1","Healthy","MECFS",0,0,0,0,0,NA,"NA",NA,NA,NA,5,5,NA,NA,NA,NA,"NS"
"P13671","HexNAc.4.Hex.4.Fuc.1....N...rare1","Healthy","MECFS",0,0,0,0,0,NA,"NA",NA,NA,NA,5,5,NA,NA,NA,NA,"NS"
"P13671","HexNAc.4.Hex.4.NeuAc.1....N...rare1","Healthy","MECFS",0,0,0,0,0,NA,"NA",NA,NA,NA,5,5,NA,NA,NA,NA,"NS"
"P13671","HexNAc.4.Hex.5....N...rare1","Healthy","MECFS",0,0,0,0,0,NA,"NA",NA,NA,NA,5,5,NA,NA,NA,NA,"NS"
"P13671","HexNAc.4.Hex.5.Fuc.1....N...rare1","Healthy","MECFS",0,0,0,0,0,NA,"NA",NA,NA,NA,5,5,NA,NA,NA,NA,"NS"
"P13671","HexNAc.4.Hex.5.NeuAc.1....N...rare1","Healthy","MECFS",0,0,0,0,0,NA,"NA",NA,NA,NA,5,5,NA,NA,NA,NA,"NS"
"P13671","HexNAc.4.Hex.5.NeuAc.1.Fuc.1....N...rare1","Healthy","MECFS",0,0,0,0,0,NA,"NA",NA,NA,NA,5,5,NA,NA,NA,NA,"NS"
"P13671","HexNAc.4.Hex.5.NeuAc.2....N...rare1","Healthy","MECFS",0,0,0,0,0,NA,"NA",NA,NA,NA,5,5,NA,NA,NA,NA,"NS"
"P13671","HexNAc.4.Hex.5.NeuAc.2.Fuc.1....N...rare1","Healthy","MECFS",0,0,0,0,0,NA,"NA",NA,NA,NA,5,5,NA,NA,NA,NA,"NS"
"P13671","HexNAc.4.Hex.6.NeuAc.1....N...rare1","Healthy","MECFS",0,0,0,0,0,NA,"NA",NA,NA,NA,5,5,NA,NA,NA,NA,"NS"
"P13671","HexNAc.5.Hex.3....N...rare1","Healthy","MECFS",0,0,0,0,0,NA,"NA",NA,NA,NA,5,5,NA,NA,NA,NA,"NS"
"P13671","HexNAc.5.Hex.3.Fuc.1....N...rare1","Healthy","MECFS",0,0,0,0,0,NA,"NA",NA,NA,NA,5,5,NA,NA,NA,NA,"NS"
"P13671","HexNAc.5.Hex.4....N...rare1","Healthy","MECFS",0,0,0,0,0,NA,"NA",NA,NA,NA,5,5,NA,NA,NA,NA,"NS"
"P13671","HexNAc.5.Hex.4.Fuc.1....N...rare1","Healthy","MECFS",0,0,0,0,0,NA,"NA",NA,NA,NA,5,5,NA,NA,NA,NA,"NS"
"P13671","HexNAc.5.Hex.4.NeuAc.1....N...rare1","Healthy","MECFS",0,0,0,0,0,NA,"NA",NA,NA,NA,5,5,NA,NA,NA,NA,"NS"
"P13671","HexNAc.5.Hex.4.NeuAc.1.Fuc.1....N...rare1","Healthy","MECFS",0,0,0,0,0,NA,"NA",NA,NA,NA,5,5,NA,NA,NA,NA,"NS"
"P13671","HexNAc.5.Hex.5....N...rare1","Healthy","MECFS",0,0,0,0,0,NA,"NA",NA,NA,NA,5,5,NA,NA,NA,NA,"NS"
"P13671","HexNAc.5.Hex.5.Fuc.1....N...rare1","Healthy","MECFS",0,0,0,0,0,NA,"NA",NA,NA,NA,5,5,NA,NA,NA,NA,"NS"
"P13671","HexNAc.5.Hex.5.NeuAc.1....N...rare1","Healthy","MECFS",0,0,0,0,0,NA,"NA",NA,NA,NA,5,5,NA,NA,NA,NA,"NS"
"P13671","HexNAc.5.Hex.5.NeuAc.1.Fuc.1....N...rare1","Healthy","MECFS",0,0,0,0,0,NA,"NA",NA,NA,NA,5,5,NA,NA,NA,NA,"NS"
"P13671","HexNAc.5.Hex.5.NeuAc.2.Fuc.1....N...rare1","Healthy","MECFS",0,0,0,0,0,NA,"NA",NA,NA,NA,5,5,NA,NA,NA,NA,"NS"
"P13671","HexNAc.5.Hex.6.NeuAc.1....N...rare1","Healthy","MECFS",0,0,0,0,0,NA,"NA",NA,NA,NA,5,5,NA,NA,NA,NA,"NS"
"P13671","HexNAc.5.Hex.6.NeuAc.2....N...rare1","Healthy","MECFS",0,0,0,0,0,NA,"NA",NA,NA,NA,5,5,NA,NA,NA,NA,"NS"
"P13671","HexNAc.5.Hex.6.NeuAc.2.Fuc.1....N...rare1","Healthy","MECFS",0,0,0,0,0,NA,"NA",NA,NA,NA,5,5,NA,NA,NA,NA,"NS"
"P13671","HexNAc.5.Hex.6.NeuAc.3....N...rare1","Healthy","MECFS",0,0,0,0,0,NA,"NA",NA,NA,NA,5,5,NA,NA,NA,NA,"NS"
"P13671","HexNAc.6.Hex.7.NeuAc.1....N...rare1","Healthy","MECFS",0,0,0,0,0,NA,"NA",NA,NA,NA,5,5,NA,NA,NA,NA,"NS"
"P13671","HexNAc.6.Hex.7.NeuAc.2.Fuc.1....N...rare1","Healthy","MECFS",0,0,0,0,0,NA,"NA",NA,NA,NA,5,5,NA,NA,NA,NA,"NS"
"P17936","HexNAc.2.Hex.10....N...rare1","Healthy","MECFS",0,0,0,0,0,NA,"NA",NA,NA,NA,5,5,NA,NA,NA,NA,"NS"
"P17936","HexNAc.2.Hex.5....N...rare1","Healthy","MECFS",0,0,0,0,0,NA,"NA",NA,NA,NA,5,5,NA,NA,NA,NA,"NS"
"P17936","HexNAc.2.Hex.6....N...rare1","Healthy","MECFS",0,0,0,0,0,NA,"NA",NA,NA,NA,5,5,NA,NA,NA,NA,"NS"
"P17936","HexNAc.2.Hex.7....N...rare1","Healthy","MECFS",0,0,0,0,0,NA,"NA",NA,NA,NA,5,5,NA,NA,NA,NA,"NS"
"P17936","HexNAc.2.Hex.8....N...rare1","Healthy","MECFS",0,0,0,0,0,NA,"NA",NA,NA,NA,5,5,NA,NA,NA,NA,"NS"
"P17936","HexNAc.2.Hex.9....N...rare1","Healthy","MECFS",0,0,0,0,0,NA,"NA",NA,NA,NA,5,5,NA,NA,NA,NA,"NS"
"P17936","HexNAc.3.Hex.4.NeuAc.1....N...rare1","Healthy","MECFS",0,0,0,0,0,NA,"NA",NA,NA,NA,5,5,NA,NA,NA,NA,"NS"
"P17936","HexNAc.3.Hex.4.NeuAc.1.Fuc.1....N...rare1","Healthy","MECFS",0,0,0,0,0,NA,"NA",NA,NA,NA,5,5,NA,NA,NA,NA,"NS"
"P17936","HexNAc.3.Hex.5....N...rare1","Healthy","MECFS",0,0,0,0,0,NA,"NA",NA,NA,NA,5,5,NA,NA,NA,NA,"NS"
"P17936","HexNAc.3.Hex.5.NeuAc.1....N...rare1","Healthy","MECFS",0,0,0,0,0,NA,"NA",NA,NA,NA,5,5,NA,NA,NA,NA,"NS"
"P17936","HexNAc.3.Hex.6....N...rare1","Healthy","MECFS",0,0,0,0,0,NA,"NA",NA,NA,NA,5,5,NA,NA,NA,NA,"NS"
"P17936","HexNAc.3.Hex.6.NeuAc.1....N...rare1","Healthy","MECFS",0,0,0,0,0,NA,"NA",NA,NA,NA,5,5,NA,NA,NA,NA,"NS"
"P17936","HexNAc.4.Hex.3....N...rare1","Healthy","MECFS",0,0,0,0,0,NA,"NA",NA,NA,NA,5,5,NA,NA,NA,NA,"NS"
"P17936","HexNAc.4.Hex.3.Fuc.1....N...rare1","Healthy","MECFS",0,0,0,0,0,NA,"NA",NA,NA,NA,5,5,NA,NA,NA,NA,"NS"
"P17936","HexNAc.4.Hex.4....N...rare1","Healthy","MECFS",0,0,0,0,0,NA,"NA",NA,NA,NA,5,5,NA,NA,NA,NA,"NS"
"P17936","HexNAc.4.Hex.4.Fuc.1....N...rare1","Healthy","MECFS",0,0,0,0,0,NA,"NA",NA,NA,NA,5,5,NA,NA,NA,NA,"NS"
"P17936","HexNAc.4.Hex.4.NeuAc.1....N...rare1","Healthy","MECFS",0,0,0,0,0,NA,"NA",NA,NA,NA,5,5,NA,NA,NA,NA,"NS"
"P17936","HexNAc.4.Hex.5....N...rare1","Healthy","MECFS",0,0,0,0,0,NA,"NA",NA,NA,NA,5,5,NA,NA,NA,NA,"NS"
"P17936","HexNAc.4.Hex.5.Fuc.1....N...rare1","Healthy","MECFS",0,0,0,0,0,NA,"NA",NA,NA,NA,5,5,NA,NA,NA,NA,"NS"
"P17936","HexNAc.4.Hex.5.NeuAc.1....N...rare1","Healthy","MECFS",0,0,0,0,0,NA,"NA",NA,NA,NA,5,5,NA,NA,NA,NA,"NS"
"P17936","HexNAc.4.Hex.5.NeuAc.2....N...rare1","Healthy","MECFS",0,0,0,0,0,NA,"NA",NA,NA,NA,5,5,NA,NA,NA,NA,"NS"
"P17936","HexNAc.4.Hex.6.NeuAc.1....N...rare1","Healthy","MECFS",0,0,0,0,0,NA,"NA",NA,NA,NA,5,5,NA,NA,NA,NA,"NS"
"P17936","HexNAc.5.Hex.3....N...rare1","Healthy","MECFS",0,0,0,0,0,NA,"NA",NA,NA,NA,5,5,NA,NA,NA,NA,"NS"
"P17936","HexNAc.5.Hex.3.Fuc.1....N...rare1","Healthy","MECFS",0,0,0,0,0,NA,"NA",NA,NA,NA,5,5,NA,NA,NA,NA,"NS"
"P17936","HexNAc.5.Hex.4....N...rare1","Healthy","MECFS",0,0,0,0,0,NA,"NA",NA,NA,NA,5,5,NA,NA,NA,NA,"NS"
"P17936","HexNAc.5.Hex.4.Fuc.1....N...rare1","Healthy","MECFS",0,0,0,0,0,NA,"NA",NA,NA,NA,5,5,NA,NA,NA,NA,"NS"
"P17936","HexNAc.5.Hex.4.NeuAc.1....N...rare1","Healthy","MECFS",0,0,0,0,0,NA,"NA",NA,NA,NA,5,5,NA,NA,NA,NA,"NS"
"P17936","HexNAc.5.Hex.4.NeuAc.1.Fuc.1....N...rare1","Healthy","MECFS",0,0,0,0,0,NA,"NA",NA,NA,NA,5,5,NA,NA,NA,NA,"NS"
"P17936","HexNAc.5.Hex.5....N...rare1","Healthy","MECFS",0,0,0,0,0,NA,"NA",NA,NA,NA,5,5,NA,NA,NA,NA,"NS"
"P17936","HexNAc.5.Hex.5.Fuc.1....N...rare1","Healthy","MECFS",0,0,0,0,0,NA,"NA",NA,NA,NA,5,5,NA,NA,NA,NA,"NS"
"P17936","HexNAc.5.Hex.5.NeuAc.1....N...rare1","Healthy","MECFS",0,0,0,0,0,NA,"NA",NA,NA,NA,5,5,NA,NA,NA,NA,"NS"
"P17936","HexNAc.5.Hex.5.NeuAc.1.Fuc.1....N...rare1","Healthy","MECFS",0,0,0,0,0,NA,"NA",NA,NA,NA,5,5,NA,NA,NA,NA,"NS"
"P17936","HexNAc.5.Hex.5.NeuAc.2.Fuc.1....N...rare1","Healthy","MECFS",0,0,0,0,0,NA,"NA",NA,NA,NA,5,5,NA,NA,NA,NA,"NS"
"P17936","HexNAc.5.Hex.6.NeuAc.1....N...rare1","Healthy","MECFS",0,0,0,0,0,NA,"NA",NA,NA,NA,5,5,NA,NA,NA,NA,"NS"
"P17936","HexNAc.5.Hex.6.NeuAc.2....N...rare1","Healthy","MECFS",0,0,0,0,0,NA,"NA",NA,NA,NA,5,5,NA,NA,NA,NA,"NS"
"P17936","HexNAc.5.Hex.6.NeuAc.2.Fuc.1....N...rare1","Healthy","MECFS",0,0,0,0,0,NA,"NA",NA,NA,NA,5,5,NA,NA,NA,NA,"NS"
"P17936","HexNAc.5.Hex.6.NeuAc.3....N...rare1","Healthy","MECFS",0,0,0,0,0,NA,"NA",NA,NA,NA,5,5,NA,NA,NA,NA,"NS"
"P17936","HexNAc.6.Hex.7.NeuAc.1....N...rare1","Healthy","MECFS",0,0,0,0,0,NA,"NA",NA,NA,NA,5,5,NA,NA,NA,NA,"NS"
"P17936","HexNAc.6.Hex.7.NeuAc.2.Fuc.1....N...rare1","Healthy","MECFS",0,0,0,0,0,NA,"NA",NA,NA,NA,5,5,NA,NA,NA,NA,"NS"
"P19652","HexNAc.2.Hex.10....N...rare1","Healthy","MECFS",0,0,0,0,0,NA,"NA",NA,NA,NA,5,5,NA,NA,NA,NA,"NS"
"P19652","HexNAc.2.Hex.5....N...rare1","Healthy","MECFS",0,0,0,0,0,NA,"NA",NA,NA,NA,5,5,NA,NA,NA,NA,"NS"
"P19652","HexNAc.2.Hex.6....N...rare1","Healthy","MECFS",0,0,0,0,0,NA,"NA",NA,NA,NA,5,5,NA,NA,NA,NA,"NS"
"P19652","HexNAc.2.Hex.7....N...rare1","Healthy","MECFS",0,0,0,0,0,NA,"NA",NA,NA,NA,5,5,NA,NA,NA,NA,"NS"
"P19652","HexNAc.2.Hex.8....N...rare1","Healthy","MECFS",0,0,0,0,0,NA,"NA",NA,NA,NA,5,5,NA,NA,NA,NA,"NS"
"P19652","HexNAc.2.Hex.9....N...rare1","Healthy","MECFS",0,0,0,0,0,NA,"NA",NA,NA,NA,5,5,NA,NA,NA,NA,"NS"
"P19652","HexNAc.3.Hex.4.NeuAc.1....N...rare1","Healthy","MECFS",0,0,0,0,0,NA,"NA",NA,NA,NA,5,5,NA,NA,NA,NA,"NS"
"P19652","HexNAc.3.Hex.4.NeuAc.1.Fuc.1....N...rare1","Healthy","MECFS",0,0,0,0,0,NA,"NA",NA,NA,NA,5,5,NA,NA,NA,NA,"NS"
"P19652","HexNAc.3.Hex.5....N...rare1","Healthy","MECFS",0,0,0,0,0,NA,"NA",NA,NA,NA,5,5,NA,NA,NA,NA,"NS"
"P19652","HexNAc.3.Hex.5.NeuAc.1....N...rare1","Healthy","MECFS",0,0,0,0,0,NA,"NA",NA,NA,NA,5,5,NA,NA,NA,NA,"NS"
"P19652","HexNAc.3.Hex.6....N...rare1","Healthy","MECFS",0,0,0,0,0,NA,"NA",NA,NA,NA,5,5,NA,NA,NA,NA,"NS"
"P19652","HexNAc.3.Hex.6.NeuAc.1....N...rare1","Healthy","MECFS",0,0,0,0,0,NA,"NA",NA,NA,NA,5,5,NA,NA,NA,NA,"NS"
"P19652","HexNAc.4.Hex.3....N...rare1","Healthy","MECFS",0,0,0,0,0,NA,"NA",NA,NA,NA,5,5,NA,NA,NA,NA,"NS"
"P19652","HexNAc.4.Hex.3.Fuc.1....N...rare1","Healthy","MECFS",0,0,0,0,0,NA,"NA",NA,NA,NA,5,5,NA,NA,NA,NA,"NS"
"P19652","HexNAc.4.Hex.4....N...rare1","Healthy","MECFS",0,0,0,0,0,NA,"NA",NA,NA,NA,5,5,NA,NA,NA,NA,"NS"
"P19652","HexNAc.4.Hex.4.Fuc.1....N...rare1","Healthy","MECFS",0,0,0,0,0,NA,"NA",NA,NA,NA,5,5,NA,NA,NA,NA,"NS"
"P19652","HexNAc.4.Hex.4.NeuAc.1....N...rare1","Healthy","MECFS",0,0,0,0,0,NA,"NA",NA,NA,NA,5,5,NA,NA,NA,NA,"NS"
"P19652","HexNAc.4.Hex.5....N...rare1","Healthy","MECFS",0,0,0,0,0,NA,"NA",NA,NA,NA,5,5,NA,NA,NA,NA,"NS"
"P19652","HexNAc.4.Hex.5.Fuc.1....N...rare1","Healthy","MECFS",0,0,0,0,0,NA,"NA",NA,NA,NA,5,5,NA,NA,NA,NA,"NS"
"P19652","HexNAc.4.Hex.5.NeuAc.1....N...rare1","Healthy","MECFS",0,0,0,0,0,NA,"NA",NA,NA,NA,5,5,NA,NA,NA,NA,"NS"
"P19652","HexNAc.4.Hex.5.NeuAc.1.Fuc.1....N...rare1","Healthy","MECFS",0,0,0,0,0,NA,"NA",NA,NA,NA,5,5,NA,NA,NA,NA,"NS"
"P19652","HexNAc.4.Hex.5.NeuAc.2....N...rare1","Healthy","MECFS",0,0,0,0,0,NA,"NA",NA,NA,NA,5,5,NA,NA,NA,NA,"NS"
"P19652","HexNAc.4.Hex.5.NeuAc.2.Fuc.1....N...rare1","Healthy","MECFS",0,0,0,0,0,NA,"NA",NA,NA,NA,5,5,NA,NA,NA,NA,"NS"
"P19652","HexNAc.4.Hex.6.NeuAc.1....N...rare1","Healthy","MECFS",0,0,0,0,0,NA,"NA",NA,NA,NA,5,5,NA,NA,NA,NA,"NS"
"P19652","HexNAc.5.Hex.3....N...rare1","Healthy","MECFS",0,0,0,0,0,NA,"NA",NA,NA,NA,5,5,NA,NA,NA,NA,"NS"
"P19652","HexNAc.5.Hex.3.Fuc.1....N...rare1","Healthy","MECFS",0,0,0,0,0,NA,"NA",NA,NA,NA,5,5,NA,NA,NA,NA,"NS"
"P19652","HexNAc.5.Hex.4....N...rare1","Healthy","MECFS",0,0,0,0,0,NA,"NA",NA,NA,NA,5,5,NA,NA,NA,NA,"NS"
"P19652","HexNAc.5.Hex.4.Fuc.1....N...rare1","Healthy","MECFS",0,0,0,0,0,NA,"NA",NA,NA,NA,5,5,NA,NA,NA,NA,"NS"
"P19652","HexNAc.5.Hex.4.NeuAc.1....N...rare1","Healthy","MECFS",0,0,0,0,0,NA,"NA",NA,NA,NA,5,5,NA,NA,NA,NA,"NS"
"P19652","HexNAc.5.Hex.4.NeuAc.1.Fuc.1....N...rare1","Healthy","MECFS",0,0,0,0,0,NA,"NA",NA,NA,NA,5,5,NA,NA,NA,NA,"NS"
"P19652","HexNAc.5.Hex.5....N...rare1","Healthy","MECFS",0,0,0,0,0,NA,"NA",NA,NA,NA,5,5,NA,NA,NA,NA,"NS"
"P19652","HexNAc.5.Hex.5.Fuc.1....N...rare1","Healthy","MECFS",0,0,0,0,0,NA,"NA",NA,NA,NA,5,5,NA,NA,NA,NA,"NS"
"P19652","HexNAc.5.Hex.5.NeuAc.1....N...rare1","Healthy","MECFS",0,0,0,0,0,NA,"NA",NA,NA,NA,5,5,NA,NA,NA,NA,"NS"
"P19652","HexNAc.5.Hex.5.NeuAc.1.Fuc.1....N...rare1","Healthy","MECFS",0,0,0,0,0,NA,"NA",NA,NA,NA,5,5,NA,NA,NA,NA,"NS"
"P19652","HexNAc.5.Hex.5.NeuAc.2.Fuc.1....N...rare1","Healthy","MECFS",0,0,0,0,0,NA,"NA",NA,NA,NA,5,5,NA,NA,NA,NA,"NS"
"P19652","HexNAc.5.Hex.6.NeuAc.1....N...rare1","Healthy","MECFS",0,0,0,0,0,NA,"NA",NA,NA,NA,5,5,NA,NA,NA,NA,"NS"
"P19823","HexNAc.2.Hex.10....N...rare1","Healthy","MECFS",0,0,0,0,0,NA,"NA",NA,NA,NA,5,5,NA,NA,NA,NA,"NS"
"P19823","HexNAc.2.Hex.5....N...rare1","Healthy","MECFS",0,0,0,0,0,NA,"NA",NA,NA,NA,5,5,NA,NA,NA,NA,"NS"
"P19823","HexNAc.2.Hex.6....N...rare1","Healthy","MECFS",0,0,0,0,0,NA,"NA",NA,NA,NA,5,5,NA,NA,NA,NA,"NS"
"P19823","HexNAc.2.Hex.7....N...rare1","Healthy","MECFS",0,0,0,0,0,NA,"NA",NA,NA,NA,5,5,NA,NA,NA,NA,"NS"
"P19823","HexNAc.2.Hex.8....N...rare1","Healthy","MECFS",0,0,0,0,0,NA,"NA",NA,NA,NA,5,5,NA,NA,NA,NA,"NS"
"P19823","HexNAc.2.Hex.9....N...rare1","Healthy","MECFS",0,0,0,0,0,NA,"NA",NA,NA,NA,5,5,NA,NA,NA,NA,"NS"
"P19823","HexNAc.3.Hex.4.NeuAc.1....N...rare1","Healthy","MECFS",0,0,0,0,0,NA,"NA",NA,NA,NA,5,5,NA,NA,NA,NA,"NS"
"P19823","HexNAc.3.Hex.4.NeuAc.1.Fuc.1....N...rare1","Healthy","MECFS",0,0,0,0,0,NA,"NA",NA,NA,NA,5,5,NA,NA,NA,NA,"NS"
"P19823","HexNAc.3.Hex.5....N...rare1","Healthy","MECFS",0,0,0,0,0,NA,"NA",NA,NA,NA,5,5,NA,NA,NA,NA,"NS"
"P19823","HexNAc.3.Hex.5.NeuAc.1....N...rare1","Healthy","MECFS",0,0,0,0,0,NA,"NA",NA,NA,NA,5,5,NA,NA,NA,NA,"NS"
"P19823","HexNAc.3.Hex.6....N...rare1","Healthy","MECFS",0,0,0,0,0,NA,"NA",NA,NA,NA,5,5,NA,NA,NA,NA,"NS"
"P19823","HexNAc.3.Hex.6.NeuAc.1....N...rare1","Healthy","MECFS",0,0,0,0,0,NA,"NA",NA,NA,NA,5,5,NA,NA,NA,NA,"NS"
"P19823","HexNAc.4.Hex.3....N...rare1","Healthy","MECFS",0,0,0,0,0,NA,"NA",NA,NA,NA,5,5,NA,NA,NA,NA,"NS"
"P19823","HexNAc.4.Hex.3.Fuc.1....N...rare1","Healthy","MECFS",0,0,0,0,0,NA,"NA",NA,NA,NA,5,5,NA,NA,NA,NA,"NS"
"P19823","HexNAc.4.Hex.4....N...rare1","Healthy","MECFS",0,0,0,0,0,NA,"NA",NA,NA,NA,5,5,NA,NA,NA,NA,"NS"
"P19823","HexNAc.4.Hex.4.Fuc.1....N...rare1","Healthy","MECFS",0,0,0,0,0,NA,"NA",NA,NA,NA,5,5,NA,NA,NA,NA,"NS"
"P19823","HexNAc.4.Hex.4.NeuAc.1....N...rare1","Healthy","MECFS",0,0,0,0,0,NA,"NA",NA,NA,NA,5,5,NA,NA,NA,NA,"NS"
"P19823","HexNAc.4.Hex.5....N...rare1","Healthy","MECFS",0,0,0,0,0,NA,"NA",NA,NA,NA,5,5,NA,NA,NA,NA,"NS"
"P19823","HexNAc.4.Hex.5.Fuc.1....N...rare1","Healthy","MECFS",0,0,0,0,0,NA,"NA",NA,NA,NA,5,5,NA,NA,NA,NA,"NS"
"P19823","HexNAc.4.Hex.5.NeuAc.1....N...rare1","Healthy","MECFS",0,0,0,0,0,NA,"NA",NA,NA,NA,5,5,NA,NA,NA,NA,"NS"
"P19823","HexNAc.4.Hex.5.NeuAc.1.Fuc.1....N...rare1","Healthy","MECFS",0,0,0,0,0,NA,"NA",NA,NA,NA,5,5,NA,NA,NA,NA,"NS"
"P19823","HexNAc.4.Hex.5.NeuAc.2....N...rare1","Healthy","MECFS",0,0,0,0,0,NA,"NA",NA,NA,NA,5,5,NA,NA,NA,NA,"NS"
"P19823","HexNAc.4.Hex.5.NeuAc.2.Fuc.1....N...rare1","Healthy","MECFS",0,0,0,0,0,NA,"NA",NA,NA,NA,5,5,NA,NA,NA,NA,"NS"
"P19823","HexNAc.4.Hex.6.NeuAc.1....N...rare1","Healthy","MECFS",0,0,0,0,0,NA,"NA",NA,NA,NA,5,5,NA,NA,NA,NA,"NS"
"P19823","HexNAc.5.Hex.3....N...rare1","Healthy","MECFS",0,0,0,0,0,NA,"NA",NA,NA,NA,5,5,NA,NA,NA,NA,"NS"
"P19823","HexNAc.5.Hex.3.Fuc.1....N...rare1","Healthy","MECFS",0,0,0,0,0,NA,"NA",NA,NA,NA,5,5,NA,NA,NA,NA,"NS"
"P19823","HexNAc.5.Hex.4....N...rare1","Healthy","MECFS",0,0,0,0,0,NA,"NA",NA,NA,NA,5,5,NA,NA,NA,NA,"NS"
"P19823","HexNAc.5.Hex.4.Fuc.1....N...rare1","Healthy","MECFS",0,0,0,0,0,NA,"NA",NA,NA,NA,5,5,NA,NA,NA,NA,"NS"
"P19823","HexNAc.5.Hex.4.NeuAc.1....N...rare1","Healthy","MECFS",0,0,0,0,0,NA,"NA",NA,NA,NA,5,5,NA,NA,NA,NA,"NS"
"P19823","HexNAc.5.Hex.4.NeuAc.1.Fuc.1....N...rare1","Healthy","MECFS",0,0,0,0,0,NA,"NA",NA,NA,NA,5,5,NA,NA,NA,NA,"NS"
"P19823","HexNAc.5.Hex.5....N...rare1","Healthy","MECFS",0,0,0,0,0,NA,"NA",NA,NA,NA,5,5,NA,NA,NA,NA,"NS"
"P19823","HexNAc.5.Hex.5.Fuc.1....N...rare1","Healthy","MECFS",0,0,0,0,0,NA,"NA",NA,NA,NA,5,5,NA,NA,NA,NA,"NS"
"P19823","HexNAc.5.Hex.5.NeuAc.1....N...rare1","Healthy","MECFS",0,0,0,0,0,NA,"NA",NA,NA,NA,5,5,NA,NA,NA,NA,"NS"
"P19823","HexNAc.5.Hex.5.NeuAc.1.Fuc.1....N...rare1","Healthy","MECFS",0,0,0,0,0,NA,"NA",NA,NA,NA,5,5,NA,NA,NA,NA,"NS"
"P19823","HexNAc.5.Hex.5.NeuAc.2.Fuc.1....N...rare1","Healthy","MECFS",0,0,0,0,0,NA,"NA",NA,NA,NA,5,5,NA,NA,NA,NA,"NS"
"P19823","HexNAc.5.Hex.6.NeuAc.1....N...rare1","Healthy","MECFS",0,0,0,0,0,NA,"NA",NA,NA,NA,5,5,NA,NA,NA,NA,"NS"
"P19823","HexNAc.5.Hex.6.NeuAc.2....N...rare1","Healthy","MECFS",0,0,0,0,0,NA,"NA",NA,NA,NA,5,5,NA,NA,NA,NA,"NS"
"P19823","HexNAc.5.Hex.6.NeuAc.2.Fuc.1....N...rare1","Healthy","MECFS",0,0,0,0,0,NA,"NA",NA,NA,NA,5,5,NA,NA,NA,NA,"NS"
"P19823","HexNAc.5.Hex.6.NeuAc.3....N...rare1","Healthy","MECFS",0,0,0,0,0,NA,"NA",NA,NA,NA,5,5,NA,NA,NA,NA,"NS"
"P19823","HexNAc.6.Hex.7.NeuAc.1....N...rare1","Healthy","MECFS",0,0,0,0,0,NA,"NA",NA,NA,NA,5,5,NA,NA,NA,NA,"NS"
"P19823","HexNAc.6.Hex.7.NeuAc.2.Fuc.1....N...rare1","Healthy","MECFS",0,0,0,0,0,NA,"NA",NA,NA,NA,5,5,NA,NA,NA,NA,"NS"
"P20851","HexNAc.2.Hex.10....N...rare1","Healthy","MECFS",0,0,0,0,0,NA,"NA",NA,NA,NA,5,5,NA,NA,NA,NA,"NS"
"P20851","HexNAc.2.Hex.5....N...rare1","Healthy","MECFS",0,0,0,0,0,NA,"NA",NA,NA,NA,5,5,NA,NA,NA,NA,"NS"
"P20851","HexNAc.2.Hex.6....N...rare1","Healthy","MECFS",0,0,0,0,0,NA,"NA",NA,NA,NA,5,5,NA,NA,NA,NA,"NS"
"P20851","HexNAc.2.Hex.7....N...rare1","Healthy","MECFS",0,0,0,0,0,NA,"NA",NA,NA,NA,5,5,NA,NA,NA,NA,"NS"
"P20851","HexNAc.2.Hex.8....N...rare1","Healthy","MECFS",0,0,0,0,0,NA,"NA",NA,NA,NA,5,5,NA,NA,NA,NA,"NS"
"P20851","HexNAc.2.Hex.9....N...rare1","Healthy","MECFS",0,0,0,0,0,NA,"NA",NA,NA,NA,5,5,NA,NA,NA,NA,"NS"
"P20851","HexNAc.3.Hex.4.NeuAc.1....N...rare1","Healthy","MECFS",0,0,0,0,0,NA,"NA",NA,NA,NA,5,5,NA,NA,NA,NA,"NS"
"P20851","HexNAc.3.Hex.4.NeuAc.1.Fuc.1....N...rare1","Healthy","MECFS",0,0,0,0,0,NA,"NA",NA,NA,NA,5,5,NA,NA,NA,NA,"NS"
"P20851","HexNAc.3.Hex.5....N...rare1","Healthy","MECFS",0,0,0,0,0,NA,"NA",NA,NA,NA,5,5,NA,NA,NA,NA,"NS"
"P20851","HexNAc.3.Hex.5.NeuAc.1....N...rare1","Healthy","MECFS",0,0,0,0,0,NA,"NA",NA,NA,NA,5,5,NA,NA,NA,NA,"NS"
"P20851","HexNAc.3.Hex.6....N...rare1","Healthy","MECFS",0,0,0,0,0,NA,"NA",NA,NA,NA,5,5,NA,NA,NA,NA,"NS"
"P20851","HexNAc.3.Hex.6.NeuAc.1....N...rare1","Healthy","MECFS",0,0,0,0,0,NA,"NA",NA,NA,NA,5,5,NA,NA,NA,NA,"NS"
"P20851","HexNAc.4.Hex.3....N...rare1","Healthy","MECFS",0,0,0,0,0,NA,"NA",NA,NA,NA,5,5,NA,NA,NA,NA,"NS"
"P20851","HexNAc.4.Hex.3.Fuc.1....N...rare1","Healthy","MECFS",0,0,0,0,0,NA,"NA",NA,NA,NA,5,5,NA,NA,NA,NA,"NS"
"P20851","HexNAc.4.Hex.4....N...rare1","Healthy","MECFS",0,0,0,0,0,NA,"NA",NA,NA,NA,5,5,NA,NA,NA,NA,"NS"
"P20851","HexNAc.4.Hex.4.Fuc.1....N...rare1","Healthy","MECFS",0,0,0,0,0,NA,"NA",NA,NA,NA,5,5,NA,NA,NA,NA,"NS"
"P20851","HexNAc.4.Hex.4.NeuAc.1....N...rare1","Healthy","MECFS",0,0,0,0,0,NA,"NA",NA,NA,NA,5,5,NA,NA,NA,NA,"NS"
"P20851","HexNAc.4.Hex.5....N...rare1","Healthy","MECFS",0,0,0,0,0,NA,"NA",NA,NA,NA,5,5,NA,NA,NA,NA,"NS"
"P20851","HexNAc.4.Hex.5.Fuc.1....N...rare1","Healthy","MECFS",0,0,0,0,0,NA,"NA",NA,NA,NA,5,5,NA,NA,NA,NA,"NS"
"P20851","HexNAc.4.Hex.5.NeuAc.1.Fuc.1....N...rare1","Healthy","MECFS",0,0,0,0,0,NA,"NA",NA,NA,NA,5,5,NA,NA,NA,NA,"NS"
"P20851","HexNAc.4.Hex.5.NeuAc.2.Fuc.1....N...rare1","Healthy","MECFS",0,0,0,0,0,NA,"NA",NA,NA,NA,5,5,NA,NA,NA,NA,"NS"
"P20851","HexNAc.4.Hex.6.NeuAc.1....N...rare1","Healthy","MECFS",0,0,0,0,0,NA,"NA",NA,NA,NA,5,5,NA,NA,NA,NA,"NS"
"P20851","HexNAc.5.Hex.3....N...rare1","Healthy","MECFS",0,0,0,0,0,NA,"NA",NA,NA,NA,5,5,NA,NA,NA,NA,"NS"
"P20851","HexNAc.5.Hex.3.Fuc.1....N...rare1","Healthy","MECFS",0,0,0,0,0,NA,"NA",NA,NA,NA,5,5,NA,NA,NA,NA,"NS"
"P20851","HexNAc.5.Hex.4....N...rare1","Healthy","MECFS",0,0,0,0,0,NA,"NA",NA,NA,NA,5,5,NA,NA,NA,NA,"NS"
"P20851","HexNAc.5.Hex.4.Fuc.1....N...rare1","Healthy","MECFS",0,0,0,0,0,NA,"NA",NA,NA,NA,5,5,NA,NA,NA,NA,"NS"
"P20851","HexNAc.5.Hex.4.NeuAc.1....N...rare1","Healthy","MECFS",0,0,0,0,0,NA,"NA",NA,NA,NA,5,5,NA,NA,NA,NA,"NS"
"P20851","HexNAc.5.Hex.4.NeuAc.1.Fuc.1....N...rare1","Healthy","MECFS",0,0,0,0,0,NA,"NA",NA,NA,NA,5,5,NA,NA,NA,NA,"NS"
"P20851","HexNAc.5.Hex.5....N...rare1","Healthy","MECFS",0,0,0,0,0,NA,"NA",NA,NA,NA,5,5,NA,NA,NA,NA,"NS"
"P20851","HexNAc.5.Hex.5.Fuc.1....N...rare1","Healthy","MECFS",0,0,0,0,0,NA,"NA",NA,NA,NA,5,5,NA,NA,NA,NA,"NS"
"P20851","HexNAc.5.Hex.5.NeuAc.1....N...rare1","Healthy","MECFS",0,0,0,0,0,NA,"NA",NA,NA,NA,5,5,NA,NA,NA,NA,"NS"
"P20851","HexNAc.5.Hex.5.NeuAc.1.Fuc.1....N...rare1","Healthy","MECFS",0,0,0,0,0,NA,"NA",NA,NA,NA,5,5,NA,NA,NA,NA,"NS"
"P20851","HexNAc.5.Hex.5.NeuAc.2.Fuc.1....N...rare1","Healthy","MECFS",0,0,0,0,0,NA,"NA",NA,NA,NA,5,5,NA,NA,NA,NA,"NS"
"P20851","HexNAc.5.Hex.6.NeuAc.2....N...rare1","Healthy","MECFS",0,0,0,0,0,NA,"NA",NA,NA,NA,5,5,NA,NA,NA,NA,"NS"
"P20851","HexNAc.5.Hex.6.NeuAc.2.Fuc.1....N...rare1","Healthy","MECFS",0,0,0,0,0,NA,"NA",NA,NA,NA,5,5,NA,NA,NA,NA,"NS"
"P20851","HexNAc.6.Hex.7.NeuAc.1....N...rare1","Healthy","MECFS",0,0,0,0,0,NA,"NA",NA,NA,NA,5,5,NA,NA,NA,NA,"NS"
"P20851","HexNAc.6.Hex.7.NeuAc.2.Fuc.1....N...rare1","Healthy","MECFS",0,0,0,0,0,NA,"NA",NA,NA,NA,5,5,NA,NA,NA,NA,"NS"
"P22792","HexNAc.2.Hex.10....N...rare1","Healthy","MECFS",0,0,0,0,0,NA,"NA",NA,NA,NA,4,4,NA,NA,NA,NA,"NS"
"P22792","HexNAc.2.Hex.5....N...rare1","Healthy","MECFS",0,0,0,0,0,NA,"NA",NA,NA,NA,4,4,NA,NA,NA,NA,"NS"
"P22792","HexNAc.2.Hex.6....N...rare1","Healthy","MECFS",0,0,0,0,0,NA,"NA",NA,NA,NA,4,4,NA,NA,NA,NA,"NS"
"P22792","HexNAc.2.Hex.7....N...rare1","Healthy","MECFS",0,0,0,0,0,NA,"NA",NA,NA,NA,4,4,NA,NA,NA,NA,"NS"
"P22792","HexNAc.2.Hex.8....N...rare1","Healthy","MECFS",0,0,0,0,0,NA,"NA",NA,NA,NA,4,4,NA,NA,NA,NA,"NS"
"P22792","HexNAc.2.Hex.9....N...rare1","Healthy","MECFS",0,0,0,0,0,NA,"NA",NA,NA,NA,4,4,NA,NA,NA,NA,"NS"
"P22792","HexNAc.3.Hex.4.NeuAc.1....N...rare1","Healthy","MECFS",0,0,0,0,0,NA,"NA",NA,NA,NA,4,4,NA,NA,NA,NA,"NS"
"P22792","HexNAc.3.Hex.4.NeuAc.1.Fuc.1....N...rare1","Healthy","MECFS",0,0,0,0,0,NA,"NA",NA,NA,NA,4,4,NA,NA,NA,NA,"NS"
"P22792","HexNAc.3.Hex.5....N...rare1","Healthy","MECFS",0,0,0,0,0,NA,"NA",NA,NA,NA,4,4,NA,NA,NA,NA,"NS"
"P22792","HexNAc.3.Hex.5.NeuAc.1....N...rare1","Healthy","MECFS",0,0,0,0,0,NA,"NA",NA,NA,NA,4,4,NA,NA,NA,NA,"NS"
"P22792","HexNAc.3.Hex.6....N...rare1","Healthy","MECFS",0,0,0,0,0,NA,"NA",NA,NA,NA,4,4,NA,NA,NA,NA,"NS"
"P22792","HexNAc.3.Hex.6.NeuAc.1....N...rare1","Healthy","MECFS",0,0,0,0,0,NA,"NA",NA,NA,NA,4,4,NA,NA,NA,NA,"NS"
"P22792","HexNAc.4.Hex.3....N...rare1","Healthy","MECFS",0,0,0,0,0,NA,"NA",NA,NA,NA,4,4,NA,NA,NA,NA,"NS"
"P22792","HexNAc.4.Hex.3.Fuc.1....N...rare1","Healthy","MECFS",0,0,0,0,0,NA,"NA",NA,NA,NA,4,4,NA,NA,NA,NA,"NS"
"P22792","HexNAc.4.Hex.4....N...rare1","Healthy","MECFS",0,0,0,0,0,NA,"NA",NA,NA,NA,4,4,NA,NA,NA,NA,"NS"
"P22792","HexNAc.4.Hex.4.Fuc.1....N...rare1","Healthy","MECFS",0,0,0,0,0,NA,"NA",NA,NA,NA,4,4,NA,NA,NA,NA,"NS"
"P22792","HexNAc.4.Hex.4.NeuAc.1....N...rare1","Healthy","MECFS",0,0,0,0,0,NA,"NA",NA,NA,NA,4,4,NA,NA,NA,NA,"NS"
"P22792","HexNAc.4.Hex.5....N...rare1","Healthy","MECFS",0,0,0,0,0,NA,"NA",NA,NA,NA,4,4,NA,NA,NA,NA,"NS"
"P22792","HexNAc.4.Hex.5.Fuc.1....N...rare1","Healthy","MECFS",0,0,0,0,0,NA,"NA",NA,NA,NA,4,4,NA,NA,NA,NA,"NS"
"P22792","HexNAc.4.Hex.5.NeuAc.1....N...rare1","Healthy","MECFS",0,0,0,0,0,NA,"NA",NA,NA,NA,4,4,NA,NA,NA,NA,"NS"
"P22792","HexNAc.4.Hex.5.NeuAc.1.Fuc.1....N...rare1","Healthy","MECFS",0,0,0,0,0,NA,"NA",NA,NA,NA,4,4,NA,NA,NA,NA,"NS"
"P22792","HexNAc.4.Hex.5.NeuAc.2.Fuc.1....N...rare1","Healthy","MECFS",0,0,0,0,0,NA,"NA",NA,NA,NA,4,4,NA,NA,NA,NA,"NS"
"P22792","HexNAc.4.Hex.6.NeuAc.1....N...rare1","Healthy","MECFS",0,0,0,0,0,NA,"NA",NA,NA,NA,4,4,NA,NA,NA,NA,"NS"
"P22792","HexNAc.5.Hex.3....N...rare1","Healthy","MECFS",0,0,0,0,0,NA,"NA",NA,NA,NA,4,4,NA,NA,NA,NA,"NS"
"P22792","HexNAc.5.Hex.3.Fuc.1....N...rare1","Healthy","MECFS",0,0,0,0,0,NA,"NA",NA,NA,NA,4,4,NA,NA,NA,NA,"NS"
"P22792","HexNAc.5.Hex.4....N...rare1","Healthy","MECFS",0,0,0,0,0,NA,"NA",NA,NA,NA,4,4,NA,NA,NA,NA,"NS"
"P22792","HexNAc.5.Hex.4.Fuc.1....N...rare1","Healthy","MECFS",0,0,0,0,0,NA,"NA",NA,NA,NA,4,4,NA,NA,NA,NA,"NS"
"P22792","HexNAc.5.Hex.4.NeuAc.1....N...rare1","Healthy","MECFS",0,0,0,0,0,NA,"NA",NA,NA,NA,4,4,NA,NA,NA,NA,"NS"
"P22792","HexNAc.5.Hex.4.NeuAc.1.Fuc.1....N...rare1","Healthy","MECFS",0,0,0,0,0,NA,"NA",NA,NA,NA,4,4,NA,NA,NA,NA,"NS"
"P22792","HexNAc.5.Hex.5....N...rare1","Healthy","MECFS",0,0,0,0,0,NA,"NA",NA,NA,NA,4,4,NA,NA,NA,NA,"NS"
"P22792","HexNAc.5.Hex.5.Fuc.1....N...rare1","Healthy","MECFS",0,0,0,0,0,NA,"NA",NA,NA,NA,4,4,NA,NA,NA,NA,"NS"
"P22792","HexNAc.5.Hex.5.NeuAc.1....N...rare1","Healthy","MECFS",0,0,0,0,0,NA,"NA",NA,NA,NA,4,4,NA,NA,NA,NA,"NS"
"P22792","HexNAc.5.Hex.5.NeuAc.1.Fuc.1....N...rare1","Healthy","MECFS",0,0,0,0,0,NA,"NA",NA,NA,NA,4,4,NA,NA,NA,NA,"NS"
"P22792","HexNAc.5.Hex.5.NeuAc.2.Fuc.1....N...rare1","Healthy","MECFS",0,0,0,0,0,NA,"NA",NA,NA,NA,4,4,NA,NA,NA,NA,"NS"
"P22792","HexNAc.5.Hex.6.NeuAc.1....N...rare1","Healthy","MECFS",0,0,0,0,0,NA,"NA",NA,NA,NA,4,4,NA,NA,NA,NA,"NS"
"P22792","HexNAc.5.Hex.6.NeuAc.2....N...rare1","Healthy","MECFS",0,0,0,0,0,NA,"NA",NA,NA,NA,4,4,NA,NA,NA,NA,"NS"
"P22792","HexNAc.5.Hex.6.NeuAc.2.Fuc.1....N...rare1","Healthy","MECFS",0,0,0,0,0,NA,"NA",NA,NA,NA,4,4,NA,NA,NA,NA,"NS"
"P22792","HexNAc.6.Hex.7.NeuAc.1....N...rare1","Healthy","MECFS",0,0,0,0,0,NA,"NA",NA,NA,NA,4,4,NA,NA,NA,NA,"NS"
"P22792","HexNAc.6.Hex.7.NeuAc.2.Fuc.1....N...rare1","Healthy","MECFS",0,0,0,0,0,NA,"NA",NA,NA,NA,4,4,NA,NA,NA,NA,"NS"
"P23142","HexNAc.2.Hex.10....N...rare1","Healthy","MECFS",0,0,0,0,0,NA,"NA",NA,NA,NA,5,5,NA,NA,NA,NA,"NS"
"P23142","HexNAc.2.Hex.5....N...rare1","Healthy","MECFS",0,0,0,0,0,NA,"NA",NA,NA,NA,5,5,NA,NA,NA,NA,"NS"
"P23142","HexNAc.2.Hex.6....N...rare1","Healthy","MECFS",0,0,0,0,0,NA,"NA",NA,NA,NA,5,5,NA,NA,NA,NA,"NS"
"P23142","HexNAc.2.Hex.7....N...rare1","Healthy","MECFS",0,0,0,0,0,NA,"NA",NA,NA,NA,5,5,NA,NA,NA,NA,"NS"
"P23142","HexNAc.2.Hex.8....N...rare1","Healthy","MECFS",0,0,0,0,0,NA,"NA",NA,NA,NA,5,5,NA,NA,NA,NA,"NS"
"P23142","HexNAc.2.Hex.9....N...rare1","Healthy","MECFS",0,0,0,0,0,NA,"NA",NA,NA,NA,5,5,NA,NA,NA,NA,"NS"
"P23142","HexNAc.3.Hex.4.NeuAc.1....N...rare1","Healthy","MECFS",0,0,0,0,0,NA,"NA",NA,NA,NA,5,5,NA,NA,NA,NA,"NS"
"P23142","HexNAc.3.Hex.4.NeuAc.1.Fuc.1....N...rare1","Healthy","MECFS",0,0,0,0,0,NA,"NA",NA,NA,NA,5,5,NA,NA,NA,NA,"NS"
"P23142","HexNAc.3.Hex.5....N...rare1","Healthy","MECFS",0,0,0,0,0,NA,"NA",NA,NA,NA,5,5,NA,NA,NA,NA,"NS"
"P23142","HexNAc.3.Hex.5.NeuAc.1....N...rare1","Healthy","MECFS",0,0,0,0,0,NA,"NA",NA,NA,NA,5,5,NA,NA,NA,NA,"NS"
"P23142","HexNAc.3.Hex.6....N...rare1","Healthy","MECFS",0,0,0,0,0,NA,"NA",NA,NA,NA,5,5,NA,NA,NA,NA,"NS"
"P23142","HexNAc.3.Hex.6.NeuAc.1....N...rare1","Healthy","MECFS",0,0,0,0,0,NA,"NA",NA,NA,NA,5,5,NA,NA,NA,NA,"NS"
"P23142","HexNAc.4.Hex.3....N...rare1","Healthy","MECFS",0,0,0,0,0,NA,"NA",NA,NA,NA,5,5,NA,NA,NA,NA,"NS"
"P23142","HexNAc.4.Hex.3.Fuc.1....N...rare1","Healthy","MECFS",0,0,0,0,0,NA,"NA",NA,NA,NA,5,5,NA,NA,NA,NA,"NS"
"P23142","HexNAc.4.Hex.4....N...rare1","Healthy","MECFS",0,0,0,0,0,NA,"NA",NA,NA,NA,5,5,NA,NA,NA,NA,"NS"
"P23142","HexNAc.4.Hex.4.Fuc.1....N...rare1","Healthy","MECFS",0,0,0,0,0,NA,"NA",NA,NA,NA,5,5,NA,NA,NA,NA,"NS"
"P23142","HexNAc.4.Hex.4.NeuAc.1....N...rare1","Healthy","MECFS",0,0,0,0,0,NA,"NA",NA,NA,NA,5,5,NA,NA,NA,NA,"NS"
"P23142","HexNAc.4.Hex.5....N...rare1","Healthy","MECFS",0,0,0,0,0,NA,"NA",NA,NA,NA,5,5,NA,NA,NA,NA,"NS"
"P23142","HexNAc.4.Hex.5.Fuc.1....N...rare1","Healthy","MECFS",0,0,0,0,0,NA,"NA",NA,NA,NA,5,5,NA,NA,NA,NA,"NS"
"P23142","HexNAc.4.Hex.5.NeuAc.1....N...rare1","Healthy","MECFS",0,0,0,0,0,NA,"NA",NA,NA,NA,5,5,NA,NA,NA,NA,"NS"
"P23142","HexNAc.4.Hex.5.NeuAc.2....N...rare1","Healthy","MECFS",0,0,0,0,0,NA,"NA",NA,NA,NA,5,5,NA,NA,NA,NA,"NS"
"P23142","HexNAc.4.Hex.6.NeuAc.1....N...rare1","Healthy","MECFS",0,0,0,0,0,NA,"NA",NA,NA,NA,5,5,NA,NA,NA,NA,"NS"
"P23142","HexNAc.5.Hex.3....N...rare1","Healthy","MECFS",0,0,0,0,0,NA,"NA",NA,NA,NA,5,5,NA,NA,NA,NA,"NS"
"P23142","HexNAc.5.Hex.3.Fuc.1....N...rare1","Healthy","MECFS",0,0,0,0,0,NA,"NA",NA,NA,NA,5,5,NA,NA,NA,NA,"NS"
"P23142","HexNAc.5.Hex.4....N...rare1","Healthy","MECFS",0,0,0,0,0,NA,"NA",NA,NA,NA,5,5,NA,NA,NA,NA,"NS"
"P23142","HexNAc.5.Hex.4.Fuc.1....N...rare1","Healthy","MECFS",0,0,0,0,0,NA,"NA",NA,NA,NA,5,5,NA,NA,NA,NA,"NS"
"P23142","HexNAc.5.Hex.4.NeuAc.1....N...rare1","Healthy","MECFS",0,0,0,0,0,NA,"NA",NA,NA,NA,5,5,NA,NA,NA,NA,"NS"
"P23142","HexNAc.5.Hex.4.NeuAc.1.Fuc.1....N...rare1","Healthy","MECFS",0,0,0,0,0,NA,"NA",NA,NA,NA,5,5,NA,NA,NA,NA,"NS"
"P23142","HexNAc.5.Hex.5....N...rare1","Healthy","MECFS",0,0,0,0,0,NA,"NA",NA,NA,NA,5,5,NA,NA,NA,NA,"NS"
"P23142","HexNAc.5.Hex.5.Fuc.1....N...rare1","Healthy","MECFS",0,0,0,0,0,NA,"NA",NA,NA,NA,5,5,NA,NA,NA,NA,"NS"
"P23142","HexNAc.5.Hex.5.NeuAc.1....N...rare1","Healthy","MECFS",0,0,0,0,0,NA,"NA",NA,NA,NA,5,5,NA,NA,NA,NA,"NS"
"P23142","HexNAc.5.Hex.5.NeuAc.1.Fuc.1....N...rare1","Healthy","MECFS",0,0,0,0,0,NA,"NA",NA,NA,NA,5,5,NA,NA,NA,NA,"NS"
"P23142","HexNAc.5.Hex.5.NeuAc.2.Fuc.1....N...rare1","Healthy","MECFS",0,0,0,0,0,NA,"NA",NA,NA,NA,5,5,NA,NA,NA,NA,"NS"
"P23142","HexNAc.5.Hex.6.NeuAc.1....N...rare1","Healthy","MECFS",0,0,0,0,0,NA,"NA",NA,NA,NA,5,5,NA,NA,NA,NA,"NS"
"P23142","HexNAc.5.Hex.6.NeuAc.2....N...rare1","Healthy","MECFS",0,0,0,0,0,NA,"NA",NA,NA,NA,5,5,NA,NA,NA,NA,"NS"
"P23142","HexNAc.5.Hex.6.NeuAc.3....N...rare1","Healthy","MECFS",0,0,0,0,0,NA,"NA",NA,NA,NA,5,5,NA,NA,NA,NA,"NS"
"P23142","HexNAc.6.Hex.7.NeuAc.1....N...rare1","Healthy","MECFS",0,0,0,0,0,NA,"NA",NA,NA,NA,5,5,NA,NA,NA,NA,"NS"
"P23142","HexNAc.6.Hex.7.NeuAc.2.Fuc.1....N...rare1","Healthy","MECFS",0,0,0,0,0,NA,"NA",NA,NA,NA,5,5,NA,NA,NA,NA,"NS"
"P25311","HexNAc.2.Hex.10....N...rare1","Healthy","MECFS",0,0,0,0,0,NA,"NA",NA,NA,NA,5,5,NA,NA,NA,NA,"NS"
"P25311","HexNAc.2.Hex.5....N...rare1","Healthy","MECFS",0,0,0,0,0,NA,"NA",NA,NA,NA,5,5,NA,NA,NA,NA,"NS"
"P25311","HexNAc.2.Hex.6....N...rare1","Healthy","MECFS",0,0,0,0,0,NA,"NA",NA,NA,NA,5,5,NA,NA,NA,NA,"NS"
"P25311","HexNAc.2.Hex.7....N...rare1","Healthy","MECFS",0,0,0,0,0,NA,"NA",NA,NA,NA,5,5,NA,NA,NA,NA,"NS"
"P25311","HexNAc.2.Hex.8....N...rare1","Healthy","MECFS",0,0,0,0,0,NA,"NA",NA,NA,NA,5,5,NA,NA,NA,NA,"NS"
"P25311","HexNAc.2.Hex.9....N...rare1","Healthy","MECFS",0,0,0,0,0,NA,"NA",NA,NA,NA,5,5,NA,NA,NA,NA,"NS"
"P25311","HexNAc.3.Hex.4.NeuAc.1....N...rare1","Healthy","MECFS",0,0,0,0,0,NA,"NA",NA,NA,NA,5,5,NA,NA,NA,NA,"NS"
"P25311","HexNAc.3.Hex.4.NeuAc.1.Fuc.1....N...rare1","Healthy","MECFS",0,0,0,0,0,NA,"NA",NA,NA,NA,5,5,NA,NA,NA,NA,"NS"
"P25311","HexNAc.3.Hex.5....N...rare1","Healthy","MECFS",0,0,0,0,0,NA,"NA",NA,NA,NA,5,5,NA,NA,NA,NA,"NS"
"P25311","HexNAc.3.Hex.5.NeuAc.1....N...rare1","Healthy","MECFS",0,0,0,0,0,NA,"NA",NA,NA,NA,5,5,NA,NA,NA,NA,"NS"
"P25311","HexNAc.3.Hex.6....N...rare1","Healthy","MECFS",0,0,0,0,0,NA,"NA",NA,NA,NA,5,5,NA,NA,NA,NA,"NS"
"P25311","HexNAc.3.Hex.6.NeuAc.1....N...rare1","Healthy","MECFS",0,0,0,0,0,NA,"NA",NA,NA,NA,5,5,NA,NA,NA,NA,"NS"
"P25311","HexNAc.4.Hex.3....N...rare1","Healthy","MECFS",0,0,0,0,0,NA,"NA",NA,NA,NA,5,5,NA,NA,NA,NA,"NS"
"P25311","HexNAc.4.Hex.3.Fuc.1....N...rare1","Healthy","MECFS",0,0,0,0,0,NA,"NA",NA,NA,NA,5,5,NA,NA,NA,NA,"NS"
"P25311","HexNAc.4.Hex.4....N...rare1","Healthy","MECFS",0,0,0,0,0,NA,"NA",NA,NA,NA,5,5,NA,NA,NA,NA,"NS"
"P25311","HexNAc.4.Hex.4.Fuc.1....N...rare1","Healthy","MECFS",0,0,0,0,0,NA,"NA",NA,NA,NA,5,5,NA,NA,NA,NA,"NS"
"P25311","HexNAc.4.Hex.4.NeuAc.1....N...rare1","Healthy","MECFS",0,0,0,0,0,NA,"NA",NA,NA,NA,5,5,NA,NA,NA,NA,"NS"
"P25311","HexNAc.4.Hex.5....N...rare1","Healthy","MECFS",0,0,0,0,0,NA,"NA",NA,NA,NA,5,5,NA,NA,NA,NA,"NS"
"P25311","HexNAc.4.Hex.5.Fuc.1....N...rare1","Healthy","MECFS",0,0,0,0,0,NA,"NA",NA,NA,NA,5,5,NA,NA,NA,NA,"NS"
"P25311","HexNAc.4.Hex.5.NeuAc.1.Fuc.1....N...rare1","Healthy","MECFS",0,0,0,0,0,NA,"NA",NA,NA,NA,5,5,NA,NA,NA,NA,"NS"
"P25311","HexNAc.4.Hex.6.NeuAc.1....N...rare1","Healthy","MECFS",0,0,0,0,0,NA,"NA",NA,NA,NA,5,5,NA,NA,NA,NA,"NS"
"P25311","HexNAc.5.Hex.3....N...rare1","Healthy","MECFS",0,0,0,0,0,NA,"NA",NA,NA,NA,5,5,NA,NA,NA,NA,"NS"
"P25311","HexNAc.5.Hex.3.Fuc.1....N...rare1","Healthy","MECFS",0,0,0,0,0,NA,"NA",NA,NA,NA,5,5,NA,NA,NA,NA,"NS"
"P25311","HexNAc.5.Hex.4....N...rare1","Healthy","MECFS",0,0,0,0,0,NA,"NA",NA,NA,NA,5,5,NA,NA,NA,NA,"NS"
"P25311","HexNAc.5.Hex.4.Fuc.1....N...rare1","Healthy","MECFS",0,0,0,0,0,NA,"NA",NA,NA,NA,5,5,NA,NA,NA,NA,"NS"
"P25311","HexNAc.5.Hex.4.NeuAc.1....N...rare1","Healthy","MECFS",0,0,0,0,0,NA,"NA",NA,NA,NA,5,5,NA,NA,NA,NA,"NS"
"P25311","HexNAc.5.Hex.4.NeuAc.1.Fuc.1....N...rare1","Healthy","MECFS",0,0,0,0,0,NA,"NA",NA,NA,NA,5,5,NA,NA,NA,NA,"NS"
"P25311","HexNAc.5.Hex.5....N...rare1","Healthy","MECFS",0,0,0,0,0,NA,"NA",NA,NA,NA,5,5,NA,NA,NA,NA,"NS"
"P25311","HexNAc.5.Hex.5.Fuc.1....N...rare1","Healthy","MECFS",0,0,0,0,0,NA,"NA",NA,NA,NA,5,5,NA,NA,NA,NA,"NS"
"P25311","HexNAc.5.Hex.5.NeuAc.1....N...rare1","Healthy","MECFS",0,0,0,0,0,NA,"NA",NA,NA,NA,5,5,NA,NA,NA,NA,"NS"
"P25311","HexNAc.5.Hex.5.NeuAc.1.Fuc.1....N...rare1","Healthy","MECFS",0,0,0,0,0,NA,"NA",NA,NA,NA,5,5,NA,NA,NA,NA,"NS"
"P25311","HexNAc.5.Hex.5.NeuAc.2.Fuc.1....N...rare1","Healthy","MECFS",0,0,0,0,0,NA,"NA",NA,NA,NA,5,5,NA,NA,NA,NA,"NS"
"P25311","HexNAc.5.Hex.6.NeuAc.1....N...rare1","Healthy","MECFS",0,0,0,0,0,NA,"NA",NA,NA,NA,5,5,NA,NA,NA,NA,"NS"
"P25311","HexNAc.5.Hex.6.NeuAc.2....N...rare1","Healthy","MECFS",0,0,0,0,0,NA,"NA",NA,NA,NA,5,5,NA,NA,NA,NA,"NS"
"P25311","HexNAc.5.Hex.6.NeuAc.2.Fuc.1....N...rare1","Healthy","MECFS",0,0,0,0,0,NA,"NA",NA,NA,NA,5,5,NA,NA,NA,NA,"NS"
"P25311","HexNAc.6.Hex.7.NeuAc.1....N...rare1","Healthy","MECFS",0,0,0,0,0,NA,"NA",NA,NA,NA,5,5,NA,NA,NA,NA,"NS"
"P25311","HexNAc.6.Hex.7.NeuAc.2.Fuc.1....N...rare1","Healthy","MECFS",0,0,0,0,0,NA,"NA",NA,NA,NA,5,5,NA,NA,NA,NA,"NS"
"P26045","HexNAc.2.Hex.10....N...rare1","Healthy","MECFS",0,0,0,0,0,NA,"NA",NA,NA,NA,4,3,NA,NA,NA,NA,"NS"
"P26045","HexNAc.2.Hex.5....N...rare1","Healthy","MECFS",0,0,0,0,0,NA,"NA",NA,NA,NA,4,3,NA,NA,NA,NA,"NS"
"P26045","HexNAc.2.Hex.6....N...rare1","Healthy","MECFS",0,0,0,0,0,NA,"NA",NA,NA,NA,4,3,NA,NA,NA,NA,"NS"
"P26045","HexNAc.2.Hex.7....N...rare1","Healthy","MECFS",0,0,0,0,0,NA,"NA",NA,NA,NA,4,3,NA,NA,NA,NA,"NS"
"P26045","HexNAc.2.Hex.8....N...rare1","Healthy","MECFS",0,0,0,0,0,NA,"NA",NA,NA,NA,4,3,NA,NA,NA,NA,"NS"
"P26045","HexNAc.2.Hex.9....N...rare1","Healthy","MECFS",0,0,0,0,0,NA,"NA",NA,NA,NA,4,3,NA,NA,NA,NA,"NS"
"P26045","HexNAc.3.Hex.4.NeuAc.1....N...rare1","Healthy","MECFS",0,0,0,0,0,NA,"NA",NA,NA,NA,4,3,NA,NA,NA,NA,"NS"
"P26045","HexNAc.3.Hex.4.NeuAc.1.Fuc.1....N...rare1","Healthy","MECFS",0,0,0,0,0,NA,"NA",NA,NA,NA,4,3,NA,NA,NA,NA,"NS"
"P26045","HexNAc.3.Hex.5....N...rare1","Healthy","MECFS",0,0,0,0,0,NA,"NA",NA,NA,NA,4,3,NA,NA,NA,NA,"NS"
"P26045","HexNAc.3.Hex.5.NeuAc.1....N...rare1","Healthy","MECFS",0,0,0,0,0,NA,"NA",NA,NA,NA,4,3,NA,NA,NA,NA,"NS"
"P26045","HexNAc.3.Hex.6....N...rare1","Healthy","MECFS",0,0,0,0,0,NA,"NA",NA,NA,NA,4,3,NA,NA,NA,NA,"NS"
"P26045","HexNAc.3.Hex.6.NeuAc.1....N...rare1","Healthy","MECFS",0,0,0,0,0,NA,"NA",NA,NA,NA,4,3,NA,NA,NA,NA,"NS"
"P26045","HexNAc.4.Hex.3....N...rare1","Healthy","MECFS",0,0,0,0,0,NA,"NA",NA,NA,NA,4,3,NA,NA,NA,NA,"NS"
"P26045","HexNAc.4.Hex.3.Fuc.1....N...rare1","Healthy","MECFS",0,0,0,0,0,NA,"NA",NA,NA,NA,4,3,NA,NA,NA,NA,"NS"
"P26045","HexNAc.4.Hex.4....N...rare1","Healthy","MECFS",0,0,0,0,0,NA,"NA",NA,NA,NA,4,3,NA,NA,NA,NA,"NS"
"P26045","HexNAc.4.Hex.4.Fuc.1....N...rare1","Healthy","MECFS",0,0,0,0,0,NA,"NA",NA,NA,NA,4,3,NA,NA,NA,NA,"NS"
"P26045","HexNAc.4.Hex.4.NeuAc.1....N...rare1","Healthy","MECFS",0,0,0,0,0,NA,"NA",NA,NA,NA,4,3,NA,NA,NA,NA,"NS"
"P26045","HexNAc.4.Hex.5....N...rare1","Healthy","MECFS",0,0,0,0,0,NA,"NA",NA,NA,NA,4,3,NA,NA,NA,NA,"NS"
"P26045","HexNAc.4.Hex.5.Fuc.1....N...rare1","Healthy","MECFS",0,0,0,0,0,NA,"NA",NA,NA,NA,4,3,NA,NA,NA,NA,"NS"
"P26045","HexNAc.4.Hex.5.NeuAc.1....N...rare1","Healthy","MECFS",0,0,0,0,0,NA,"NA",NA,NA,NA,4,3,NA,NA,NA,NA,"NS"
"P26045","HexNAc.4.Hex.5.NeuAc.1.Fuc.1....N...rare1","Healthy","MECFS",0,0,0,0,0,NA,"NA",NA,NA,NA,4,3,NA,NA,NA,NA,"NS"
"P26045","HexNAc.4.Hex.5.NeuAc.2....N...rare1","Healthy","MECFS",0,0,0,0,0,NA,"NA",NA,NA,NA,4,3,NA,NA,NA,NA,"NS"
"P26045","HexNAc.4.Hex.5.NeuAc.2.Fuc.1....N...rare1","Healthy","MECFS",0,0,0,0,0,NA,"NA",NA,NA,NA,4,3,NA,NA,NA,NA,"NS"
"P26045","HexNAc.5.Hex.3....N...rare1","Healthy","MECFS",0,0,0,0,0,NA,"NA",NA,NA,NA,4,3,NA,NA,NA,NA,"NS"
"P26045","HexNAc.5.Hex.3.Fuc.1....N...rare1","Healthy","MECFS",0,0,0,0,0,NA,"NA",NA,NA,NA,4,3,NA,NA,NA,NA,"NS"
"P26045","HexNAc.5.Hex.4....N...rare1","Healthy","MECFS",0,0,0,0,0,NA,"NA",NA,NA,NA,4,3,NA,NA,NA,NA,"NS"
"P26045","HexNAc.5.Hex.4.Fuc.1....N...rare1","Healthy","MECFS",0,0,0,0,0,NA,"NA",NA,NA,NA,4,3,NA,NA,NA,NA,"NS"
"P26045","HexNAc.5.Hex.4.NeuAc.1....N...rare1","Healthy","MECFS",0,0,0,0,0,NA,"NA",NA,NA,NA,4,3,NA,NA,NA,NA,"NS"
"P26045","HexNAc.5.Hex.5....N...rare1","Healthy","MECFS",0,0,0,0,0,NA,"NA",NA,NA,NA,4,3,NA,NA,NA,NA,"NS"
"P26045","HexNAc.5.Hex.5.Fuc.1....N...rare1","Healthy","MECFS",0,0,0,0,0,NA,"NA",NA,NA,NA,4,3,NA,NA,NA,NA,"NS"
"P26045","HexNAc.5.Hex.5.NeuAc.1....N...rare1","Healthy","MECFS",0,0,0,0,0,NA,"NA",NA,NA,NA,4,3,NA,NA,NA,NA,"NS"
"P26045","HexNAc.5.Hex.5.NeuAc.1.Fuc.1....N...rare1","Healthy","MECFS",0,0,0,0,0,NA,"NA",NA,NA,NA,4,3,NA,NA,NA,NA,"NS"
"P26045","HexNAc.5.Hex.5.NeuAc.2.Fuc.1....N...rare1","Healthy","MECFS",0,0,0,0,0,NA,"NA",NA,NA,NA,4,3,NA,NA,NA,NA,"NS"
"P26045","HexNAc.5.Hex.6.NeuAc.1....N...rare1","Healthy","MECFS",0,0,0,0,0,NA,"NA",NA,NA,NA,4,3,NA,NA,NA,NA,"NS"
"P26045","HexNAc.5.Hex.6.NeuAc.2....N...rare1","Healthy","MECFS",0,0,0,0,0,NA,"NA",NA,NA,NA,4,3,NA,NA,NA,NA,"NS"
"P26045","HexNAc.5.Hex.6.NeuAc.2.Fuc.1....N...rare1","Healthy","MECFS",0,0,0,0,0,NA,"NA",NA,NA,NA,4,3,NA,NA,NA,NA,"NS"
"P26045","HexNAc.5.Hex.6.NeuAc.3....N...rare1","Healthy","MECFS",0,0,0,0,0,NA,"NA",NA,NA,NA,4,3,NA,NA,NA,NA,"NS"
"P26045","HexNAc.6.Hex.7.NeuAc.1....N...rare1","Healthy","MECFS",0,0,0,0,0,NA,"NA",NA,NA,NA,4,3,NA,NA,NA,NA,"NS"
"P26045","HexNAc.6.Hex.7.NeuAc.2.Fuc.1....N...rare1","Healthy","MECFS",0,0,0,0,0,NA,"NA",NA,NA,NA,4,3,NA,NA,NA,NA,"NS"
"P26927","HexNAc.2.Hex.10....N...rare1","Healthy","MECFS",0,0,0,0,0,NA,"NA",NA,NA,NA,5,5,NA,NA,NA,NA,"NS"
"P26927","HexNAc.2.Hex.5....N...rare1","Healthy","MECFS",0,0,0,0,0,NA,"NA",NA,NA,NA,5,5,NA,NA,NA,NA,"NS"
"P26927","HexNAc.2.Hex.6....N...rare1","Healthy","MECFS",0,0,0,0,0,NA,"NA",NA,NA,NA,5,5,NA,NA,NA,NA,"NS"
"P26927","HexNAc.2.Hex.7....N...rare1","Healthy","MECFS",0,0,0,0,0,NA,"NA",NA,NA,NA,5,5,NA,NA,NA,NA,"NS"
"P26927","HexNAc.2.Hex.8....N...rare1","Healthy","MECFS",0,0,0,0,0,NA,"NA",NA,NA,NA,5,5,NA,NA,NA,NA,"NS"
"P26927","HexNAc.2.Hex.9....N...rare1","Healthy","MECFS",0,0,0,0,0,NA,"NA",NA,NA,NA,5,5,NA,NA,NA,NA,"NS"
"P26927","HexNAc.3.Hex.4.NeuAc.1....N...rare1","Healthy","MECFS",0,0,0,0,0,NA,"NA",NA,NA,NA,5,5,NA,NA,NA,NA,"NS"
"P26927","HexNAc.3.Hex.4.NeuAc.1.Fuc.1....N...rare1","Healthy","MECFS",0,0,0,0,0,NA,"NA",NA,NA,NA,5,5,NA,NA,NA,NA,"NS"
"P26927","HexNAc.3.Hex.5....N...rare1","Healthy","MECFS",0,0,0,0,0,NA,"NA",NA,NA,NA,5,5,NA,NA,NA,NA,"NS"
"P26927","HexNAc.3.Hex.5.NeuAc.1....N...rare1","Healthy","MECFS",0,0,0,0,0,NA,"NA",NA,NA,NA,5,5,NA,NA,NA,NA,"NS"
"P26927","HexNAc.3.Hex.6....N...rare1","Healthy","MECFS",0,0,0,0,0,NA,"NA",NA,NA,NA,5,5,NA,NA,NA,NA,"NS"
"P26927","HexNAc.3.Hex.6.NeuAc.1....N...rare1","Healthy","MECFS",0,0,0,0,0,NA,"NA",NA,NA,NA,5,5,NA,NA,NA,NA,"NS"
"P26927","HexNAc.4.Hex.3....N...rare1","Healthy","MECFS",0,0,0,0,0,NA,"NA",NA,NA,NA,5,5,NA,NA,NA,NA,"NS"
"P26927","HexNAc.4.Hex.3.Fuc.1....N...rare1","Healthy","MECFS",0,0,0,0,0,NA,"NA",NA,NA,NA,5,5,NA,NA,NA,NA,"NS"
"P26927","HexNAc.4.Hex.4....N...rare1","Healthy","MECFS",0,0,0,0,0,NA,"NA",NA,NA,NA,5,5,NA,NA,NA,NA,"NS"
"P26927","HexNAc.4.Hex.4.Fuc.1....N...rare1","Healthy","MECFS",0,0,0,0,0,NA,"NA",NA,NA,NA,5,5,NA,NA,NA,NA,"NS"
"P26927","HexNAc.4.Hex.4.NeuAc.1....N...rare1","Healthy","MECFS",0,0,0,0,0,NA,"NA",NA,NA,NA,5,5,NA,NA,NA,NA,"NS"
"P26927","HexNAc.4.Hex.5....N...rare1","Healthy","MECFS",0,0,0,0,0,NA,"NA",NA,NA,NA,5,5,NA,NA,NA,NA,"NS"
"P26927","HexNAc.4.Hex.5.Fuc.1....N...rare1","Healthy","MECFS",0,0,0,0,0,NA,"NA",NA,NA,NA,5,5,NA,NA,NA,NA,"NS"
"P26927","HexNAc.4.Hex.5.NeuAc.1....N...rare1","Healthy","MECFS",0,0,0,0,0,NA,"NA",NA,NA,NA,5,5,NA,NA,NA,NA,"NS"
"P26927","HexNAc.4.Hex.5.NeuAc.1.Fuc.1....N...rare1","Healthy","MECFS",0,0,0,0,0,NA,"NA",NA,NA,NA,5,5,NA,NA,NA,NA,"NS"
"P26927","HexNAc.4.Hex.5.NeuAc.2....N...rare1","Healthy","MECFS",0,0,0,0,0,NA,"NA",NA,NA,NA,5,5,NA,NA,NA,NA,"NS"
"P26927","HexNAc.4.Hex.5.NeuAc.2.Fuc.1....N...rare1","Healthy","MECFS",0,0,0,0,0,NA,"NA",NA,NA,NA,5,5,NA,NA,NA,NA,"NS"
"P26927","HexNAc.4.Hex.6.NeuAc.1....N...rare1","Healthy","MECFS",0,0,0,0,0,NA,"NA",NA,NA,NA,5,5,NA,NA,NA,NA,"NS"
"P26927","HexNAc.5.Hex.3....N...rare1","Healthy","MECFS",0,0,0,0,0,NA,"NA",NA,NA,NA,5,5,NA,NA,NA,NA,"NS"
"P26927","HexNAc.5.Hex.3.Fuc.1....N...rare1","Healthy","MECFS",0,0,0,0,0,NA,"NA",NA,NA,NA,5,5,NA,NA,NA,NA,"NS"
"P26927","HexNAc.5.Hex.4....N...rare1","Healthy","MECFS",0,0,0,0,0,NA,"NA",NA,NA,NA,5,5,NA,NA,NA,NA,"NS"
"P26927","HexNAc.5.Hex.4.Fuc.1....N...rare1","Healthy","MECFS",0,0,0,0,0,NA,"NA",NA,NA,NA,5,5,NA,NA,NA,NA,"NS"
"P26927","HexNAc.5.Hex.4.NeuAc.1....N...rare1","Healthy","MECFS",0,0,0,0,0,NA,"NA",NA,NA,NA,5,5,NA,NA,NA,NA,"NS"
"P26927","HexNAc.5.Hex.4.NeuAc.1.Fuc.1....N...rare1","Healthy","MECFS",0,0,0,0,0,NA,"NA",NA,NA,NA,5,5,NA,NA,NA,NA,"NS"
"P26927","HexNAc.5.Hex.5....N...rare1","Healthy","MECFS",0,0,0,0,0,NA,"NA",NA,NA,NA,5,5,NA,NA,NA,NA,"NS"
"P26927","HexNAc.5.Hex.5.Fuc.1....N...rare1","Healthy","MECFS",0,0,0,0,0,NA,"NA",NA,NA,NA,5,5,NA,NA,NA,NA,"NS"
"P26927","HexNAc.5.Hex.5.NeuAc.1....N...rare1","Healthy","MECFS",0,0,0,0,0,NA,"NA",NA,NA,NA,5,5,NA,NA,NA,NA,"NS"
"P26927","HexNAc.5.Hex.5.NeuAc.1.Fuc.1....N...rare1","Healthy","MECFS",0,0,0,0,0,NA,"NA",NA,NA,NA,5,5,NA,NA,NA,NA,"NS"
"P26927","HexNAc.5.Hex.5.NeuAc.2.Fuc.1....N...rare1","Healthy","MECFS",0,0,0,0,0,NA,"NA",NA,NA,NA,5,5,NA,NA,NA,NA,"NS"
"P26927","HexNAc.5.Hex.6.NeuAc.1....N...rare1","Healthy","MECFS",0,0,0,0,0,NA,"NA",NA,NA,NA,5,5,NA,NA,NA,NA,"NS"
"P26927","HexNAc.5.Hex.6.NeuAc.2....N...rare1","Healthy","MECFS",0,0,0,0,0,NA,"NA",NA,NA,NA,5,5,NA,NA,NA,NA,"NS"
"P26927","HexNAc.5.Hex.6.NeuAc.2.Fuc.1....N...rare1","Healthy","MECFS",0,0,0,0,0,NA,"NA",NA,NA,NA,5,5,NA,NA,NA,NA,"NS"
"P26927","HexNAc.5.Hex.6.NeuAc.3....N...rare1","Healthy","MECFS",0,0,0,0,0,NA,"NA",NA,NA,NA,5,5,NA,NA,NA,NA,"NS"
"P26927","HexNAc.6.Hex.7.NeuAc.1....N...rare1","Healthy","MECFS",0,0,0,0,0,NA,"NA",NA,NA,NA,5,5,NA,NA,NA,NA,"NS"
"P26927","HexNAc.6.Hex.7.NeuAc.2.Fuc.1....N...rare1","Healthy","MECFS",0,0,0,0,0,NA,"NA",NA,NA,NA,5,5,NA,NA,NA,NA,"NS"
"P27169","HexNAc.2.Hex.10....N...rare1","Healthy","MECFS",0,0,0,0,0,NA,"NA",NA,NA,NA,5,5,NA,NA,NA,NA,"NS"
"P27169","HexNAc.2.Hex.5....N...rare1","Healthy","MECFS",0,0,0,0,0,NA,"NA",NA,NA,NA,5,5,NA,NA,NA,NA,"NS"
"P27169","HexNAc.2.Hex.6....N...rare1","Healthy","MECFS",0,0,0,0,0,NA,"NA",NA,NA,NA,5,5,NA,NA,NA,NA,"NS"
"P27169","HexNAc.2.Hex.7....N...rare1","Healthy","MECFS",0,0,0,0,0,NA,"NA",NA,NA,NA,5,5,NA,NA,NA,NA,"NS"
"P27169","HexNAc.2.Hex.8....N...rare1","Healthy","MECFS",0,0,0,0,0,NA,"NA",NA,NA,NA,5,5,NA,NA,NA,NA,"NS"
"P27169","HexNAc.2.Hex.9....N...rare1","Healthy","MECFS",0,0,0,0,0,NA,"NA",NA,NA,NA,5,5,NA,NA,NA,NA,"NS"
"P27169","HexNAc.3.Hex.4.NeuAc.1....N...rare1","Healthy","MECFS",0,0,0,0,0,NA,"NA",NA,NA,NA,5,5,NA,NA,NA,NA,"NS"
"P27169","HexNAc.3.Hex.4.NeuAc.1.Fuc.1....N...rare1","Healthy","MECFS",0,0,0,0,0,NA,"NA",NA,NA,NA,5,5,NA,NA,NA,NA,"NS"
"P27169","HexNAc.3.Hex.5....N...rare1","Healthy","MECFS",0,0,0,0,0,NA,"NA",NA,NA,NA,5,5,NA,NA,NA,NA,"NS"
"P27169","HexNAc.3.Hex.6....N...rare1","Healthy","MECFS",0,0,0,0,0,NA,"NA",NA,NA,NA,5,5,NA,NA,NA,NA,"NS"
"P27169","HexNAc.4.Hex.3....N...rare1","Healthy","MECFS",0,0,0,0,0,NA,"NA",NA,NA,NA,5,5,NA,NA,NA,NA,"NS"
"P27169","HexNAc.4.Hex.3.Fuc.1....N...rare1","Healthy","MECFS",0,0,0,0,0,NA,"NA",NA,NA,NA,5,5,NA,NA,NA,NA,"NS"
"P27169","HexNAc.4.Hex.4....N...rare1","Healthy","MECFS",0,0,0,0,0,NA,"NA",NA,NA,NA,5,5,NA,NA,NA,NA,"NS"
"P27169","HexNAc.4.Hex.4.Fuc.1....N...rare1","Healthy","MECFS",0,0,0,0,0,NA,"NA",NA,NA,NA,5,5,NA,NA,NA,NA,"NS"
"P27169","HexNAc.4.Hex.4.NeuAc.1....N...rare1","Healthy","MECFS",0,0,0,0,0,NA,"NA",NA,NA,NA,5,5,NA,NA,NA,NA,"NS"
"P27169","HexNAc.4.Hex.5....N...rare1","Healthy","MECFS",0,0,0,0,0,NA,"NA",NA,NA,NA,5,5,NA,NA,NA,NA,"NS"
"P27169","HexNAc.4.Hex.5.Fuc.1....N...rare1","Healthy","MECFS",0,0,0,0,0,NA,"NA",NA,NA,NA,5,5,NA,NA,NA,NA,"NS"
"P27169","HexNAc.4.Hex.5.NeuAc.1.Fuc.1....N...rare1","Healthy","MECFS",0,0,0,0,0,NA,"NA",NA,NA,NA,5,5,NA,NA,NA,NA,"NS"
"P27169","HexNAc.4.Hex.5.NeuAc.2.Fuc.1....N...rare1","Healthy","MECFS",0,0,0,0,0,NA,"NA",NA,NA,NA,5,5,NA,NA,NA,NA,"NS"
"P27169","HexNAc.4.Hex.6.NeuAc.1....N...rare1","Healthy","MECFS",0,0,0,0,0,NA,"NA",NA,NA,NA,5,5,NA,NA,NA,NA,"NS"
"P27169","HexNAc.5.Hex.3....N...rare1","Healthy","MECFS",0,0,0,0,0,NA,"NA",NA,NA,NA,5,5,NA,NA,NA,NA,"NS"
"P27169","HexNAc.5.Hex.3.Fuc.1....N...rare1","Healthy","MECFS",0,0,0,0,0,NA,"NA",NA,NA,NA,5,5,NA,NA,NA,NA,"NS"
"P27169","HexNAc.5.Hex.4....N...rare1","Healthy","MECFS",0,0,0,0,0,NA,"NA",NA,NA,NA,5,5,NA,NA,NA,NA,"NS"
"P27169","HexNAc.5.Hex.4.Fuc.1....N...rare1","Healthy","MECFS",0,0,0,0,0,NA,"NA",NA,NA,NA,5,5,NA,NA,NA,NA,"NS"
"P27169","HexNAc.5.Hex.4.NeuAc.1....N...rare1","Healthy","MECFS",0,0,0,0,0,NA,"NA",NA,NA,NA,5,5,NA,NA,NA,NA,"NS"
"P27169","HexNAc.5.Hex.4.NeuAc.1.Fuc.1....N...rare1","Healthy","MECFS",0,0,0,0,0,NA,"NA",NA,NA,NA,5,5,NA,NA,NA,NA,"NS"
"P27169","HexNAc.5.Hex.5....N...rare1","Healthy","MECFS",0,0,0,0,0,NA,"NA",NA,NA,NA,5,5,NA,NA,NA,NA,"NS"
"P27169","HexNAc.5.Hex.5.Fuc.1....N...rare1","Healthy","MECFS",0,0,0,0,0,NA,"NA",NA,NA,NA,5,5,NA,NA,NA,NA,"NS"
"P27169","HexNAc.5.Hex.5.NeuAc.1....N...rare1","Healthy","MECFS",0,0,0,0,0,NA,"NA",NA,NA,NA,5,5,NA,NA,NA,NA,"NS"
"P27169","HexNAc.5.Hex.5.NeuAc.1.Fuc.1....N...rare1","Healthy","MECFS",0,0,0,0,0,NA,"NA",NA,NA,NA,5,5,NA,NA,NA,NA,"NS"
"P27169","HexNAc.5.Hex.5.NeuAc.2.Fuc.1....N...rare1","Healthy","MECFS",0,0,0,0,0,NA,"NA",NA,NA,NA,5,5,NA,NA,NA,NA,"NS"
"P27169","HexNAc.5.Hex.6.NeuAc.1....N...rare1","Healthy","MECFS",0,0,0,0,0,NA,"NA",NA,NA,NA,5,5,NA,NA,NA,NA,"NS"
"P27169","HexNAc.5.Hex.6.NeuAc.2....N...rare1","Healthy","MECFS",0,0,0,0,0,NA,"NA",NA,NA,NA,5,5,NA,NA,NA,NA,"NS"
"P27169","HexNAc.5.Hex.6.NeuAc.2.Fuc.1....N...rare1","Healthy","MECFS",0,0,0,0,0,NA,"NA",NA,NA,NA,5,5,NA,NA,NA,NA,"NS"
"P27169","HexNAc.6.Hex.7.NeuAc.1....N...rare1","Healthy","MECFS",0,0,0,0,0,NA,"NA",NA,NA,NA,5,5,NA,NA,NA,NA,"NS"
"P27169","HexNAc.6.Hex.7.NeuAc.2.Fuc.1....N...rare1","Healthy","MECFS",0,0,0,0,0,NA,"NA",NA,NA,NA,5,5,NA,NA,NA,NA,"NS"
"P27918","HexNAc.2.Hex.10....N...rare1","Healthy","MECFS",0,0,0,0,0,NA,"NA",NA,NA,NA,5,5,NA,NA,NA,NA,"NS"
"P27918","HexNAc.2.Hex.5....N...rare1","Healthy","MECFS",0,0,0,0,0,NA,"NA",NA,NA,NA,5,5,NA,NA,NA,NA,"NS"
"P27918","HexNAc.2.Hex.6....N...rare1","Healthy","MECFS",0,0,0,0,0,NA,"NA",NA,NA,NA,5,5,NA,NA,NA,NA,"NS"
"P27918","HexNAc.2.Hex.7....N...rare1","Healthy","MECFS",0,0,0,0,0,NA,"NA",NA,NA,NA,5,5,NA,NA,NA,NA,"NS"
"P27918","HexNAc.2.Hex.8....N...rare1","Healthy","MECFS",0,0,0,0,0,NA,"NA",NA,NA,NA,5,5,NA,NA,NA,NA,"NS"
"P27918","HexNAc.2.Hex.9....N...rare1","Healthy","MECFS",0,0,0,0,0,NA,"NA",NA,NA,NA,5,5,NA,NA,NA,NA,"NS"
"P27918","HexNAc.3.Hex.4.NeuAc.1....N...rare1","Healthy","MECFS",0,0,0,0,0,NA,"NA",NA,NA,NA,5,5,NA,NA,NA,NA,"NS"
"P27918","HexNAc.3.Hex.4.NeuAc.1.Fuc.1....N...rare1","Healthy","MECFS",0,0,0,0,0,NA,"NA",NA,NA,NA,5,5,NA,NA,NA,NA,"NS"
"P27918","HexNAc.3.Hex.5....N...rare1","Healthy","MECFS",0,0,0,0,0,NA,"NA",NA,NA,NA,5,5,NA,NA,NA,NA,"NS"
"P27918","HexNAc.3.Hex.5.NeuAc.1....N...rare1","Healthy","MECFS",0,0,0,0,0,NA,"NA",NA,NA,NA,5,5,NA,NA,NA,NA,"NS"
"P27918","HexNAc.3.Hex.6....N...rare1","Healthy","MECFS",0,0,0,0,0,NA,"NA",NA,NA,NA,5,5,NA,NA,NA,NA,"NS"
"P27918","HexNAc.3.Hex.6.NeuAc.1....N...rare1","Healthy","MECFS",0,0,0,0,0,NA,"NA",NA,NA,NA,5,5,NA,NA,NA,NA,"NS"
"P27918","HexNAc.4.Hex.3....N...rare1","Healthy","MECFS",0,0,0,0,0,NA,"NA",NA,NA,NA,5,5,NA,NA,NA,NA,"NS"
"P27918","HexNAc.4.Hex.3.Fuc.1....N...rare1","Healthy","MECFS",0,0,0,0,0,NA,"NA",NA,NA,NA,5,5,NA,NA,NA,NA,"NS"
"P27918","HexNAc.4.Hex.4....N...rare1","Healthy","MECFS",0,0,0,0,0,NA,"NA",NA,NA,NA,5,5,NA,NA,NA,NA,"NS"
"P27918","HexNAc.4.Hex.4.Fuc.1....N...rare1","Healthy","MECFS",0,0,0,0,0,NA,"NA",NA,NA,NA,5,5,NA,NA,NA,NA,"NS"
"P27918","HexNAc.4.Hex.4.NeuAc.1....N...rare1","Healthy","MECFS",0,0,0,0,0,NA,"NA",NA,NA,NA,5,5,NA,NA,NA,NA,"NS"
"P27918","HexNAc.4.Hex.5....N...rare1","Healthy","MECFS",0,0,0,0,0,NA,"NA",NA,NA,NA,5,5,NA,NA,NA,NA,"NS"
"P27918","HexNAc.4.Hex.5.Fuc.1....N...rare1","Healthy","MECFS",0,0,0,0,0,NA,"NA",NA,NA,NA,5,5,NA,NA,NA,NA,"NS"
"P27918","HexNAc.4.Hex.5.NeuAc.1....N...rare1","Healthy","MECFS",0,0,0,0,0,NA,"NA",NA,NA,NA,5,5,NA,NA,NA,NA,"NS"
"P27918","HexNAc.4.Hex.5.NeuAc.2....N...rare1","Healthy","MECFS",0,0,0,0,0,NA,"NA",NA,NA,NA,5,5,NA,NA,NA,NA,"NS"
"P27918","HexNAc.4.Hex.6.NeuAc.1....N...rare1","Healthy","MECFS",0,0,0,0,0,NA,"NA",NA,NA,NA,5,5,NA,NA,NA,NA,"NS"
"P27918","HexNAc.5.Hex.3....N...rare1","Healthy","MECFS",0,0,0,0,0,NA,"NA",NA,NA,NA,5,5,NA,NA,NA,NA,"NS"
"P27918","HexNAc.5.Hex.3.Fuc.1....N...rare1","Healthy","MECFS",0,0,0,0,0,NA,"NA",NA,NA,NA,5,5,NA,NA,NA,NA,"NS"
"P27918","HexNAc.5.Hex.4....N...rare1","Healthy","MECFS",0,0,0,0,0,NA,"NA",NA,NA,NA,5,5,NA,NA,NA,NA,"NS"
"P27918","HexNAc.5.Hex.4.Fuc.1....N...rare1","Healthy","MECFS",0,0,0,0,0,NA,"NA",NA,NA,NA,5,5,NA,NA,NA,NA,"NS"
"P27918","HexNAc.5.Hex.4.NeuAc.1....N...rare1","Healthy","MECFS",0,0,0,0,0,NA,"NA",NA,NA,NA,5,5,NA,NA,NA,NA,"NS"
"P27918","HexNAc.5.Hex.4.NeuAc.1.Fuc.1....N...rare1","Healthy","MECFS",0,0,0,0,0,NA,"NA",NA,NA,NA,5,5,NA,NA,NA,NA,"NS"
"P27918","HexNAc.5.Hex.5....N...rare1","Healthy","MECFS",0,0,0,0,0,NA,"NA",NA,NA,NA,5,5,NA,NA,NA,NA,"NS"
"P27918","HexNAc.5.Hex.5.Fuc.1....N...rare1","Healthy","MECFS",0,0,0,0,0,NA,"NA",NA,NA,NA,5,5,NA,NA,NA,NA,"NS"
"P27918","HexNAc.5.Hex.5.NeuAc.1....N...rare1","Healthy","MECFS",0,0,0,0,0,NA,"NA",NA,NA,NA,5,5,NA,NA,NA,NA,"NS"
"P27918","HexNAc.5.Hex.5.NeuAc.1.Fuc.1....N...rare1","Healthy","MECFS",0,0,0,0,0,NA,"NA",NA,NA,NA,5,5,NA,NA,NA,NA,"NS"
"P27918","HexNAc.5.Hex.5.NeuAc.2.Fuc.1....N...rare1","Healthy","MECFS",0,0,0,0,0,NA,"NA",NA,NA,NA,5,5,NA,NA,NA,NA,"NS"
"P27918","HexNAc.5.Hex.6.NeuAc.1....N...rare1","Healthy","MECFS",0,0,0,0,0,NA,"NA",NA,NA,NA,5,5,NA,NA,NA,NA,"NS"
"P27918","HexNAc.5.Hex.6.NeuAc.2....N...rare1","Healthy","MECFS",0,0,0,0,0,NA,"NA",NA,NA,NA,5,5,NA,NA,NA,NA,"NS"
"P27918","HexNAc.5.Hex.6.NeuAc.2.Fuc.1....N...rare1","Healthy","MECFS",0,0,0,0,0,NA,"NA",NA,NA,NA,5,5,NA,NA,NA,NA,"NS"
"P27918","HexNAc.5.Hex.6.NeuAc.3....N...rare1","Healthy","MECFS",0,0,0,0,0,NA,"NA",NA,NA,NA,5,5,NA,NA,NA,NA,"NS"
"P27918","HexNAc.6.Hex.7.NeuAc.1....N...rare1","Healthy","MECFS",0,0,0,0,0,NA,"NA",NA,NA,NA,5,5,NA,NA,NA,NA,"NS"
"P27918","HexNAc.6.Hex.7.NeuAc.2.Fuc.1....N...rare1","Healthy","MECFS",0,0,0,0,0,NA,"NA",NA,NA,NA,5,5,NA,NA,NA,NA,"NS"
"P29622","HexNAc.2.Hex.10....N...rare1","Healthy","MECFS",0,0,0,0,0,NA,"NA",NA,NA,NA,3,4,NA,NA,NA,NA,"NS"
"P29622","HexNAc.2.Hex.5....N...rare1","Healthy","MECFS",0,0,0,0,0,NA,"NA",NA,NA,NA,3,4,NA,NA,NA,NA,"NS"
"P29622","HexNAc.2.Hex.6....N...rare1","Healthy","MECFS",0,0,0,0,0,NA,"NA",NA,NA,NA,3,4,NA,NA,NA,NA,"NS"
"P29622","HexNAc.2.Hex.7....N...rare1","Healthy","MECFS",0,0,0,0,0,NA,"NA",NA,NA,NA,3,4,NA,NA,NA,NA,"NS"
"P29622","HexNAc.2.Hex.8....N...rare1","Healthy","MECFS",0,0,0,0,0,NA,"NA",NA,NA,NA,3,4,NA,NA,NA,NA,"NS"
"P29622","HexNAc.2.Hex.9....N...rare1","Healthy","MECFS",0,0,0,0,0,NA,"NA",NA,NA,NA,3,4,NA,NA,NA,NA,"NS"
"P29622","HexNAc.3.Hex.4.NeuAc.1....N...rare1","Healthy","MECFS",0,0,0,0,0,NA,"NA",NA,NA,NA,3,4,NA,NA,NA,NA,"NS"
"P29622","HexNAc.3.Hex.4.NeuAc.1.Fuc.1....N...rare1","Healthy","MECFS",0,0,0,0,0,NA,"NA",NA,NA,NA,3,4,NA,NA,NA,NA,"NS"
"P29622","HexNAc.3.Hex.5....N...rare1","Healthy","MECFS",0,0,0,0,0,NA,"NA",NA,NA,NA,3,4,NA,NA,NA,NA,"NS"
"P29622","HexNAc.3.Hex.5.NeuAc.1....N...rare1","Healthy","MECFS",0,0,0,0,0,NA,"NA",NA,NA,NA,3,4,NA,NA,NA,NA,"NS"
"P29622","HexNAc.3.Hex.6....N...rare1","Healthy","MECFS",0,0,0,0,0,NA,"NA",NA,NA,NA,3,4,NA,NA,NA,NA,"NS"
"P29622","HexNAc.3.Hex.6.NeuAc.1....N...rare1","Healthy","MECFS",0,0,0,0,0,NA,"NA",NA,NA,NA,3,4,NA,NA,NA,NA,"NS"
"P29622","HexNAc.4.Hex.3....N...rare1","Healthy","MECFS",0,0,0,0,0,NA,"NA",NA,NA,NA,3,4,NA,NA,NA,NA,"NS"
"P29622","HexNAc.4.Hex.3.Fuc.1....N...rare1","Healthy","MECFS",0,0,0,0,0,NA,"NA",NA,NA,NA,3,4,NA,NA,NA,NA,"NS"
"P29622","HexNAc.4.Hex.4....N...rare1","Healthy","MECFS",0,0,0,0,0,NA,"NA",NA,NA,NA,3,4,NA,NA,NA,NA,"NS"
"P29622","HexNAc.4.Hex.4.Fuc.1....N...rare1","Healthy","MECFS",0,0,0,0,0,NA,"NA",NA,NA,NA,3,4,NA,NA,NA,NA,"NS"
"P29622","HexNAc.4.Hex.4.NeuAc.1....N...rare1","Healthy","MECFS",0,0,0,0,0,NA,"NA",NA,NA,NA,3,4,NA,NA,NA,NA,"NS"
"P29622","HexNAc.4.Hex.5....N...rare1","Healthy","MECFS",0,0,0,0,0,NA,"NA",NA,NA,NA,3,4,NA,NA,NA,NA,"NS"
"P29622","HexNAc.4.Hex.5.Fuc.1....N...rare1","Healthy","MECFS",0,0,0,0,0,NA,"NA",NA,NA,NA,3,4,NA,NA,NA,NA,"NS"
"P29622","HexNAc.4.Hex.5.NeuAc.1....N...rare1","Healthy","MECFS",0,0,0,0,0,NA,"NA",NA,NA,NA,3,4,NA,NA,NA,NA,"NS"
"P29622","HexNAc.4.Hex.5.NeuAc.1.Fuc.1....N...rare1","Healthy","MECFS",0,0,0,0,0,NA,"NA",NA,NA,NA,3,4,NA,NA,NA,NA,"NS"
"P29622","HexNAc.4.Hex.5.NeuAc.2....N...rare1","Healthy","MECFS",0,0,0,0,0,NA,"NA",NA,NA,NA,3,4,NA,NA,NA,NA,"NS"
"P29622","HexNAc.4.Hex.5.NeuAc.2.Fuc.1....N...rare1","Healthy","MECFS",0,0,0,0,0,NA,"NA",NA,NA,NA,3,4,NA,NA,NA,NA,"NS"
"P29622","HexNAc.4.Hex.6.NeuAc.1....N...rare1","Healthy","MECFS",0,0,0,0,0,NA,"NA",NA,NA,NA,3,4,NA,NA,NA,NA,"NS"
"P29622","HexNAc.5.Hex.3....N...rare1","Healthy","MECFS",0,0,0,0,0,NA,"NA",NA,NA,NA,3,4,NA,NA,NA,NA,"NS"
"P29622","HexNAc.5.Hex.3.Fuc.1....N...rare1","Healthy","MECFS",0,0,0,0,0,NA,"NA",NA,NA,NA,3,4,NA,NA,NA,NA,"NS"
"P29622","HexNAc.5.Hex.4....N...rare1","Healthy","MECFS",0,0,0,0,0,NA,"NA",NA,NA,NA,3,4,NA,NA,NA,NA,"NS"
"P29622","HexNAc.5.Hex.4.Fuc.1....N...rare1","Healthy","MECFS",0,0,0,0,0,NA,"NA",NA,NA,NA,3,4,NA,NA,NA,NA,"NS"
"P29622","HexNAc.5.Hex.4.NeuAc.1....N...rare1","Healthy","MECFS",0,0,0,0,0,NA,"NA",NA,NA,NA,3,4,NA,NA,NA,NA,"NS"
"P29622","HexNAc.5.Hex.4.NeuAc.1.Fuc.1....N...rare1","Healthy","MECFS",0,0,0,0,0,NA,"NA",NA,NA,NA,3,4,NA,NA,NA,NA,"NS"
"P29622","HexNAc.5.Hex.5....N...rare1","Healthy","MECFS",0,0,0,0,0,NA,"NA",NA,NA,NA,3,4,NA,NA,NA,NA,"NS"
"P29622","HexNAc.5.Hex.5.Fuc.1....N...rare1","Healthy","MECFS",0,0,0,0,0,NA,"NA",NA,NA,NA,3,4,NA,NA,NA,NA,"NS"
"P29622","HexNAc.5.Hex.5.NeuAc.1....N...rare1","Healthy","MECFS",0,0,0,0,0,NA,"NA",NA,NA,NA,3,4,NA,NA,NA,NA,"NS"
"P29622","HexNAc.5.Hex.5.NeuAc.1.Fuc.1....N...rare1","Healthy","MECFS",0,0,0,0,0,NA,"NA",NA,NA,NA,3,4,NA,NA,NA,NA,"NS"
"P29622","HexNAc.5.Hex.5.NeuAc.2.Fuc.1....N...rare1","Healthy","MECFS",0,0,0,0,0,NA,"NA",NA,NA,NA,3,4,NA,NA,NA,NA,"NS"
"P29622","HexNAc.5.Hex.6.NeuAc.1....N...rare1","Healthy","MECFS",0,0,0,0,0,NA,"NA",NA,NA,NA,3,4,NA,NA,NA,NA,"NS"
"P29622","HexNAc.5.Hex.6.NeuAc.2....N...rare1","Healthy","MECFS",0,0,0,0,0,NA,"NA",NA,NA,NA,3,4,NA,NA,NA,NA,"NS"
"P29622","HexNAc.5.Hex.6.NeuAc.2.Fuc.1....N...rare1","Healthy","MECFS",0,0,0,0,0,NA,"NA",NA,NA,NA,3,4,NA,NA,NA,NA,"NS"
"P29622","HexNAc.5.Hex.6.NeuAc.3....N...rare1","Healthy","MECFS",0,0,0,0,0,NA,"NA",NA,NA,NA,3,4,NA,NA,NA,NA,"NS"
"P29622","HexNAc.6.Hex.7.NeuAc.1....N...rare1","Healthy","MECFS",0,0,0,0,0,NA,"NA",NA,NA,NA,3,4,NA,NA,NA,NA,"NS"
"P29622","HexNAc.6.Hex.7.NeuAc.2.Fuc.1....N...rare1","Healthy","MECFS",0,0,0,0,0,NA,"NA",NA,NA,NA,3,4,NA,NA,NA,NA,"NS"
"P43251","HexNAc.2.Hex.10....N...rare1","Healthy","MECFS",0,0,0,0,0,NA,"NA",NA,NA,NA,5,5,NA,NA,NA,NA,"NS"
"P43251","HexNAc.2.Hex.5....N...rare1","Healthy","MECFS",0,0,0,0,0,NA,"NA",NA,NA,NA,5,5,NA,NA,NA,NA,"NS"
"P43251","HexNAc.2.Hex.6....N...rare1","Healthy","MECFS",0,0,0,0,0,NA,"NA",NA,NA,NA,5,5,NA,NA,NA,NA,"NS"
"P43251","HexNAc.2.Hex.7....N...rare1","Healthy","MECFS",0,0,0,0,0,NA,"NA",NA,NA,NA,5,5,NA,NA,NA,NA,"NS"
"P43251","HexNAc.2.Hex.8....N...rare1","Healthy","MECFS",0,0,0,0,0,NA,"NA",NA,NA,NA,5,5,NA,NA,NA,NA,"NS"
"P43251","HexNAc.2.Hex.9....N...rare1","Healthy","MECFS",0,0,0,0,0,NA,"NA",NA,NA,NA,5,5,NA,NA,NA,NA,"NS"
"P43251","HexNAc.3.Hex.4.NeuAc.1....N...rare1","Healthy","MECFS",0,0,0,0,0,NA,"NA",NA,NA,NA,5,5,NA,NA,NA,NA,"NS"
"P43251","HexNAc.3.Hex.4.NeuAc.1.Fuc.1....N...rare1","Healthy","MECFS",0,0,0,0,0,NA,"NA",NA,NA,NA,5,5,NA,NA,NA,NA,"NS"
"P43251","HexNAc.3.Hex.5....N...rare1","Healthy","MECFS",0,0,0,0,0,NA,"NA",NA,NA,NA,5,5,NA,NA,NA,NA,"NS"
"P43251","HexNAc.3.Hex.5.NeuAc.1....N...rare1","Healthy","MECFS",0,0,0,0,0,NA,"NA",NA,NA,NA,5,5,NA,NA,NA,NA,"NS"
"P43251","HexNAc.3.Hex.6....N...rare1","Healthy","MECFS",0,0,0,0,0,NA,"NA",NA,NA,NA,5,5,NA,NA,NA,NA,"NS"
"P43251","HexNAc.3.Hex.6.NeuAc.1....N...rare1","Healthy","MECFS",0,0,0,0,0,NA,"NA",NA,NA,NA,5,5,NA,NA,NA,NA,"NS"
"P43251","HexNAc.4.Hex.3....N...rare1","Healthy","MECFS",0,0,0,0,0,NA,"NA",NA,NA,NA,5,5,NA,NA,NA,NA,"NS"
"P43251","HexNAc.4.Hex.3.Fuc.1....N...rare1","Healthy","MECFS",0,0,0,0,0,NA,"NA",NA,NA,NA,5,5,NA,NA,NA,NA,"NS"
"P43251","HexNAc.4.Hex.4....N...rare1","Healthy","MECFS",0,0,0,0,0,NA,"NA",NA,NA,NA,5,5,NA,NA,NA,NA,"NS"
"P43251","HexNAc.4.Hex.4.Fuc.1....N...rare1","Healthy","MECFS",0,0,0,0,0,NA,"NA",NA,NA,NA,5,5,NA,NA,NA,NA,"NS"
"P43251","HexNAc.4.Hex.4.NeuAc.1....N...rare1","Healthy","MECFS",0,0,0,0,0,NA,"NA",NA,NA,NA,5,5,NA,NA,NA,NA,"NS"
"P43251","HexNAc.4.Hex.5....N...rare1","Healthy","MECFS",0,0,0,0,0,NA,"NA",NA,NA,NA,5,5,NA,NA,NA,NA,"NS"
"P43251","HexNAc.4.Hex.5.Fuc.1....N...rare1","Healthy","MECFS",0,0,0,0,0,NA,"NA",NA,NA,NA,5,5,NA,NA,NA,NA,"NS"
"P43251","HexNAc.4.Hex.5.NeuAc.1....N...rare1","Healthy","MECFS",0,0,0,0,0,NA,"NA",NA,NA,NA,5,5,NA,NA,NA,NA,"NS"
"P43251","HexNAc.4.Hex.5.NeuAc.1.Fuc.1....N...rare1","Healthy","MECFS",0,0,0,0,0,NA,"NA",NA,NA,NA,5,5,NA,NA,NA,NA,"NS"
"P43251","HexNAc.4.Hex.5.NeuAc.2.Fuc.1....N...rare1","Healthy","MECFS",0,0,0,0,0,NA,"NA",NA,NA,NA,5,5,NA,NA,NA,NA,"NS"
"P43251","HexNAc.4.Hex.6.NeuAc.1....N...rare1","Healthy","MECFS",0,0,0,0,0,NA,"NA",NA,NA,NA,5,5,NA,NA,NA,NA,"NS"
"P43251","HexNAc.5.Hex.3....N...rare1","Healthy","MECFS",0,0,0,0,0,NA,"NA",NA,NA,NA,5,5,NA,NA,NA,NA,"NS"
"P43251","HexNAc.5.Hex.3.Fuc.1....N...rare1","Healthy","MECFS",0,0,0,0,0,NA,"NA",NA,NA,NA,5,5,NA,NA,NA,NA,"NS"
"P43251","HexNAc.5.Hex.4....N...rare1","Healthy","MECFS",0,0,0,0,0,NA,"NA",NA,NA,NA,5,5,NA,NA,NA,NA,"NS"
"P43251","HexNAc.5.Hex.4.Fuc.1....N...rare1","Healthy","MECFS",0,0,0,0,0,NA,"NA",NA,NA,NA,5,5,NA,NA,NA,NA,"NS"
"P43251","HexNAc.5.Hex.4.NeuAc.1....N...rare1","Healthy","MECFS",0,0,0,0,0,NA,"NA",NA,NA,NA,5,5,NA,NA,NA,NA,"NS"
"P43251","HexNAc.5.Hex.4.NeuAc.1.Fuc.1....N...rare1","Healthy","MECFS",0,0,0,0,0,NA,"NA",NA,NA,NA,5,5,NA,NA,NA,NA,"NS"
"P43251","HexNAc.5.Hex.5....N...rare1","Healthy","MECFS",0,0,0,0,0,NA,"NA",NA,NA,NA,5,5,NA,NA,NA,NA,"NS"
"P43251","HexNAc.5.Hex.5.Fuc.1....N...rare1","Healthy","MECFS",0,0,0,0,0,NA,"NA",NA,NA,NA,5,5,NA,NA,NA,NA,"NS"
"P43251","HexNAc.5.Hex.5.NeuAc.1....N...rare1","Healthy","MECFS",0,0,0,0,0,NA,"NA",NA,NA,NA,5,5,NA,NA,NA,NA,"NS"
"P43251","HexNAc.5.Hex.5.NeuAc.1.Fuc.1....N...rare1","Healthy","MECFS",0,0,0,0,0,NA,"NA",NA,NA,NA,5,5,NA,NA,NA,NA,"NS"
"P43251","HexNAc.5.Hex.5.NeuAc.2.Fuc.1....N...rare1","Healthy","MECFS",0,0,0,0,0,NA,"NA",NA,NA,NA,5,5,NA,NA,NA,NA,"NS"
"P43251","HexNAc.5.Hex.6.NeuAc.1....N...rare1","Healthy","MECFS",0,0,0,0,0,NA,"NA",NA,NA,NA,5,5,NA,NA,NA,NA,"NS"
"P43251","HexNAc.5.Hex.6.NeuAc.2....N...rare1","Healthy","MECFS",0,0,0,0,0,NA,"NA",NA,NA,NA,5,5,NA,NA,NA,NA,"NS"
"P43251","HexNAc.5.Hex.6.NeuAc.2.Fuc.1....N...rare1","Healthy","MECFS",0,0,0,0,0,NA,"NA",NA,NA,NA,5,5,NA,NA,NA,NA,"NS"
"P43251","HexNAc.6.Hex.7.NeuAc.1....N...rare1","Healthy","MECFS",0,0,0,0,0,NA,"NA",NA,NA,NA,5,5,NA,NA,NA,NA,"NS"
"P43251","HexNAc.6.Hex.7.NeuAc.2.Fuc.1....N...rare1","Healthy","MECFS",0,0,0,0,0,NA,"NA",NA,NA,NA,5,5,NA,NA,NA,NA,"NS"
"P43652","HexNAc.2.Hex.10....N...rare1","Healthy","MECFS",0,0,0,0,0,NA,"NA",NA,NA,NA,5,5,NA,NA,NA,NA,"NS"
"P43652","HexNAc.2.Hex.5....N...rare1","Healthy","MECFS",0,0,0,0,0,NA,"NA",NA,NA,NA,5,5,NA,NA,NA,NA,"NS"
"P43652","HexNAc.2.Hex.6....N...rare1","Healthy","MECFS",0,0,0,0,0,NA,"NA",NA,NA,NA,5,5,NA,NA,NA,NA,"NS"
"P43652","HexNAc.2.Hex.7....N...rare1","Healthy","MECFS",0,0,0,0,0,NA,"NA",NA,NA,NA,5,5,NA,NA,NA,NA,"NS"
"P43652","HexNAc.2.Hex.8....N...rare1","Healthy","MECFS",0,0,0,0,0,NA,"NA",NA,NA,NA,5,5,NA,NA,NA,NA,"NS"
"P43652","HexNAc.2.Hex.9....N...rare1","Healthy","MECFS",0,0,0,0,0,NA,"NA",NA,NA,NA,5,5,NA,NA,NA,NA,"NS"
"P43652","HexNAc.3.Hex.4.NeuAc.1.Fuc.1....N...rare1","Healthy","MECFS",0,0,0,0,0,NA,"NA",NA,NA,NA,5,5,NA,NA,NA,NA,"NS"
"P43652","HexNAc.3.Hex.5....N...rare1","Healthy","MECFS",0,0,0,0,0,NA,"NA",NA,NA,NA,5,5,NA,NA,NA,NA,"NS"
"P43652","HexNAc.3.Hex.5.NeuAc.1....N...rare1","Healthy","MECFS",0,0,0,0,0,NA,"NA",NA,NA,NA,5,5,NA,NA,NA,NA,"NS"
"P43652","HexNAc.3.Hex.6....N...rare1","Healthy","MECFS",0,0,0,0,0,NA,"NA",NA,NA,NA,5,5,NA,NA,NA,NA,"NS"
"P43652","HexNAc.3.Hex.6.NeuAc.1....N...rare1","Healthy","MECFS",0,0,0,0,0,NA,"NA",NA,NA,NA,5,5,NA,NA,NA,NA,"NS"
"P43652","HexNAc.4.Hex.3....N...rare1","Healthy","MECFS",0,0,0,0,0,NA,"NA",NA,NA,NA,5,5,NA,NA,NA,NA,"NS"
"P43652","HexNAc.4.Hex.3.Fuc.1....N...rare1","Healthy","MECFS",0,0,0,0,0,NA,"NA",NA,NA,NA,5,5,NA,NA,NA,NA,"NS"
"P43652","HexNAc.4.Hex.4....N...rare1","Healthy","MECFS",0,0,0,0,0,NA,"NA",NA,NA,NA,5,5,NA,NA,NA,NA,"NS"
"P43652","HexNAc.4.Hex.4.Fuc.1....N...rare1","Healthy","MECFS",0,0,0,0,0,NA,"NA",NA,NA,NA,5,5,NA,NA,NA,NA,"NS"
"P43652","HexNAc.4.Hex.5....N...rare1","Healthy","MECFS",0,0,0,0,0,NA,"NA",NA,NA,NA,5,5,NA,NA,NA,NA,"NS"
"P43652","HexNAc.4.Hex.5.Fuc.1....N...rare1","Healthy","MECFS",0,0,0,0,0,NA,"NA",NA,NA,NA,5,5,NA,NA,NA,NA,"NS"
"P43652","HexNAc.4.Hex.6.NeuAc.1....N...rare1","Healthy","MECFS",0,0,0,0,0,NA,"NA",NA,NA,NA,5,5,NA,NA,NA,NA,"NS"
"P43652","HexNAc.5.Hex.3....N...rare1","Healthy","MECFS",0,0,0,0,0,NA,"NA",NA,NA,NA,5,5,NA,NA,NA,NA,"NS"
"P43652","HexNAc.5.Hex.3.Fuc.1....N...rare1","Healthy","MECFS",0,0,0,0,0,NA,"NA",NA,NA,NA,5,5,NA,NA,NA,NA,"NS"
"P43652","HexNAc.5.Hex.4....N...rare1","Healthy","MECFS",0,0,0,0,0,NA,"NA",NA,NA,NA,5,5,NA,NA,NA,NA,"NS"
"P43652","HexNAc.5.Hex.4.Fuc.1....N...rare1","Healthy","MECFS",0,0,0,0,0,NA,"NA",NA,NA,NA,5,5,NA,NA,NA,NA,"NS"
"P43652","HexNAc.5.Hex.4.NeuAc.1....N...rare1","Healthy","MECFS",0,0,0,0,0,NA,"NA",NA,NA,NA,5,5,NA,NA,NA,NA,"NS"
"P43652","HexNAc.5.Hex.4.NeuAc.1.Fuc.1....N...rare1","Healthy","MECFS",0,0,0,0,0,NA,"NA",NA,NA,NA,5,5,NA,NA,NA,NA,"NS"
"P43652","HexNAc.5.Hex.5....N...rare1","Healthy","MECFS",0,0,0,0,0,NA,"NA",NA,NA,NA,5,5,NA,NA,NA,NA,"NS"
"P43652","HexNAc.5.Hex.5.Fuc.1....N...rare1","Healthy","MECFS",0,0,0,0,0,NA,"NA",NA,NA,NA,5,5,NA,NA,NA,NA,"NS"
"P43652","HexNAc.5.Hex.5.NeuAc.1....N...rare1","Healthy","MECFS",0,0,0,0,0,NA,"NA",NA,NA,NA,5,5,NA,NA,NA,NA,"NS"
"P43652","HexNAc.5.Hex.5.NeuAc.1.Fuc.1....N...rare1","Healthy","MECFS",0,0,0,0,0,NA,"NA",NA,NA,NA,5,5,NA,NA,NA,NA,"NS"
"P43652","HexNAc.5.Hex.5.NeuAc.2.Fuc.1....N...rare1","Healthy","MECFS",0,0,0,0,0,NA,"NA",NA,NA,NA,5,5,NA,NA,NA,NA,"NS"
"P43652","HexNAc.5.Hex.6.NeuAc.1....N...rare1","Healthy","MECFS",0,0,0,0,0,NA,"NA",NA,NA,NA,5,5,NA,NA,NA,NA,"NS"
"P43652","HexNAc.5.Hex.6.NeuAc.2.Fuc.1....N...rare1","Healthy","MECFS",0,0,0,0,0,NA,"NA",NA,NA,NA,5,5,NA,NA,NA,NA,"NS"
"P43652","HexNAc.6.Hex.7.NeuAc.1....N...rare1","Healthy","MECFS",0,0,0,0,0,NA,"NA",NA,NA,NA,5,5,NA,NA,NA,NA,"NS"
"P43652","HexNAc.6.Hex.7.NeuAc.2.Fuc.1....N...rare1","Healthy","MECFS",0,0,0,0,0,NA,"NA",NA,NA,NA,5,5,NA,NA,NA,NA,"NS"
"P48740","HexNAc.2.Hex.10....N...rare1","Healthy","MECFS",0,0,0,0,0,NA,"NA",NA,NA,NA,4,4,NA,NA,NA,NA,"NS"
"P48740","HexNAc.2.Hex.5....N...rare1","Healthy","MECFS",0,0,0,0,0,NA,"NA",NA,NA,NA,4,4,NA,NA,NA,NA,"NS"
"P48740","HexNAc.2.Hex.6....N...rare1","Healthy","MECFS",0,0,0,0,0,NA,"NA",NA,NA,NA,4,4,NA,NA,NA,NA,"NS"
"P48740","HexNAc.2.Hex.7....N...rare1","Healthy","MECFS",0,0,0,0,0,NA,"NA",NA,NA,NA,4,4,NA,NA,NA,NA,"NS"
"P48740","HexNAc.2.Hex.8....N...rare1","Healthy","MECFS",0,0,0,0,0,NA,"NA",NA,NA,NA,4,4,NA,NA,NA,NA,"NS"
"P48740","HexNAc.2.Hex.9....N...rare1","Healthy","MECFS",0,0,0,0,0,NA,"NA",NA,NA,NA,4,4,NA,NA,NA,NA,"NS"
"P48740","HexNAc.3.Hex.4.NeuAc.1....N...rare1","Healthy","MECFS",0,0,0,0,0,NA,"NA",NA,NA,NA,4,4,NA,NA,NA,NA,"NS"
"P48740","HexNAc.3.Hex.4.NeuAc.1.Fuc.1....N...rare1","Healthy","MECFS",0,0,0,0,0,NA,"NA",NA,NA,NA,4,4,NA,NA,NA,NA,"NS"
"P48740","HexNAc.3.Hex.5....N...rare1","Healthy","MECFS",0,0,0,0,0,NA,"NA",NA,NA,NA,4,4,NA,NA,NA,NA,"NS"
"P48740","HexNAc.3.Hex.5.NeuAc.1....N...rare1","Healthy","MECFS",0,0,0,0,0,NA,"NA",NA,NA,NA,4,4,NA,NA,NA,NA,"NS"
"P48740","HexNAc.3.Hex.6....N...rare1","Healthy","MECFS",0,0,0,0,0,NA,"NA",NA,NA,NA,4,4,NA,NA,NA,NA,"NS"
"P48740","HexNAc.3.Hex.6.NeuAc.1....N...rare1","Healthy","MECFS",0,0,0,0,0,NA,"NA",NA,NA,NA,4,4,NA,NA,NA,NA,"NS"
"P48740","HexNAc.4.Hex.3....N...rare1","Healthy","MECFS",0,0,0,0,0,NA,"NA",NA,NA,NA,4,4,NA,NA,NA,NA,"NS"
"P48740","HexNAc.4.Hex.3.Fuc.1....N...rare1","Healthy","MECFS",0,0,0,0,0,NA,"NA",NA,NA,NA,4,4,NA,NA,NA,NA,"NS"
"P48740","HexNAc.4.Hex.4....N...rare1","Healthy","MECFS",0,0,0,0,0,NA,"NA",NA,NA,NA,4,4,NA,NA,NA,NA,"NS"
"P48740","HexNAc.4.Hex.4.Fuc.1....N...rare1","Healthy","MECFS",0,0,0,0,0,NA,"NA",NA,NA,NA,4,4,NA,NA,NA,NA,"NS"
"P48740","HexNAc.4.Hex.4.NeuAc.1....N...rare1","Healthy","MECFS",0,0,0,0,0,NA,"NA",NA,NA,NA,4,4,NA,NA,NA,NA,"NS"
"P48740","HexNAc.4.Hex.5....N...rare1","Healthy","MECFS",0,0,0,0,0,NA,"NA",NA,NA,NA,4,4,NA,NA,NA,NA,"NS"
"P48740","HexNAc.4.Hex.5.Fuc.1....N...rare1","Healthy","MECFS",0,0,0,0,0,NA,"NA",NA,NA,NA,4,4,NA,NA,NA,NA,"NS"
"P48740","HexNAc.4.Hex.5.NeuAc.1....N...rare1","Healthy","MECFS",0,0,0,0,0,NA,"NA",NA,NA,NA,4,4,NA,NA,NA,NA,"NS"
"P48740","HexNAc.4.Hex.5.NeuAc.1.Fuc.1....N...rare1","Healthy","MECFS",0,0,0,0,0,NA,"NA",NA,NA,NA,4,4,NA,NA,NA,NA,"NS"
"P48740","HexNAc.4.Hex.5.NeuAc.2....N...rare1","Healthy","MECFS",0,0,0,0,0,NA,"NA",NA,NA,NA,4,4,NA,NA,NA,NA,"NS"
"P48740","HexNAc.4.Hex.5.NeuAc.2.Fuc.1....N...rare1","Healthy","MECFS",0,0,0,0,0,NA,"NA",NA,NA,NA,4,4,NA,NA,NA,NA,"NS"
"P48740","HexNAc.4.Hex.6.NeuAc.1....N...rare1","Healthy","MECFS",0,0,0,0,0,NA,"NA",NA,NA,NA,4,4,NA,NA,NA,NA,"NS"
"P48740","HexNAc.5.Hex.3....N...rare1","Healthy","MECFS",0,0,0,0,0,NA,"NA",NA,NA,NA,4,4,NA,NA,NA,NA,"NS"
"P48740","HexNAc.5.Hex.3.Fuc.1....N...rare1","Healthy","MECFS",0,0,0,0,0,NA,"NA",NA,NA,NA,4,4,NA,NA,NA,NA,"NS"
"P48740","HexNAc.5.Hex.4....N...rare1","Healthy","MECFS",0,0,0,0,0,NA,"NA",NA,NA,NA,4,4,NA,NA,NA,NA,"NS"
"P48740","HexNAc.5.Hex.4.Fuc.1....N...rare1","Healthy","MECFS",0,0,0,0,0,NA,"NA",NA,NA,NA,4,4,NA,NA,NA,NA,"NS"
"P48740","HexNAc.5.Hex.4.NeuAc.1....N...rare1","Healthy","MECFS",0,0,0,0,0,NA,"NA",NA,NA,NA,4,4,NA,NA,NA,NA,"NS"
"P48740","HexNAc.5.Hex.4.NeuAc.1.Fuc.1....N...rare1","Healthy","MECFS",0,0,0,0,0,NA,"NA",NA,NA,NA,4,4,NA,NA,NA,NA,"NS"
"P48740","HexNAc.5.Hex.5....N...rare1","Healthy","MECFS",0,0,0,0,0,NA,"NA",NA,NA,NA,4,4,NA,NA,NA,NA,"NS"
"P48740","HexNAc.5.Hex.5.Fuc.1....N...rare1","Healthy","MECFS",0,0,0,0,0,NA,"NA",NA,NA,NA,4,4,NA,NA,NA,NA,"NS"
"P48740","HexNAc.5.Hex.5.NeuAc.1....N...rare1","Healthy","MECFS",0,0,0,0,0,NA,"NA",NA,NA,NA,4,4,NA,NA,NA,NA,"NS"
"P48740","HexNAc.5.Hex.5.NeuAc.1.Fuc.1....N...rare1","Healthy","MECFS",0,0,0,0,0,NA,"NA",NA,NA,NA,4,4,NA,NA,NA,NA,"NS"
"P48740","HexNAc.5.Hex.5.NeuAc.2.Fuc.1....N...rare1","Healthy","MECFS",0,0,0,0,0,NA,"NA",NA,NA,NA,4,4,NA,NA,NA,NA,"NS"
"P48740","HexNAc.5.Hex.6.NeuAc.1....N...rare1","Healthy","MECFS",0,0,0,0,0,NA,"NA",NA,NA,NA,4,4,NA,NA,NA,NA,"NS"
"P48740","HexNAc.5.Hex.6.NeuAc.2....N...rare1","Healthy","MECFS",0,0,0,0,0,NA,"NA",NA,NA,NA,4,4,NA,NA,NA,NA,"NS"
"P48740","HexNAc.5.Hex.6.NeuAc.2.Fuc.1....N...rare1","Healthy","MECFS",0,0,0,0,0,NA,"NA",NA,NA,NA,4,4,NA,NA,NA,NA,"NS"
"P48740","HexNAc.5.Hex.6.NeuAc.3....N...rare1","Healthy","MECFS",0,0,0,0,0,NA,"NA",NA,NA,NA,4,4,NA,NA,NA,NA,"NS"
"P48740","HexNAc.6.Hex.7.NeuAc.1....N...rare1","Healthy","MECFS",0,0,0,0,0,NA,"NA",NA,NA,NA,4,4,NA,NA,NA,NA,"NS"
"P48740","HexNAc.6.Hex.7.NeuAc.2.Fuc.1....N...rare1","Healthy","MECFS",0,0,0,0,0,NA,"NA",NA,NA,NA,4,4,NA,NA,NA,NA,"NS"
"P49238","HexNAc.2.Hex.10....N...rare1","Healthy","MECFS",0,0,0,0,0,NA,"NA",NA,NA,NA,5,5,NA,NA,NA,NA,"NS"
"P49238","HexNAc.2.Hex.5....N...rare1","Healthy","MECFS",0,0,0,0,0,NA,"NA",NA,NA,NA,5,5,NA,NA,NA,NA,"NS"
"P49238","HexNAc.2.Hex.6....N...rare1","Healthy","MECFS",0,0,0,0,0,NA,"NA",NA,NA,NA,5,5,NA,NA,NA,NA,"NS"
"P49238","HexNAc.2.Hex.7....N...rare1","Healthy","MECFS",0,0,0,0,0,NA,"NA",NA,NA,NA,5,5,NA,NA,NA,NA,"NS"
"P49238","HexNAc.2.Hex.8....N...rare1","Healthy","MECFS",0,0,0,0,0,NA,"NA",NA,NA,NA,5,5,NA,NA,NA,NA,"NS"
"P49238","HexNAc.2.Hex.9....N...rare1","Healthy","MECFS",0,0,0,0,0,NA,"NA",NA,NA,NA,5,5,NA,NA,NA,NA,"NS"
"P49238","HexNAc.3.Hex.4.NeuAc.1....N...rare1","Healthy","MECFS",0,0,0,0,0,NA,"NA",NA,NA,NA,5,5,NA,NA,NA,NA,"NS"
"P49238","HexNAc.3.Hex.4.NeuAc.1.Fuc.1....N...rare1","Healthy","MECFS",0,0,0,0,0,NA,"NA",NA,NA,NA,5,5,NA,NA,NA,NA,"NS"
"P49238","HexNAc.3.Hex.5....N...rare1","Healthy","MECFS",0,0,0,0,0,NA,"NA",NA,NA,NA,5,5,NA,NA,NA,NA,"NS"
"P49238","HexNAc.3.Hex.5.NeuAc.1....N...rare1","Healthy","MECFS",0,0,0,0,0,NA,"NA",NA,NA,NA,5,5,NA,NA,NA,NA,"NS"
"P49238","HexNAc.3.Hex.6....N...rare1","Healthy","MECFS",0,0,0,0,0,NA,"NA",NA,NA,NA,5,5,NA,NA,NA,NA,"NS"
"P49238","HexNAc.3.Hex.6.NeuAc.1....N...rare1","Healthy","MECFS",0,0,0,0,0,NA,"NA",NA,NA,NA,5,5,NA,NA,NA,NA,"NS"
"P49238","HexNAc.4.Hex.3....N...rare1","Healthy","MECFS",0,0,0,0,0,NA,"NA",NA,NA,NA,5,5,NA,NA,NA,NA,"NS"
"P49238","HexNAc.4.Hex.3.Fuc.1....N...rare1","Healthy","MECFS",0,0,0,0,0,NA,"NA",NA,NA,NA,5,5,NA,NA,NA,NA,"NS"
"P49238","HexNAc.4.Hex.4....N...rare1","Healthy","MECFS",0,0,0,0,0,NA,"NA",NA,NA,NA,5,5,NA,NA,NA,NA,"NS"
"P49238","HexNAc.4.Hex.4.Fuc.1....N...rare1","Healthy","MECFS",0,0,0,0,0,NA,"NA",NA,NA,NA,5,5,NA,NA,NA,NA,"NS"
"P49238","HexNAc.4.Hex.4.NeuAc.1....N...rare1","Healthy","MECFS",0,0,0,0,0,NA,"NA",NA,NA,NA,5,5,NA,NA,NA,NA,"NS"
"P49238","HexNAc.4.Hex.5....N...rare1","Healthy","MECFS",0,0,0,0,0,NA,"NA",NA,NA,NA,5,5,NA,NA,NA,NA,"NS"
"P49238","HexNAc.4.Hex.5.Fuc.1....N...rare1","Healthy","MECFS",0,0,0,0,0,NA,"NA",NA,NA,NA,5,5,NA,NA,NA,NA,"NS"
"P49238","HexNAc.4.Hex.5.NeuAc.1....N...rare1","Healthy","MECFS",0,0,0,0,0,NA,"NA",NA,NA,NA,5,5,NA,NA,NA,NA,"NS"
"P49238","HexNAc.4.Hex.5.NeuAc.1.Fuc.1....N...rare1","Healthy","MECFS",0,0,0,0,0,NA,"NA",NA,NA,NA,5,5,NA,NA,NA,NA,"NS"
"P49238","HexNAc.4.Hex.5.NeuAc.2....N...rare1","Healthy","MECFS",0,0,0,0,0,NA,"NA",NA,NA,NA,5,5,NA,NA,NA,NA,"NS"
"P49238","HexNAc.4.Hex.5.NeuAc.2.Fuc.1....N...rare1","Healthy","MECFS",0,0,0,0,0,NA,"NA",NA,NA,NA,5,5,NA,NA,NA,NA,"NS"
"P49238","HexNAc.4.Hex.6.NeuAc.1....N...rare1","Healthy","MECFS",0,0,0,0,0,NA,"NA",NA,NA,NA,5,5,NA,NA,NA,NA,"NS"
"P49238","HexNAc.5.Hex.3....N...rare1","Healthy","MECFS",0,0,0,0,0,NA,"NA",NA,NA,NA,5,5,NA,NA,NA,NA,"NS"
"P49238","HexNAc.5.Hex.3.Fuc.1....N...rare1","Healthy","MECFS",0,0,0,0,0,NA,"NA",NA,NA,NA,5,5,NA,NA,NA,NA,"NS"
"P49238","HexNAc.5.Hex.4....N...rare1","Healthy","MECFS",0,0,0,0,0,NA,"NA",NA,NA,NA,5,5,NA,NA,NA,NA,"NS"
"P49238","HexNAc.5.Hex.4.Fuc.1....N...rare1","Healthy","MECFS",0,0,0,0,0,NA,"NA",NA,NA,NA,5,5,NA,NA,NA,NA,"NS"
"P49238","HexNAc.5.Hex.4.NeuAc.1....N...rare1","Healthy","MECFS",0,0,0,0,0,NA,"NA",NA,NA,NA,5,5,NA,NA,NA,NA,"NS"
"P49238","HexNAc.5.Hex.4.NeuAc.1.Fuc.1....N...rare1","Healthy","MECFS",0,0,0,0,0,NA,"NA",NA,NA,NA,5,5,NA,NA,NA,NA,"NS"
"P49238","HexNAc.5.Hex.5....N...rare1","Healthy","MECFS",0,0,0,0,0,NA,"NA",NA,NA,NA,5,5,NA,NA,NA,NA,"NS"
"P49238","HexNAc.5.Hex.5.Fuc.1....N...rare1","Healthy","MECFS",0,0,0,0,0,NA,"NA",NA,NA,NA,5,5,NA,NA,NA,NA,"NS"
"P49238","HexNAc.5.Hex.5.NeuAc.1....N...rare1","Healthy","MECFS",0,0,0,0,0,NA,"NA",NA,NA,NA,5,5,NA,NA,NA,NA,"NS"
"P49238","HexNAc.5.Hex.5.NeuAc.1.Fuc.1....N...rare1","Healthy","MECFS",0,0,0,0,0,NA,"NA",NA,NA,NA,5,5,NA,NA,NA,NA,"NS"
"P49238","HexNAc.5.Hex.5.NeuAc.2.Fuc.1....N...rare1","Healthy","MECFS",0,0,0,0,0,NA,"NA",NA,NA,NA,5,5,NA,NA,NA,NA,"NS"
"P49238","HexNAc.5.Hex.6.NeuAc.1....N...rare1","Healthy","MECFS",0,0,0,0,0,NA,"NA",NA,NA,NA,5,5,NA,NA,NA,NA,"NS"
"P49238","HexNAc.5.Hex.6.NeuAc.2....N...rare1","Healthy","MECFS",0,0,0,0,0,NA,"NA",NA,NA,NA,5,5,NA,NA,NA,NA,"NS"
"P49238","HexNAc.5.Hex.6.NeuAc.2.Fuc.1....N...rare1","Healthy","MECFS",0,0,0,0,0,NA,"NA",NA,NA,NA,5,5,NA,NA,NA,NA,"NS"
"P49238","HexNAc.5.Hex.6.NeuAc.3....N...rare1","Healthy","MECFS",0,0,0,0,0,NA,"NA",NA,NA,NA,5,5,NA,NA,NA,NA,"NS"
"P49238","HexNAc.6.Hex.7.NeuAc.1....N...rare1","Healthy","MECFS",0,0,0,0,0,NA,"NA",NA,NA,NA,5,5,NA,NA,NA,NA,"NS"
"P49238","HexNAc.6.Hex.7.NeuAc.2.Fuc.1....N...rare1","Healthy","MECFS",0,0,0,0,0,NA,"NA",NA,NA,NA,5,5,NA,NA,NA,NA,"NS"
"P49908","HexNAc.2.Hex.10....N...rare1","Healthy","MECFS",0,0,0,0,0,NA,"NA",NA,NA,NA,5,5,NA,NA,NA,NA,"NS"
"P49908","HexNAc.2.Hex.5....N...rare1","Healthy","MECFS",0,0,0,0,0,NA,"NA",NA,NA,NA,5,5,NA,NA,NA,NA,"NS"
"P49908","HexNAc.2.Hex.6....N...rare1","Healthy","MECFS",0,0,0,0,0,NA,"NA",NA,NA,NA,5,5,NA,NA,NA,NA,"NS"
"P49908","HexNAc.2.Hex.7....N...rare1","Healthy","MECFS",0,0,0,0,0,NA,"NA",NA,NA,NA,5,5,NA,NA,NA,NA,"NS"
"P49908","HexNAc.2.Hex.8....N...rare1","Healthy","MECFS",0,0,0,0,0,NA,"NA",NA,NA,NA,5,5,NA,NA,NA,NA,"NS"
"P49908","HexNAc.2.Hex.9....N...rare1","Healthy","MECFS",0,0,0,0,0,NA,"NA",NA,NA,NA,5,5,NA,NA,NA,NA,"NS"
"P49908","HexNAc.3.Hex.4.NeuAc.1....N...rare1","Healthy","MECFS",0,0,0,0,0,NA,"NA",NA,NA,NA,5,5,NA,NA,NA,NA,"NS"
"P49908","HexNAc.3.Hex.4.NeuAc.1.Fuc.1....N...rare1","Healthy","MECFS",0,0,0,0,0,NA,"NA",NA,NA,NA,5,5,NA,NA,NA,NA,"NS"
"P49908","HexNAc.3.Hex.5....N...rare1","Healthy","MECFS",0,0,0,0,0,NA,"NA",NA,NA,NA,5,5,NA,NA,NA,NA,"NS"
"P49908","HexNAc.3.Hex.5.NeuAc.1....N...rare1","Healthy","MECFS",0,0,0,0,0,NA,"NA",NA,NA,NA,5,5,NA,NA,NA,NA,"NS"
"P49908","HexNAc.3.Hex.6....N...rare1","Healthy","MECFS",0,0,0,0,0,NA,"NA",NA,NA,NA,5,5,NA,NA,NA,NA,"NS"
"P49908","HexNAc.3.Hex.6.NeuAc.1....N...rare1","Healthy","MECFS",0,0,0,0,0,NA,"NA",NA,NA,NA,5,5,NA,NA,NA,NA,"NS"
"P49908","HexNAc.4.Hex.3....N...rare1","Healthy","MECFS",0,0,0,0,0,NA,"NA",NA,NA,NA,5,5,NA,NA,NA,NA,"NS"
"P49908","HexNAc.4.Hex.3.Fuc.1....N...rare1","Healthy","MECFS",0,0,0,0,0,NA,"NA",NA,NA,NA,5,5,NA,NA,NA,NA,"NS"
"P49908","HexNAc.4.Hex.4....N...rare1","Healthy","MECFS",0,0,0,0,0,NA,"NA",NA,NA,NA,5,5,NA,NA,NA,NA,"NS"
"P49908","HexNAc.4.Hex.4.Fuc.1....N...rare1","Healthy","MECFS",0,0,0,0,0,NA,"NA",NA,NA,NA,5,5,NA,NA,NA,NA,"NS"
"P49908","HexNAc.4.Hex.4.NeuAc.1....N...rare1","Healthy","MECFS",0,0,0,0,0,NA,"NA",NA,NA,NA,5,5,NA,NA,NA,NA,"NS"
"P49908","HexNAc.4.Hex.5....N...rare1","Healthy","MECFS",0,0,0,0,0,NA,"NA",NA,NA,NA,5,5,NA,NA,NA,NA,"NS"
"P49908","HexNAc.4.Hex.5.Fuc.1....N...rare1","Healthy","MECFS",0,0,0,0,0,NA,"NA",NA,NA,NA,5,5,NA,NA,NA,NA,"NS"
"P49908","HexNAc.4.Hex.5.NeuAc.2.Fuc.1....N...rare1","Healthy","MECFS",0,0,0,0,0,NA,"NA",NA,NA,NA,5,5,NA,NA,NA,NA,"NS"
"P49908","HexNAc.4.Hex.6.NeuAc.1....N...rare1","Healthy","MECFS",0,0,0,0,0,NA,"NA",NA,NA,NA,5,5,NA,NA,NA,NA,"NS"
"P49908","HexNAc.5.Hex.3....N...rare1","Healthy","MECFS",0,0,0,0,0,NA,"NA",NA,NA,NA,5,5,NA,NA,NA,NA,"NS"
"P49908","HexNAc.5.Hex.3.Fuc.1....N...rare1","Healthy","MECFS",0,0,0,0,0,NA,"NA",NA,NA,NA,5,5,NA,NA,NA,NA,"NS"
"P49908","HexNAc.5.Hex.4....N...rare1","Healthy","MECFS",0,0,0,0,0,NA,"NA",NA,NA,NA,5,5,NA,NA,NA,NA,"NS"
"P49908","HexNAc.5.Hex.4.Fuc.1....N...rare1","Healthy","MECFS",0,0,0,0,0,NA,"NA",NA,NA,NA,5,5,NA,NA,NA,NA,"NS"
"P49908","HexNAc.5.Hex.4.NeuAc.1....N...rare1","Healthy","MECFS",0,0,0,0,0,NA,"NA",NA,NA,NA,5,5,NA,NA,NA,NA,"NS"
"P49908","HexNAc.5.Hex.4.NeuAc.1.Fuc.1....N...rare1","Healthy","MECFS",0,0,0,0,0,NA,"NA",NA,NA,NA,5,5,NA,NA,NA,NA,"NS"
"P49908","HexNAc.5.Hex.5....N...rare1","Healthy","MECFS",0,0,0,0,0,NA,"NA",NA,NA,NA,5,5,NA,NA,NA,NA,"NS"
"P49908","HexNAc.5.Hex.5.Fuc.1....N...rare1","Healthy","MECFS",0,0,0,0,0,NA,"NA",NA,NA,NA,5,5,NA,NA,NA,NA,"NS"
"P49908","HexNAc.5.Hex.5.NeuAc.1....N...rare1","Healthy","MECFS",0,0,0,0,0,NA,"NA",NA,NA,NA,5,5,NA,NA,NA,NA,"NS"
"P49908","HexNAc.5.Hex.5.NeuAc.1.Fuc.1....N...rare1","Healthy","MECFS",0,0,0,0,0,NA,"NA",NA,NA,NA,5,5,NA,NA,NA,NA,"NS"
"P49908","HexNAc.5.Hex.5.NeuAc.2.Fuc.1....N...rare1","Healthy","MECFS",0,0,0,0,0,NA,"NA",NA,NA,NA,5,5,NA,NA,NA,NA,"NS"
"P49908","HexNAc.5.Hex.6.NeuAc.1....N...rare1","Healthy","MECFS",0,0,0,0,0,NA,"NA",NA,NA,NA,5,5,NA,NA,NA,NA,"NS"
"P49908","HexNAc.5.Hex.6.NeuAc.2....N...rare1","Healthy","MECFS",0,0,0,0,0,NA,"NA",NA,NA,NA,5,5,NA,NA,NA,NA,"NS"
"P49908","HexNAc.5.Hex.6.NeuAc.2.Fuc.1....N...rare1","Healthy","MECFS",0,0,0,0,0,NA,"NA",NA,NA,NA,5,5,NA,NA,NA,NA,"NS"
"P49908","HexNAc.6.Hex.7.NeuAc.1....N...rare1","Healthy","MECFS",0,0,0,0,0,NA,"NA",NA,NA,NA,5,5,NA,NA,NA,NA,"NS"
"P49908","HexNAc.6.Hex.7.NeuAc.2.Fuc.1....N...rare1","Healthy","MECFS",0,0,0,0,0,NA,"NA",NA,NA,NA,5,5,NA,NA,NA,NA,"NS"
"P51884","HexNAc.2.Hex.10....N...rare1","Healthy","MECFS",0,0,0,0,0,NA,"NA",NA,NA,NA,5,5,NA,NA,NA,NA,"NS"
"P51884","HexNAc.2.Hex.5....N...rare1","Healthy","MECFS",0,0,0,0,0,NA,"NA",NA,NA,NA,5,5,NA,NA,NA,NA,"NS"
"P51884","HexNAc.2.Hex.6....N...rare1","Healthy","MECFS",0,0,0,0,0,NA,"NA",NA,NA,NA,5,5,NA,NA,NA,NA,"NS"
"P51884","HexNAc.2.Hex.7....N...rare1","Healthy","MECFS",0,0,0,0,0,NA,"NA",NA,NA,NA,5,5,NA,NA,NA,NA,"NS"
"P51884","HexNAc.2.Hex.8....N...rare1","Healthy","MECFS",0,0,0,0,0,NA,"NA",NA,NA,NA,5,5,NA,NA,NA,NA,"NS"
"P51884","HexNAc.2.Hex.9....N...rare1","Healthy","MECFS",0,0,0,0,0,NA,"NA",NA,NA,NA,5,5,NA,NA,NA,NA,"NS"
"P51884","HexNAc.3.Hex.4.NeuAc.1....N...rare1","Healthy","MECFS",0,0,0,0,0,NA,"NA",NA,NA,NA,5,5,NA,NA,NA,NA,"NS"
"P51884","HexNAc.3.Hex.4.NeuAc.1.Fuc.1....N...rare1","Healthy","MECFS",0,0,0,0,0,NA,"NA",NA,NA,NA,5,5,NA,NA,NA,NA,"NS"
"P51884","HexNAc.3.Hex.5....N...rare1","Healthy","MECFS",0,0,0,0,0,NA,"NA",NA,NA,NA,5,5,NA,NA,NA,NA,"NS"
"P51884","HexNAc.3.Hex.5.NeuAc.1....N...rare1","Healthy","MECFS",0,0,0,0,0,NA,"NA",NA,NA,NA,5,5,NA,NA,NA,NA,"NS"
"P51884","HexNAc.3.Hex.6....N...rare1","Healthy","MECFS",0,0,0,0,0,NA,"NA",NA,NA,NA,5,5,NA,NA,NA,NA,"NS"
"P51884","HexNAc.3.Hex.6.NeuAc.1....N...rare1","Healthy","MECFS",0,0,0,0,0,NA,"NA",NA,NA,NA,5,5,NA,NA,NA,NA,"NS"
"P51884","HexNAc.4.Hex.3....N...rare1","Healthy","MECFS",0,0,0,0,0,NA,"NA",NA,NA,NA,5,5,NA,NA,NA,NA,"NS"
"P51884","HexNAc.4.Hex.3.Fuc.1....N...rare1","Healthy","MECFS",0,0,0,0,0,NA,"NA",NA,NA,NA,5,5,NA,NA,NA,NA,"NS"
"P51884","HexNAc.4.Hex.4....N...rare1","Healthy","MECFS",0,0,0,0,0,NA,"NA",NA,NA,NA,5,5,NA,NA,NA,NA,"NS"
"P51884","HexNAc.4.Hex.4.Fuc.1....N...rare1","Healthy","MECFS",0,0,0,0,0,NA,"NA",NA,NA,NA,5,5,NA,NA,NA,NA,"NS"
"P51884","HexNAc.4.Hex.4.NeuAc.1....N...rare1","Healthy","MECFS",0,0,0,0,0,NA,"NA",NA,NA,NA,5,5,NA,NA,NA,NA,"NS"
"P51884","HexNAc.4.Hex.5....N...rare1","Healthy","MECFS",0,0,0,0,0,NA,"NA",NA,NA,NA,5,5,NA,NA,NA,NA,"NS"
"P51884","HexNAc.4.Hex.5.NeuAc.1....N...rare1","Healthy","MECFS",0,0,0,0,0,NA,"NA",NA,NA,NA,5,5,NA,NA,NA,NA,"NS"
"P51884","HexNAc.4.Hex.5.NeuAc.2....N...rare1","Healthy","MECFS",0,0,0,0,0,NA,"NA",NA,NA,NA,5,5,NA,NA,NA,NA,"NS"
"P51884","HexNAc.4.Hex.6.NeuAc.1....N...rare1","Healthy","MECFS",0,0,0,0,0,NA,"NA",NA,NA,NA,5,5,NA,NA,NA,NA,"NS"
"P51884","HexNAc.5.Hex.3....N...rare1","Healthy","MECFS",0,0,0,0,0,NA,"NA",NA,NA,NA,5,5,NA,NA,NA,NA,"NS"
"P51884","HexNAc.5.Hex.3.Fuc.1....N...rare1","Healthy","MECFS",0,0,0,0,0,NA,"NA",NA,NA,NA,5,5,NA,NA,NA,NA,"NS"
"P51884","HexNAc.5.Hex.4....N...rare1","Healthy","MECFS",0,0,0,0,0,NA,"NA",NA,NA,NA,5,5,NA,NA,NA,NA,"NS"
"P51884","HexNAc.5.Hex.4.Fuc.1....N...rare1","Healthy","MECFS",0,0,0,0,0,NA,"NA",NA,NA,NA,5,5,NA,NA,NA,NA,"NS"
"P51884","HexNAc.5.Hex.4.NeuAc.1....N...rare1","Healthy","MECFS",0,0,0,0,0,NA,"NA",NA,NA,NA,5,5,NA,NA,NA,NA,"NS"
"P51884","HexNAc.5.Hex.4.NeuAc.1.Fuc.1....N...rare1","Healthy","MECFS",0,0,0,0,0,NA,"NA",NA,NA,NA,5,5,NA,NA,NA,NA,"NS"
"P51884","HexNAc.5.Hex.5....N...rare1","Healthy","MECFS",0,0,0,0,0,NA,"NA",NA,NA,NA,5,5,NA,NA,NA,NA,"NS"
"P51884","HexNAc.5.Hex.5.Fuc.1....N...rare1","Healthy","MECFS",0,0,0,0,0,NA,"NA",NA,NA,NA,5,5,NA,NA,NA,NA,"NS"
"P51884","HexNAc.5.Hex.5.NeuAc.1....N...rare1","Healthy","MECFS",0,0,0,0,0,NA,"NA",NA,NA,NA,5,5,NA,NA,NA,NA,"NS"
"P51884","HexNAc.5.Hex.5.NeuAc.1.Fuc.1....N...rare1","Healthy","MECFS",0,0,0,0,0,NA,"NA",NA,NA,NA,5,5,NA,NA,NA,NA,"NS"
"P51884","HexNAc.5.Hex.5.NeuAc.2.Fuc.1....N...rare1","Healthy","MECFS",0,0,0,0,0,NA,"NA",NA,NA,NA,5,5,NA,NA,NA,NA,"NS"
"P51884","HexNAc.5.Hex.6.NeuAc.1....N...rare1","Healthy","MECFS",0,0,0,0,0,NA,"NA",NA,NA,NA,5,5,NA,NA,NA,NA,"NS"
"P51884","HexNAc.5.Hex.6.NeuAc.2....N...rare1","Healthy","MECFS",0,0,0,0,0,NA,"NA",NA,NA,NA,5,5,NA,NA,NA,NA,"NS"
"P51884","HexNAc.5.Hex.6.NeuAc.3....N...rare1","Healthy","MECFS",0,0,0,0,0,NA,"NA",NA,NA,NA,5,5,NA,NA,NA,NA,"NS"
"P51884","HexNAc.6.Hex.7.NeuAc.1....N...rare1","Healthy","MECFS",0,0,0,0,0,NA,"NA",NA,NA,NA,5,5,NA,NA,NA,NA,"NS"
"P51884","HexNAc.6.Hex.7.NeuAc.2.Fuc.1....N...rare1","Healthy","MECFS",0,0,0,0,0,NA,"NA",NA,NA,NA,5,5,NA,NA,NA,NA,"NS"
"P55058","HexNAc.2.Hex.10....N...rare1","Healthy","MECFS",0,0,0,0,0,NA,"NA",NA,NA,NA,5,5,NA,NA,NA,NA,"NS"
"P55058","HexNAc.2.Hex.5....N...rare1","Healthy","MECFS",0,0,0,0,0,NA,"NA",NA,NA,NA,5,5,NA,NA,NA,NA,"NS"
"P55058","HexNAc.2.Hex.6....N...rare1","Healthy","MECFS",0,0,0,0,0,NA,"NA",NA,NA,NA,5,5,NA,NA,NA,NA,"NS"
"P55058","HexNAc.2.Hex.7....N...rare1","Healthy","MECFS",0,0,0,0,0,NA,"NA",NA,NA,NA,5,5,NA,NA,NA,NA,"NS"
"P55058","HexNAc.2.Hex.8....N...rare1","Healthy","MECFS",0,0,0,0,0,NA,"NA",NA,NA,NA,5,5,NA,NA,NA,NA,"NS"
"P55058","HexNAc.2.Hex.9....N...rare1","Healthy","MECFS",0,0,0,0,0,NA,"NA",NA,NA,NA,5,5,NA,NA,NA,NA,"NS"
"P55058","HexNAc.3.Hex.4.NeuAc.1....N...rare1","Healthy","MECFS",0,0,0,0,0,NA,"NA",NA,NA,NA,5,5,NA,NA,NA,NA,"NS"
"P55058","HexNAc.3.Hex.4.NeuAc.1.Fuc.1....N...rare1","Healthy","MECFS",0,0,0,0,0,NA,"NA",NA,NA,NA,5,5,NA,NA,NA,NA,"NS"
"P55058","HexNAc.3.Hex.5....N...rare1","Healthy","MECFS",0,0,0,0,0,NA,"NA",NA,NA,NA,5,5,NA,NA,NA,NA,"NS"
"P55058","HexNAc.3.Hex.5.NeuAc.1....N...rare1","Healthy","MECFS",0,0,0,0,0,NA,"NA",NA,NA,NA,5,5,NA,NA,NA,NA,"NS"
"P55058","HexNAc.3.Hex.6....N...rare1","Healthy","MECFS",0,0,0,0,0,NA,"NA",NA,NA,NA,5,5,NA,NA,NA,NA,"NS"
"P55058","HexNAc.3.Hex.6.NeuAc.1....N...rare1","Healthy","MECFS",0,0,0,0,0,NA,"NA",NA,NA,NA,5,5,NA,NA,NA,NA,"NS"
"P55058","HexNAc.4.Hex.3....N...rare1","Healthy","MECFS",0,0,0,0,0,NA,"NA",NA,NA,NA,5,5,NA,NA,NA,NA,"NS"
"P55058","HexNAc.4.Hex.3.Fuc.1....N...rare1","Healthy","MECFS",0,0,0,0,0,NA,"NA",NA,NA,NA,5,5,NA,NA,NA,NA,"NS"
"P55058","HexNAc.4.Hex.4....N...rare1","Healthy","MECFS",0,0,0,0,0,NA,"NA",NA,NA,NA,5,5,NA,NA,NA,NA,"NS"
"P55058","HexNAc.4.Hex.4.Fuc.1....N...rare1","Healthy","MECFS",0,0,0,0,0,NA,"NA",NA,NA,NA,5,5,NA,NA,NA,NA,"NS"
"P55058","HexNAc.4.Hex.4.NeuAc.1....N...rare1","Healthy","MECFS",0,0,0,0,0,NA,"NA",NA,NA,NA,5,5,NA,NA,NA,NA,"NS"
"P55058","HexNAc.4.Hex.5....N...rare1","Healthy","MECFS",0,0,0,0,0,NA,"NA",NA,NA,NA,5,5,NA,NA,NA,NA,"NS"
"P55058","HexNAc.4.Hex.5.Fuc.1....N...rare1","Healthy","MECFS",0,0,0,0,0,NA,"NA",NA,NA,NA,5,5,NA,NA,NA,NA,"NS"
"P55058","HexNAc.4.Hex.5.NeuAc.1....N...rare1","Healthy","MECFS",0,0,0,0,0,NA,"NA",NA,NA,NA,5,5,NA,NA,NA,NA,"NS"
"P55058","HexNAc.4.Hex.5.NeuAc.2....N...rare1","Healthy","MECFS",0,0,0,0,0,NA,"NA",NA,NA,NA,5,5,NA,NA,NA,NA,"NS"
"P55058","HexNAc.4.Hex.6.NeuAc.1....N...rare1","Healthy","MECFS",0,0,0,0,0,NA,"NA",NA,NA,NA,5,5,NA,NA,NA,NA,"NS"
"P55058","HexNAc.5.Hex.3....N...rare1","Healthy","MECFS",0,0,0,0,0,NA,"NA",NA,NA,NA,5,5,NA,NA,NA,NA,"NS"
"P55058","HexNAc.5.Hex.3.Fuc.1....N...rare1","Healthy","MECFS",0,0,0,0,0,NA,"NA",NA,NA,NA,5,5,NA,NA,NA,NA,"NS"
"P55058","HexNAc.5.Hex.4....N...rare1","Healthy","MECFS",0,0,0,0,0,NA,"NA",NA,NA,NA,5,5,NA,NA,NA,NA,"NS"
"P55058","HexNAc.5.Hex.4.Fuc.1....N...rare1","Healthy","MECFS",0,0,0,0,0,NA,"NA",NA,NA,NA,5,5,NA,NA,NA,NA,"NS"
"P55058","HexNAc.5.Hex.4.NeuAc.1....N...rare1","Healthy","MECFS",0,0,0,0,0,NA,"NA",NA,NA,NA,5,5,NA,NA,NA,NA,"NS"
"P55058","HexNAc.5.Hex.4.NeuAc.1.Fuc.1....N...rare1","Healthy","MECFS",0,0,0,0,0,NA,"NA",NA,NA,NA,5,5,NA,NA,NA,NA,"NS"
"P55058","HexNAc.5.Hex.5....N...rare1","Healthy","MECFS",0,0,0,0,0,NA,"NA",NA,NA,NA,5,5,NA,NA,NA,NA,"NS"
"P55058","HexNAc.5.Hex.5.Fuc.1....N...rare1","Healthy","MECFS",0,0,0,0,0,NA,"NA",NA,NA,NA,5,5,NA,NA,NA,NA,"NS"
"P55058","HexNAc.5.Hex.5.NeuAc.1....N...rare1","Healthy","MECFS",0,0,0,0,0,NA,"NA",NA,NA,NA,5,5,NA,NA,NA,NA,"NS"
"P55058","HexNAc.5.Hex.5.NeuAc.1.Fuc.1....N...rare1","Healthy","MECFS",0,0,0,0,0,NA,"NA",NA,NA,NA,5,5,NA,NA,NA,NA,"NS"
"P55058","HexNAc.5.Hex.5.NeuAc.2.Fuc.1....N...rare1","Healthy","MECFS",0,0,0,0,0,NA,"NA",NA,NA,NA,5,5,NA,NA,NA,NA,"NS"
"P55058","HexNAc.5.Hex.6.NeuAc.1....N...rare1","Healthy","MECFS",0,0,0,0,0,NA,"NA",NA,NA,NA,5,5,NA,NA,NA,NA,"NS"
"P55058","HexNAc.5.Hex.6.NeuAc.2....N...rare1","Healthy","MECFS",0,0,0,0,0,NA,"NA",NA,NA,NA,5,5,NA,NA,NA,NA,"NS"
"P55058","HexNAc.5.Hex.6.NeuAc.2.Fuc.1....N...rare1","Healthy","MECFS",0,0,0,0,0,NA,"NA",NA,NA,NA,5,5,NA,NA,NA,NA,"NS"
"P55058","HexNAc.5.Hex.6.NeuAc.3....N...rare1","Healthy","MECFS",0,0,0,0,0,NA,"NA",NA,NA,NA,5,5,NA,NA,NA,NA,"NS"
"P55058","HexNAc.6.Hex.7.NeuAc.1....N...rare1","Healthy","MECFS",0,0,0,0,0,NA,"NA",NA,NA,NA,5,5,NA,NA,NA,NA,"NS"
"P55058","HexNAc.6.Hex.7.NeuAc.2.Fuc.1....N...rare1","Healthy","MECFS",0,0,0,0,0,NA,"NA",NA,NA,NA,5,5,NA,NA,NA,NA,"NS"
"P80108","HexNAc.2.Hex.10....N...rare1","Healthy","MECFS",0,0,0,0,0,NA,"NA",NA,NA,NA,5,5,NA,NA,NA,NA,"NS"
"P80108","HexNAc.2.Hex.5....N...rare1","Healthy","MECFS",0,0,0,0,0,NA,"NA",NA,NA,NA,5,5,NA,NA,NA,NA,"NS"
"P80108","HexNAc.2.Hex.6....N...rare1","Healthy","MECFS",0,0,0,0,0,NA,"NA",NA,NA,NA,5,5,NA,NA,NA,NA,"NS"
"P80108","HexNAc.2.Hex.7....N...rare1","Healthy","MECFS",0,0,0,0,0,NA,"NA",NA,NA,NA,5,5,NA,NA,NA,NA,"NS"
"P80108","HexNAc.2.Hex.8....N...rare1","Healthy","MECFS",0,0,0,0,0,NA,"NA",NA,NA,NA,5,5,NA,NA,NA,NA,"NS"
"P80108","HexNAc.2.Hex.9....N...rare1","Healthy","MECFS",0,0,0,0,0,NA,"NA",NA,NA,NA,5,5,NA,NA,NA,NA,"NS"
"P80108","HexNAc.3.Hex.4.NeuAc.1....N...rare1","Healthy","MECFS",0,0,0,0,0,NA,"NA",NA,NA,NA,5,5,NA,NA,NA,NA,"NS"
"P80108","HexNAc.3.Hex.4.NeuAc.1.Fuc.1....N...rare1","Healthy","MECFS",0,0,0,0,0,NA,"NA",NA,NA,NA,5,5,NA,NA,NA,NA,"NS"
"P80108","HexNAc.3.Hex.5....N...rare1","Healthy","MECFS",0,0,0,0,0,NA,"NA",NA,NA,NA,5,5,NA,NA,NA,NA,"NS"
"P80108","HexNAc.3.Hex.5.NeuAc.1....N...rare1","Healthy","MECFS",0,0,0,0,0,NA,"NA",NA,NA,NA,5,5,NA,NA,NA,NA,"NS"
"P80108","HexNAc.3.Hex.6....N...rare1","Healthy","MECFS",0,0,0,0,0,NA,"NA",NA,NA,NA,5,5,NA,NA,NA,NA,"NS"
"P80108","HexNAc.3.Hex.6.NeuAc.1....N...rare1","Healthy","MECFS",0,0,0,0,0,NA,"NA",NA,NA,NA,5,5,NA,NA,NA,NA,"NS"
"P80108","HexNAc.4.Hex.3....N...rare1","Healthy","MECFS",0,0,0,0,0,NA,"NA",NA,NA,NA,5,5,NA,NA,NA,NA,"NS"
"P80108","HexNAc.4.Hex.3.Fuc.1....N...rare1","Healthy","MECFS",0,0,0,0,0,NA,"NA",NA,NA,NA,5,5,NA,NA,NA,NA,"NS"
"P80108","HexNAc.4.Hex.4....N...rare1","Healthy","MECFS",0,0,0,0,0,NA,"NA",NA,NA,NA,5,5,NA,NA,NA,NA,"NS"
"P80108","HexNAc.4.Hex.4.Fuc.1....N...rare1","Healthy","MECFS",0,0,0,0,0,NA,"NA",NA,NA,NA,5,5,NA,NA,NA,NA,"NS"
"P80108","HexNAc.4.Hex.4.NeuAc.1....N...rare1","Healthy","MECFS",0,0,0,0,0,NA,"NA",NA,NA,NA,5,5,NA,NA,NA,NA,"NS"
"P80108","HexNAc.4.Hex.5....N...rare1","Healthy","MECFS",0,0,0,0,0,NA,"NA",NA,NA,NA,5,5,NA,NA,NA,NA,"NS"
"P80108","HexNAc.4.Hex.5.Fuc.1....N...rare1","Healthy","MECFS",0,0,0,0,0,NA,"NA",NA,NA,NA,5,5,NA,NA,NA,NA,"NS"
"P80108","HexNAc.4.Hex.5.NeuAc.1....N...rare1","Healthy","MECFS",0,0,0,0,0,NA,"NA",NA,NA,NA,5,5,NA,NA,NA,NA,"NS"
"P80108","HexNAc.4.Hex.5.NeuAc.2.Fuc.1....N...rare1","Healthy","MECFS",0,0,0,0,0,NA,"NA",NA,NA,NA,5,5,NA,NA,NA,NA,"NS"
"P80108","HexNAc.4.Hex.6.NeuAc.1....N...rare1","Healthy","MECFS",0,0,0,0,0,NA,"NA",NA,NA,NA,5,5,NA,NA,NA,NA,"NS"
"P80108","HexNAc.5.Hex.3....N...rare1","Healthy","MECFS",0,0,0,0,0,NA,"NA",NA,NA,NA,5,5,NA,NA,NA,NA,"NS"
"P80108","HexNAc.5.Hex.3.Fuc.1....N...rare1","Healthy","MECFS",0,0,0,0,0,NA,"NA",NA,NA,NA,5,5,NA,NA,NA,NA,"NS"
"P80108","HexNAc.5.Hex.4....N...rare1","Healthy","MECFS",0,0,0,0,0,NA,"NA",NA,NA,NA,5,5,NA,NA,NA,NA,"NS"
"P80108","HexNAc.5.Hex.4.Fuc.1....N...rare1","Healthy","MECFS",0,0,0,0,0,NA,"NA",NA,NA,NA,5,5,NA,NA,NA,NA,"NS"
"P80108","HexNAc.5.Hex.4.NeuAc.1....N...rare1","Healthy","MECFS",0,0,0,0,0,NA,"NA",NA,NA,NA,5,5,NA,NA,NA,NA,"NS"
"P80108","HexNAc.5.Hex.4.NeuAc.1.Fuc.1....N...rare1","Healthy","MECFS",0,0,0,0,0,NA,"NA",NA,NA,NA,5,5,NA,NA,NA,NA,"NS"
"P80108","HexNAc.5.Hex.5....N...rare1","Healthy","MECFS",0,0,0,0,0,NA,"NA",NA,NA,NA,5,5,NA,NA,NA,NA,"NS"
"P80108","HexNAc.5.Hex.5.Fuc.1....N...rare1","Healthy","MECFS",0,0,0,0,0,NA,"NA",NA,NA,NA,5,5,NA,NA,NA,NA,"NS"
"P80108","HexNAc.5.Hex.5.NeuAc.1....N...rare1","Healthy","MECFS",0,0,0,0,0,NA,"NA",NA,NA,NA,5,5,NA,NA,NA,NA,"NS"
"P80108","HexNAc.5.Hex.5.NeuAc.1.Fuc.1....N...rare1","Healthy","MECFS",0,0,0,0,0,NA,"NA",NA,NA,NA,5,5,NA,NA,NA,NA,"NS"
"P80108","HexNAc.5.Hex.5.NeuAc.2.Fuc.1....N...rare1","Healthy","MECFS",0,0,0,0,0,NA,"NA",NA,NA,NA,5,5,NA,NA,NA,NA,"NS"
"P80108","HexNAc.5.Hex.6.NeuAc.1....N...rare1","Healthy","MECFS",0,0,0,0,0,NA,"NA",NA,NA,NA,5,5,NA,NA,NA,NA,"NS"
"P80108","HexNAc.5.Hex.6.NeuAc.2....N...rare1","Healthy","MECFS",0,0,0,0,0,NA,"NA",NA,NA,NA,5,5,NA,NA,NA,NA,"NS"
"P80108","HexNAc.5.Hex.6.NeuAc.2.Fuc.1....N...rare1","Healthy","MECFS",0,0,0,0,0,NA,"NA",NA,NA,NA,5,5,NA,NA,NA,NA,"NS"
"P80108","HexNAc.5.Hex.6.NeuAc.3....N...rare1","Healthy","MECFS",0,0,0,0,0,NA,"NA",NA,NA,NA,5,5,NA,NA,NA,NA,"NS"
"P80108","HexNAc.6.Hex.7.NeuAc.1....N...rare1","Healthy","MECFS",0,0,0,0,0,NA,"NA",NA,NA,NA,5,5,NA,NA,NA,NA,"NS"
"P80108","HexNAc.6.Hex.7.NeuAc.2.Fuc.1....N...rare1","Healthy","MECFS",0,0,0,0,0,NA,"NA",NA,NA,NA,5,5,NA,NA,NA,NA,"NS"
"Q02985","HexNAc.2.Hex.10....N...rare1","Healthy","MECFS",0,0,0,0,0,NA,"NA",NA,NA,NA,5,5,NA,NA,NA,NA,"NS"
"Q02985","HexNAc.2.Hex.5....N...rare1","Healthy","MECFS",0,0,0,0,0,NA,"NA",NA,NA,NA,5,5,NA,NA,NA,NA,"NS"
"Q02985","HexNAc.2.Hex.6....N...rare1","Healthy","MECFS",0,0,0,0,0,NA,"NA",NA,NA,NA,5,5,NA,NA,NA,NA,"NS"
"Q02985","HexNAc.2.Hex.7....N...rare1","Healthy","MECFS",0,0,0,0,0,NA,"NA",NA,NA,NA,5,5,NA,NA,NA,NA,"NS"
"Q02985","HexNAc.2.Hex.8....N...rare1","Healthy","MECFS",0,0,0,0,0,NA,"NA",NA,NA,NA,5,5,NA,NA,NA,NA,"NS"
"Q02985","HexNAc.2.Hex.9....N...rare1","Healthy","MECFS",0,0,0,0,0,NA,"NA",NA,NA,NA,5,5,NA,NA,NA,NA,"NS"
"Q02985","HexNAc.3.Hex.4.NeuAc.1....N...rare1","Healthy","MECFS",0,0,0,0,0,NA,"NA",NA,NA,NA,5,5,NA,NA,NA,NA,"NS"
"Q02985","HexNAc.3.Hex.4.NeuAc.1.Fuc.1....N...rare1","Healthy","MECFS",0,0,0,0,0,NA,"NA",NA,NA,NA,5,5,NA,NA,NA,NA,"NS"
"Q02985","HexNAc.3.Hex.5....N...rare1","Healthy","MECFS",0,0,0,0,0,NA,"NA",NA,NA,NA,5,5,NA,NA,NA,NA,"NS"
"Q02985","HexNAc.3.Hex.5.NeuAc.1....N...rare1","Healthy","MECFS",0,0,0,0,0,NA,"NA",NA,NA,NA,5,5,NA,NA,NA,NA,"NS"
"Q02985","HexNAc.3.Hex.6....N...rare1","Healthy","MECFS",0,0,0,0,0,NA,"NA",NA,NA,NA,5,5,NA,NA,NA,NA,"NS"
"Q02985","HexNAc.3.Hex.6.NeuAc.1....N...rare1","Healthy","MECFS",0,0,0,0,0,NA,"NA",NA,NA,NA,5,5,NA,NA,NA,NA,"NS"
"Q02985","HexNAc.4.Hex.3....N...rare1","Healthy","MECFS",0,0,0,0,0,NA,"NA",NA,NA,NA,5,5,NA,NA,NA,NA,"NS"
"Q02985","HexNAc.4.Hex.3.Fuc.1....N...rare1","Healthy","MECFS",0,0,0,0,0,NA,"NA",NA,NA,NA,5,5,NA,NA,NA,NA,"NS"
"Q02985","HexNAc.4.Hex.4....N...rare1","Healthy","MECFS",0,0,0,0,0,NA,"NA",NA,NA,NA,5,5,NA,NA,NA,NA,"NS"
"Q02985","HexNAc.4.Hex.4.Fuc.1....N...rare1","Healthy","MECFS",0,0,0,0,0,NA,"NA",NA,NA,NA,5,5,NA,NA,NA,NA,"NS"
"Q02985","HexNAc.4.Hex.4.NeuAc.1....N...rare1","Healthy","MECFS",0,0,0,0,0,NA,"NA",NA,NA,NA,5,5,NA,NA,NA,NA,"NS"
"Q02985","HexNAc.4.Hex.5....N...rare1","Healthy","MECFS",0,0,0,0,0,NA,"NA",NA,NA,NA,5,5,NA,NA,NA,NA,"NS"
"Q02985","HexNAc.4.Hex.5.Fuc.1....N...rare1","Healthy","MECFS",0,0,0,0,0,NA,"NA",NA,NA,NA,5,5,NA,NA,NA,NA,"NS"
"Q02985","HexNAc.4.Hex.5.NeuAc.1....N...rare1","Healthy","MECFS",0,0,0,0,0,NA,"NA",NA,NA,NA,5,5,NA,NA,NA,NA,"NS"
"Q02985","HexNAc.4.Hex.5.NeuAc.1.Fuc.1....N...rare1","Healthy","MECFS",0,0,0,0,0,NA,"NA",NA,NA,NA,5,5,NA,NA,NA,NA,"NS"
"Q02985","HexNAc.4.Hex.5.NeuAc.2....N...rare1","Healthy","MECFS",0,0,0,0,0,NA,"NA",NA,NA,NA,5,5,NA,NA,NA,NA,"NS"
"Q02985","HexNAc.4.Hex.5.NeuAc.2.Fuc.1....N...rare1","Healthy","MECFS",0,0,0,0,0,NA,"NA",NA,NA,NA,5,5,NA,NA,NA,NA,"NS"
"Q02985","HexNAc.4.Hex.6.NeuAc.1....N...rare1","Healthy","MECFS",0,0,0,0,0,NA,"NA",NA,NA,NA,5,5,NA,NA,NA,NA,"NS"
"Q02985","HexNAc.5.Hex.3....N...rare1","Healthy","MECFS",0,0,0,0,0,NA,"NA",NA,NA,NA,5,5,NA,NA,NA,NA,"NS"
"Q02985","HexNAc.5.Hex.3.Fuc.1....N...rare1","Healthy","MECFS",0,0,0,0,0,NA,"NA",NA,NA,NA,5,5,NA,NA,NA,NA,"NS"
"Q02985","HexNAc.5.Hex.4....N...rare1","Healthy","MECFS",0,0,0,0,0,NA,"NA",NA,NA,NA,5,5,NA,NA,NA,NA,"NS"
"Q02985","HexNAc.5.Hex.4.Fuc.1....N...rare1","Healthy","MECFS",0,0,0,0,0,NA,"NA",NA,NA,NA,5,5,NA,NA,NA,NA,"NS"
"Q02985","HexNAc.5.Hex.4.NeuAc.1....N...rare1","Healthy","MECFS",0,0,0,0,0,NA,"NA",NA,NA,NA,5,5,NA,NA,NA,NA,"NS"
"Q02985","HexNAc.5.Hex.4.NeuAc.1.Fuc.1....N...rare1","Healthy","MECFS",0,0,0,0,0,NA,"NA",NA,NA,NA,5,5,NA,NA,NA,NA,"NS"
"Q02985","HexNAc.5.Hex.5....N...rare1","Healthy","MECFS",0,0,0,0,0,NA,"NA",NA,NA,NA,5,5,NA,NA,NA,NA,"NS"
"Q02985","HexNAc.5.Hex.5.Fuc.1....N...rare1","Healthy","MECFS",0,0,0,0,0,NA,"NA",NA,NA,NA,5,5,NA,NA,NA,NA,"NS"
"Q02985","HexNAc.5.Hex.5.NeuAc.1....N...rare1","Healthy","MECFS",0,0,0,0,0,NA,"NA",NA,NA,NA,5,5,NA,NA,NA,NA,"NS"
"Q02985","HexNAc.5.Hex.5.NeuAc.1.Fuc.1....N...rare1","Healthy","MECFS",0,0,0,0,0,NA,"NA",NA,NA,NA,5,5,NA,NA,NA,NA,"NS"
"Q02985","HexNAc.5.Hex.5.NeuAc.2.Fuc.1....N...rare1","Healthy","MECFS",0,0,0,0,0,NA,"NA",NA,NA,NA,5,5,NA,NA,NA,NA,"NS"
"Q02985","HexNAc.5.Hex.6.NeuAc.1....N...rare1","Healthy","MECFS",0,0,0,0,0,NA,"NA",NA,NA,NA,5,5,NA,NA,NA,NA,"NS"
"Q02985","HexNAc.5.Hex.6.NeuAc.2....N...rare1","Healthy","MECFS",0,0,0,0,0,NA,"NA",NA,NA,NA,5,5,NA,NA,NA,NA,"NS"
"Q02985","HexNAc.5.Hex.6.NeuAc.2.Fuc.1....N...rare1","Healthy","MECFS",0,0,0,0,0,NA,"NA",NA,NA,NA,5,5,NA,NA,NA,NA,"NS"
"Q02985","HexNAc.5.Hex.6.NeuAc.3....N...rare1","Healthy","MECFS",0,0,0,0,0,NA,"NA",NA,NA,NA,5,5,NA,NA,NA,NA,"NS"
"Q02985","HexNAc.6.Hex.7.NeuAc.1....N...rare1","Healthy","MECFS",0,0,0,0,0,NA,"NA",NA,NA,NA,5,5,NA,NA,NA,NA,"NS"
"Q02985","HexNAc.6.Hex.7.NeuAc.2.Fuc.1....N...rare1","Healthy","MECFS",0,0,0,0,0,NA,"NA",NA,NA,NA,5,5,NA,NA,NA,NA,"NS"
"Q03591","HexNAc.2.Hex.10....N...rare1","Healthy","MECFS",0,0,0,0,0,NA,"NA",NA,NA,NA,5,5,NA,NA,NA,NA,"NS"
"Q03591","HexNAc.2.Hex.5....N...rare1","Healthy","MECFS",0,0,0,0,0,NA,"NA",NA,NA,NA,5,5,NA,NA,NA,NA,"NS"
"Q03591","HexNAc.2.Hex.6....N...rare1","Healthy","MECFS",0,0,0,0,0,NA,"NA",NA,NA,NA,5,5,NA,NA,NA,NA,"NS"
"Q03591","HexNAc.2.Hex.7....N...rare1","Healthy","MECFS",0,0,0,0,0,NA,"NA",NA,NA,NA,5,5,NA,NA,NA,NA,"NS"
"Q03591","HexNAc.2.Hex.8....N...rare1","Healthy","MECFS",0,0,0,0,0,NA,"NA",NA,NA,NA,5,5,NA,NA,NA,NA,"NS"
"Q03591","HexNAc.2.Hex.9....N...rare1","Healthy","MECFS",0,0,0,0,0,NA,"NA",NA,NA,NA,5,5,NA,NA,NA,NA,"NS"
"Q03591","HexNAc.3.Hex.4.NeuAc.1....N...rare1","Healthy","MECFS",0,0,0,0,0,NA,"NA",NA,NA,NA,5,5,NA,NA,NA,NA,"NS"
"Q03591","HexNAc.3.Hex.4.NeuAc.1.Fuc.1....N...rare1","Healthy","MECFS",0,0,0,0,0,NA,"NA",NA,NA,NA,5,5,NA,NA,NA,NA,"NS"
"Q03591","HexNAc.3.Hex.5....N...rare1","Healthy","MECFS",0,0,0,0,0,NA,"NA",NA,NA,NA,5,5,NA,NA,NA,NA,"NS"
"Q03591","HexNAc.3.Hex.5.NeuAc.1....N...rare1","Healthy","MECFS",0,0,0,0,0,NA,"NA",NA,NA,NA,5,5,NA,NA,NA,NA,"NS"
"Q03591","HexNAc.3.Hex.6....N...rare1","Healthy","MECFS",0,0,0,0,0,NA,"NA",NA,NA,NA,5,5,NA,NA,NA,NA,"NS"
"Q03591","HexNAc.3.Hex.6.NeuAc.1....N...rare1","Healthy","MECFS",0,0,0,0,0,NA,"NA",NA,NA,NA,5,5,NA,NA,NA,NA,"NS"
"Q03591","HexNAc.4.Hex.3....N...rare1","Healthy","MECFS",0,0,0,0,0,NA,"NA",NA,NA,NA,5,5,NA,NA,NA,NA,"NS"
"Q03591","HexNAc.4.Hex.3.Fuc.1....N...rare1","Healthy","MECFS",0,0,0,0,0,NA,"NA",NA,NA,NA,5,5,NA,NA,NA,NA,"NS"
"Q03591","HexNAc.4.Hex.4....N...rare1","Healthy","MECFS",0,0,0,0,0,NA,"NA",NA,NA,NA,5,5,NA,NA,NA,NA,"NS"
"Q03591","HexNAc.4.Hex.4.Fuc.1....N...rare1","Healthy","MECFS",0,0,0,0,0,NA,"NA",NA,NA,NA,5,5,NA,NA,NA,NA,"NS"
"Q03591","HexNAc.4.Hex.4.NeuAc.1....N...rare1","Healthy","MECFS",0,0,0,0,0,NA,"NA",NA,NA,NA,5,5,NA,NA,NA,NA,"NS"
"Q03591","HexNAc.4.Hex.5....N...rare1","Healthy","MECFS",0,0,0,0,0,NA,"NA",NA,NA,NA,5,5,NA,NA,NA,NA,"NS"
"Q03591","HexNAc.4.Hex.5.Fuc.1....N...rare1","Healthy","MECFS",0,0,0,0,0,NA,"NA",NA,NA,NA,5,5,NA,NA,NA,NA,"NS"
"Q03591","HexNAc.4.Hex.5.NeuAc.1.Fuc.1....N...rare1","Healthy","MECFS",0,0,0,0,0,NA,"NA",NA,NA,NA,5,5,NA,NA,NA,NA,"NS"
"Q03591","HexNAc.4.Hex.6.NeuAc.1....N...rare1","Healthy","MECFS",0,0,0,0,0,NA,"NA",NA,NA,NA,5,5,NA,NA,NA,NA,"NS"
"Q03591","HexNAc.5.Hex.3....N...rare1","Healthy","MECFS",0,0,0,0,0,NA,"NA",NA,NA,NA,5,5,NA,NA,NA,NA,"NS"
"Q03591","HexNAc.5.Hex.3.Fuc.1....N...rare1","Healthy","MECFS",0,0,0,0,0,NA,"NA",NA,NA,NA,5,5,NA,NA,NA,NA,"NS"
"Q03591","HexNAc.5.Hex.4....N...rare1","Healthy","MECFS",0,0,0,0,0,NA,"NA",NA,NA,NA,5,5,NA,NA,NA,NA,"NS"
"Q03591","HexNAc.5.Hex.4.Fuc.1....N...rare1","Healthy","MECFS",0,0,0,0,0,NA,"NA",NA,NA,NA,5,5,NA,NA,NA,NA,"NS"
"Q03591","HexNAc.5.Hex.4.NeuAc.1....N...rare1","Healthy","MECFS",0,0,0,0,0,NA,"NA",NA,NA,NA,5,5,NA,NA,NA,NA,"NS"
"Q03591","HexNAc.5.Hex.4.NeuAc.1.Fuc.1....N...rare1","Healthy","MECFS",0,0,0,0,0,NA,"NA",NA,NA,NA,5,5,NA,NA,NA,NA,"NS"
"Q03591","HexNAc.5.Hex.5....N...rare1","Healthy","MECFS",0,0,0,0,0,NA,"NA",NA,NA,NA,5,5,NA,NA,NA,NA,"NS"
"Q03591","HexNAc.5.Hex.5.Fuc.1....N...rare1","Healthy","MECFS",0,0,0,0,0,NA,"NA",NA,NA,NA,5,5,NA,NA,NA,NA,"NS"
"Q03591","HexNAc.5.Hex.5.NeuAc.1....N...rare1","Healthy","MECFS",0,0,0,0,0,NA,"NA",NA,NA,NA,5,5,NA,NA,NA,NA,"NS"
"Q03591","HexNAc.5.Hex.5.NeuAc.1.Fuc.1....N...rare1","Healthy","MECFS",0,0,0,0,0,NA,"NA",NA,NA,NA,5,5,NA,NA,NA,NA,"NS"
"Q03591","HexNAc.5.Hex.5.NeuAc.2.Fuc.1....N...rare1","Healthy","MECFS",0,0,0,0,0,NA,"NA",NA,NA,NA,5,5,NA,NA,NA,NA,"NS"
"Q03591","HexNAc.5.Hex.6.NeuAc.1....N...rare1","Healthy","MECFS",0,0,0,0,0,NA,"NA",NA,NA,NA,5,5,NA,NA,NA,NA,"NS"
"Q03591","HexNAc.5.Hex.6.NeuAc.2....N...rare1","Healthy","MECFS",0,0,0,0,0,NA,"NA",NA,NA,NA,5,5,NA,NA,NA,NA,"NS"
"Q03591","HexNAc.5.Hex.6.NeuAc.2.Fuc.1....N...rare1","Healthy","MECFS",0,0,0,0,0,NA,"NA",NA,NA,NA,5,5,NA,NA,NA,NA,"NS"
"Q03591","HexNAc.5.Hex.6.NeuAc.3....N...rare1","Healthy","MECFS",0,0,0,0,0,NA,"NA",NA,NA,NA,5,5,NA,NA,NA,NA,"NS"
"Q03591","HexNAc.6.Hex.7.NeuAc.1....N...rare1","Healthy","MECFS",0,0,0,0,0,NA,"NA",NA,NA,NA,5,5,NA,NA,NA,NA,"NS"
"Q03591","HexNAc.6.Hex.7.NeuAc.2.Fuc.1....N...rare1","Healthy","MECFS",0,0,0,0,0,NA,"NA",NA,NA,NA,5,5,NA,NA,NA,NA,"NS"
"Q04756","HexNAc.2.Hex.10....N...rare1","Healthy","MECFS",0,0,0,0,0,NA,"NA",NA,NA,NA,5,5,NA,NA,NA,NA,"NS"
"Q04756","HexNAc.2.Hex.5....N...rare1","Healthy","MECFS",0,0,0,0,0,NA,"NA",NA,NA,NA,5,5,NA,NA,NA,NA,"NS"
"Q04756","HexNAc.2.Hex.6....N...rare1","Healthy","MECFS",0,0,0,0,0,NA,"NA",NA,NA,NA,5,5,NA,NA,NA,NA,"NS"
"Q04756","HexNAc.2.Hex.7....N...rare1","Healthy","MECFS",0,0,0,0,0,NA,"NA",NA,NA,NA,5,5,NA,NA,NA,NA,"NS"
"Q04756","HexNAc.2.Hex.8....N...rare1","Healthy","MECFS",0,0,0,0,0,NA,"NA",NA,NA,NA,5,5,NA,NA,NA,NA,"NS"
"Q04756","HexNAc.2.Hex.9....N...rare1","Healthy","MECFS",0,0,0,0,0,NA,"NA",NA,NA,NA,5,5,NA,NA,NA,NA,"NS"
"Q04756","HexNAc.3.Hex.4.NeuAc.1....N...rare1","Healthy","MECFS",0,0,0,0,0,NA,"NA",NA,NA,NA,5,5,NA,NA,NA,NA,"NS"
"Q04756","HexNAc.3.Hex.4.NeuAc.1.Fuc.1....N...rare1","Healthy","MECFS",0,0,0,0,0,NA,"NA",NA,NA,NA,5,5,NA,NA,NA,NA,"NS"
"Q04756","HexNAc.3.Hex.5....N...rare1","Healthy","MECFS",0,0,0,0,0,NA,"NA",NA,NA,NA,5,5,NA,NA,NA,NA,"NS"
"Q04756","HexNAc.3.Hex.5.NeuAc.1....N...rare1","Healthy","MECFS",0,0,0,0,0,NA,"NA",NA,NA,NA,5,5,NA,NA,NA,NA,"NS"
"Q04756","HexNAc.3.Hex.6....N...rare1","Healthy","MECFS",0,0,0,0,0,NA,"NA",NA,NA,NA,5,5,NA,NA,NA,NA,"NS"
"Q04756","HexNAc.3.Hex.6.NeuAc.1....N...rare1","Healthy","MECFS",0,0,0,0,0,NA,"NA",NA,NA,NA,5,5,NA,NA,NA,NA,"NS"
"Q04756","HexNAc.4.Hex.3....N...rare1","Healthy","MECFS",0,0,0,0,0,NA,"NA",NA,NA,NA,5,5,NA,NA,NA,NA,"NS"
"Q04756","HexNAc.4.Hex.3.Fuc.1....N...rare1","Healthy","MECFS",0,0,0,0,0,NA,"NA",NA,NA,NA,5,5,NA,NA,NA,NA,"NS"
"Q04756","HexNAc.4.Hex.4....N...rare1","Healthy","MECFS",0,0,0,0,0,NA,"NA",NA,NA,NA,5,5,NA,NA,NA,NA,"NS"
"Q04756","HexNAc.4.Hex.4.Fuc.1....N...rare1","Healthy","MECFS",0,0,0,0,0,NA,"NA",NA,NA,NA,5,5,NA,NA,NA,NA,"NS"
"Q04756","HexNAc.4.Hex.4.NeuAc.1....N...rare1","Healthy","MECFS",0,0,0,0,0,NA,"NA",NA,NA,NA,5,5,NA,NA,NA,NA,"NS"
"Q04756","HexNAc.4.Hex.5....N...rare1","Healthy","MECFS",0,0,0,0,0,NA,"NA",NA,NA,NA,5,5,NA,NA,NA,NA,"NS"
"Q04756","HexNAc.4.Hex.5.Fuc.1....N...rare1","Healthy","MECFS",0,0,0,0,0,NA,"NA",NA,NA,NA,5,5,NA,NA,NA,NA,"NS"
"Q04756","HexNAc.4.Hex.5.NeuAc.1....N...rare1","Healthy","MECFS",0,0,0,0,0,NA,"NA",NA,NA,NA,5,5,NA,NA,NA,NA,"NS"
"Q04756","HexNAc.4.Hex.5.NeuAc.1.Fuc.1....N...rare1","Healthy","MECFS",0,0,0,0,0,NA,"NA",NA,NA,NA,5,5,NA,NA,NA,NA,"NS"
"Q04756","HexNAc.4.Hex.5.NeuAc.2....N...rare1","Healthy","MECFS",0,0,0,0,0,NA,"NA",NA,NA,NA,5,5,NA,NA,NA,NA,"NS"
"Q04756","HexNAc.4.Hex.5.NeuAc.2.Fuc.1....N...rare1","Healthy","MECFS",0,0,0,0,0,NA,"NA",NA,NA,NA,5,5,NA,NA,NA,NA,"NS"
"Q04756","HexNAc.4.Hex.6.NeuAc.1....N...rare1","Healthy","MECFS",0,0,0,0,0,NA,"NA",NA,NA,NA,5,5,NA,NA,NA,NA,"NS"
"Q04756","HexNAc.5.Hex.3....N...rare1","Healthy","MECFS",0,0,0,0,0,NA,"NA",NA,NA,NA,5,5,NA,NA,NA,NA,"NS"
"Q04756","HexNAc.5.Hex.3.Fuc.1....N...rare1","Healthy","MECFS",0,0,0,0,0,NA,"NA",NA,NA,NA,5,5,NA,NA,NA,NA,"NS"
"Q04756","HexNAc.5.Hex.4....N...rare1","Healthy","MECFS",0,0,0,0,0,NA,"NA",NA,NA,NA,5,5,NA,NA,NA,NA,"NS"
"Q04756","HexNAc.5.Hex.4.Fuc.1....N...rare1","Healthy","MECFS",0,0,0,0,0,NA,"NA",NA,NA,NA,5,5,NA,NA,NA,NA,"NS"
"Q04756","HexNAc.5.Hex.4.NeuAc.1....N...rare1","Healthy","MECFS",0,0,0,0,0,NA,"NA",NA,NA,NA,5,5,NA,NA,NA,NA,"NS"
"Q04756","HexNAc.5.Hex.4.NeuAc.1.Fuc.1....N...rare1","Healthy","MECFS",0,0,0,0,0,NA,"NA",NA,NA,NA,5,5,NA,NA,NA,NA,"NS"
"Q04756","HexNAc.5.Hex.5....N...rare1","Healthy","MECFS",0,0,0,0,0,NA,"NA",NA,NA,NA,5,5,NA,NA,NA,NA,"NS"
"Q04756","HexNAc.5.Hex.5.Fuc.1....N...rare1","Healthy","MECFS",0,0,0,0,0,NA,"NA",NA,NA,NA,5,5,NA,NA,NA,NA,"NS"
"Q04756","HexNAc.5.Hex.5.NeuAc.1....N...rare1","Healthy","MECFS",0,0,0,0,0,NA,"NA",NA,NA,NA,5,5,NA,NA,NA,NA,"NS"
"Q04756","HexNAc.5.Hex.5.NeuAc.1.Fuc.1....N...rare1","Healthy","MECFS",0,0,0,0,0,NA,"NA",NA,NA,NA,5,5,NA,NA,NA,NA,"NS"
"Q04756","HexNAc.5.Hex.5.NeuAc.2.Fuc.1....N...rare1","Healthy","MECFS",0,0,0,0,0,NA,"NA",NA,NA,NA,5,5,NA,NA,NA,NA,"NS"
"Q04756","HexNAc.5.Hex.6.NeuAc.1....N...rare1","Healthy","MECFS",0,0,0,0,0,NA,"NA",NA,NA,NA,5,5,NA,NA,NA,NA,"NS"
"Q04756","HexNAc.5.Hex.6.NeuAc.2....N...rare1","Healthy","MECFS",0,0,0,0,0,NA,"NA",NA,NA,NA,5,5,NA,NA,NA,NA,"NS"
"Q04756","HexNAc.5.Hex.6.NeuAc.2.Fuc.1....N...rare1","Healthy","MECFS",0,0,0,0,0,NA,"NA",NA,NA,NA,5,5,NA,NA,NA,NA,"NS"
"Q04756","HexNAc.5.Hex.6.NeuAc.3....N...rare1","Healthy","MECFS",0,0,0,0,0,NA,"NA",NA,NA,NA,5,5,NA,NA,NA,NA,"NS"
"Q04756","HexNAc.6.Hex.7.NeuAc.1....N...rare1","Healthy","MECFS",0,0,0,0,0,NA,"NA",NA,NA,NA,5,5,NA,NA,NA,NA,"NS"
"Q04756","HexNAc.6.Hex.7.NeuAc.2.Fuc.1....N...rare1","Healthy","MECFS",0,0,0,0,0,NA,"NA",NA,NA,NA,5,5,NA,NA,NA,NA,"NS"
"Q06033","HexNAc.2.Hex.10....N...rare1","Healthy","MECFS",0,0,0,0,0,NA,"NA",NA,NA,NA,4,5,NA,NA,NA,NA,"NS"
"Q06033","HexNAc.2.Hex.5....N...rare1","Healthy","MECFS",0,0,0,0,0,NA,"NA",NA,NA,NA,4,5,NA,NA,NA,NA,"NS"
"Q06033","HexNAc.2.Hex.6....N...rare1","Healthy","MECFS",0,0,0,0,0,NA,"NA",NA,NA,NA,4,5,NA,NA,NA,NA,"NS"
"Q06033","HexNAc.2.Hex.7....N...rare1","Healthy","MECFS",0,0,0,0,0,NA,"NA",NA,NA,NA,4,5,NA,NA,NA,NA,"NS"
"Q06033","HexNAc.2.Hex.8....N...rare1","Healthy","MECFS",0,0,0,0,0,NA,"NA",NA,NA,NA,4,5,NA,NA,NA,NA,"NS"
"Q06033","HexNAc.2.Hex.9....N...rare1","Healthy","MECFS",0,0,0,0,0,NA,"NA",NA,NA,NA,4,5,NA,NA,NA,NA,"NS"
"Q06033","HexNAc.3.Hex.4.NeuAc.1....N...rare1","Healthy","MECFS",0,0,0,0,0,NA,"NA",NA,NA,NA,4,5,NA,NA,NA,NA,"NS"
"Q06033","HexNAc.3.Hex.4.NeuAc.1.Fuc.1....N...rare1","Healthy","MECFS",0,0,0,0,0,NA,"NA",NA,NA,NA,4,5,NA,NA,NA,NA,"NS"
"Q06033","HexNAc.3.Hex.5....N...rare1","Healthy","MECFS",0,0,0,0,0,NA,"NA",NA,NA,NA,4,5,NA,NA,NA,NA,"NS"
"Q06033","HexNAc.3.Hex.5.NeuAc.1....N...rare1","Healthy","MECFS",0,0,0,0,0,NA,"NA",NA,NA,NA,4,5,NA,NA,NA,NA,"NS"
"Q06033","HexNAc.3.Hex.6....N...rare1","Healthy","MECFS",0,0,0,0,0,NA,"NA",NA,NA,NA,4,5,NA,NA,NA,NA,"NS"
"Q06033","HexNAc.3.Hex.6.NeuAc.1....N...rare1","Healthy","MECFS",0,0,0,0,0,NA,"NA",NA,NA,NA,4,5,NA,NA,NA,NA,"NS"
"Q06033","HexNAc.4.Hex.3....N...rare1","Healthy","MECFS",0,0,0,0,0,NA,"NA",NA,NA,NA,4,5,NA,NA,NA,NA,"NS"
"Q06033","HexNAc.4.Hex.3.Fuc.1....N...rare1","Healthy","MECFS",0,0,0,0,0,NA,"NA",NA,NA,NA,4,5,NA,NA,NA,NA,"NS"
"Q06033","HexNAc.4.Hex.4....N...rare1","Healthy","MECFS",0,0,0,0,0,NA,"NA",NA,NA,NA,4,5,NA,NA,NA,NA,"NS"
"Q06033","HexNAc.4.Hex.4.Fuc.1....N...rare1","Healthy","MECFS",0,0,0,0,0,NA,"NA",NA,NA,NA,4,5,NA,NA,NA,NA,"NS"
"Q06033","HexNAc.4.Hex.4.NeuAc.1....N...rare1","Healthy","MECFS",0,0,0,0,0,NA,"NA",NA,NA,NA,4,5,NA,NA,NA,NA,"NS"
"Q06033","HexNAc.4.Hex.5....N...rare1","Healthy","MECFS",0,0,0,0,0,NA,"NA",NA,NA,NA,4,5,NA,NA,NA,NA,"NS"
"Q06033","HexNAc.4.Hex.5.Fuc.1....N...rare1","Healthy","MECFS",0,0,0,0,0,NA,"NA",NA,NA,NA,4,5,NA,NA,NA,NA,"NS"
"Q06033","HexNAc.4.Hex.5.NeuAc.1....N...rare1","Healthy","MECFS",0,0,0,0,0,NA,"NA",NA,NA,NA,4,5,NA,NA,NA,NA,"NS"
"Q06033","HexNAc.4.Hex.5.NeuAc.1.Fuc.1....N...rare1","Healthy","MECFS",0,0,0,0,0,NA,"NA",NA,NA,NA,4,5,NA,NA,NA,NA,"NS"
"Q06033","HexNAc.4.Hex.5.NeuAc.2.Fuc.1....N...rare1","Healthy","MECFS",0,0,0,0,0,NA,"NA",NA,NA,NA,4,5,NA,NA,NA,NA,"NS"
"Q06033","HexNAc.4.Hex.6.NeuAc.1....N...rare1","Healthy","MECFS",0,0,0,0,0,NA,"NA",NA,NA,NA,4,5,NA,NA,NA,NA,"NS"
"Q06033","HexNAc.5.Hex.3....N...rare1","Healthy","MECFS",0,0,0,0,0,NA,"NA",NA,NA,NA,4,5,NA,NA,NA,NA,"NS"
"Q06033","HexNAc.5.Hex.3.Fuc.1....N...rare1","Healthy","MECFS",0,0,0,0,0,NA,"NA",NA,NA,NA,4,5,NA,NA,NA,NA,"NS"
"Q06033","HexNAc.5.Hex.4....N...rare1","Healthy","MECFS",0,0,0,0,0,NA,"NA",NA,NA,NA,4,5,NA,NA,NA,NA,"NS"
"Q06033","HexNAc.5.Hex.4.Fuc.1....N...rare1","Healthy","MECFS",0,0,0,0,0,NA,"NA",NA,NA,NA,4,5,NA,NA,NA,NA,"NS"
"Q06033","HexNAc.5.Hex.4.NeuAc.1....N...rare1","Healthy","MECFS",0,0,0,0,0,NA,"NA",NA,NA,NA,4,5,NA,NA,NA,NA,"NS"
"Q06033","HexNAc.5.Hex.4.NeuAc.1.Fuc.1....N...rare1","Healthy","MECFS",0,0,0,0,0,NA,"NA",NA,NA,NA,4,5,NA,NA,NA,NA,"NS"
"Q06033","HexNAc.5.Hex.5....N...rare1","Healthy","MECFS",0,0,0,0,0,NA,"NA",NA,NA,NA,4,5,NA,NA,NA,NA,"NS"
"Q06033","HexNAc.5.Hex.5.Fuc.1....N...rare1","Healthy","MECFS",0,0,0,0,0,NA,"NA",NA,NA,NA,4,5,NA,NA,NA,NA,"NS"
"Q06033","HexNAc.5.Hex.5.NeuAc.1....N...rare1","Healthy","MECFS",0,0,0,0,0,NA,"NA",NA,NA,NA,4,5,NA,NA,NA,NA,"NS"
"Q06033","HexNAc.5.Hex.5.NeuAc.1.Fuc.1....N...rare1","Healthy","MECFS",0,0,0,0,0,NA,"NA",NA,NA,NA,4,5,NA,NA,NA,NA,"NS"
"Q06033","HexNAc.5.Hex.5.NeuAc.2.Fuc.1....N...rare1","Healthy","MECFS",0,0,0,0,0,NA,"NA",NA,NA,NA,4,5,NA,NA,NA,NA,"NS"
"Q06033","HexNAc.5.Hex.6.NeuAc.1....N...rare1","Healthy","MECFS",0,0,0,0,0,NA,"NA",NA,NA,NA,4,5,NA,NA,NA,NA,"NS"
"Q06033","HexNAc.5.Hex.6.NeuAc.2....N...rare1","Healthy","MECFS",0,0,0,0,0,NA,"NA",NA,NA,NA,4,5,NA,NA,NA,NA,"NS"
"Q06033","HexNAc.5.Hex.6.NeuAc.2.Fuc.1....N...rare1","Healthy","MECFS",0,0,0,0,0,NA,"NA",NA,NA,NA,4,5,NA,NA,NA,NA,"NS"
"Q06033","HexNAc.6.Hex.7.NeuAc.1....N...rare1","Healthy","MECFS",0,0,0,0,0,NA,"NA",NA,NA,NA,4,5,NA,NA,NA,NA,"NS"
"Q06033","HexNAc.6.Hex.7.NeuAc.2.Fuc.1....N...rare1","Healthy","MECFS",0,0,0,0,0,NA,"NA",NA,NA,NA,4,5,NA,NA,NA,NA,"NS"
"Q08380","HexNAc.2.Hex.10....N...rare1","Healthy","MECFS",0,0,0,0,0,NA,"NA",NA,NA,NA,5,4,NA,NA,NA,NA,"NS"
"Q08380","HexNAc.2.Hex.5....N...rare1","Healthy","MECFS",0,0,0,0,0,NA,"NA",NA,NA,NA,5,4,NA,NA,NA,NA,"NS"
"Q08380","HexNAc.2.Hex.6....N...rare1","Healthy","MECFS",0,0,0,0,0,NA,"NA",NA,NA,NA,5,4,NA,NA,NA,NA,"NS"
"Q08380","HexNAc.2.Hex.7....N...rare1","Healthy","MECFS",0,0,0,0,0,NA,"NA",NA,NA,NA,5,4,NA,NA,NA,NA,"NS"
"Q08380","HexNAc.2.Hex.8....N...rare1","Healthy","MECFS",0,0,0,0,0,NA,"NA",NA,NA,NA,5,4,NA,NA,NA,NA,"NS"
"Q08380","HexNAc.2.Hex.9....N...rare1","Healthy","MECFS",0,0,0,0,0,NA,"NA",NA,NA,NA,5,4,NA,NA,NA,NA,"NS"
"Q08380","HexNAc.3.Hex.4.NeuAc.1....N...rare1","Healthy","MECFS",0,0,0,0,0,NA,"NA",NA,NA,NA,5,4,NA,NA,NA,NA,"NS"
"Q08380","HexNAc.3.Hex.4.NeuAc.1.Fuc.1....N...rare1","Healthy","MECFS",0,0,0,0,0,NA,"NA",NA,NA,NA,5,4,NA,NA,NA,NA,"NS"
"Q08380","HexNAc.3.Hex.5....N...rare1","Healthy","MECFS",0,0,0,0,0,NA,"NA",NA,NA,NA,5,4,NA,NA,NA,NA,"NS"
"Q08380","HexNAc.3.Hex.5.NeuAc.1....N...rare1","Healthy","MECFS",0,0,0,0,0,NA,"NA",NA,NA,NA,5,4,NA,NA,NA,NA,"NS"
"Q08380","HexNAc.3.Hex.6....N...rare1","Healthy","MECFS",0,0,0,0,0,NA,"NA",NA,NA,NA,5,4,NA,NA,NA,NA,"NS"
"Q08380","HexNAc.3.Hex.6.NeuAc.1....N...rare1","Healthy","MECFS",0,0,0,0,0,NA,"NA",NA,NA,NA,5,4,NA,NA,NA,NA,"NS"
"Q08380","HexNAc.4.Hex.3....N...rare1","Healthy","MECFS",0,0,0,0,0,NA,"NA",NA,NA,NA,5,4,NA,NA,NA,NA,"NS"
"Q08380","HexNAc.4.Hex.3.Fuc.1....N...rare1","Healthy","MECFS",0,0,0,0,0,NA,"NA",NA,NA,NA,5,4,NA,NA,NA,NA,"NS"
"Q08380","HexNAc.4.Hex.4....N...rare1","Healthy","MECFS",0,0,0,0,0,NA,"NA",NA,NA,NA,5,4,NA,NA,NA,NA,"NS"
"Q08380","HexNAc.4.Hex.4.Fuc.1....N...rare1","Healthy","MECFS",0,0,0,0,0,NA,"NA",NA,NA,NA,5,4,NA,NA,NA,NA,"NS"
"Q08380","HexNAc.4.Hex.4.NeuAc.1....N...rare1","Healthy","MECFS",0,0,0,0,0,NA,"NA",NA,NA,NA,5,4,NA,NA,NA,NA,"NS"
"Q08380","HexNAc.4.Hex.5....N...rare1","Healthy","MECFS",0,0,0,0,0,NA,"NA",NA,NA,NA,5,4,NA,NA,NA,NA,"NS"
"Q08380","HexNAc.4.Hex.5.Fuc.1....N...rare1","Healthy","MECFS",0,0,0,0,0,NA,"NA",NA,NA,NA,5,4,NA,NA,NA,NA,"NS"
"Q08380","HexNAc.4.Hex.6.NeuAc.1....N...rare1","Healthy","MECFS",0,0,0,0,0,NA,"NA",NA,NA,NA,5,4,NA,NA,NA,NA,"NS"
"Q08380","HexNAc.5.Hex.3....N...rare1","Healthy","MECFS",0,0,0,0,0,NA,"NA",NA,NA,NA,5,4,NA,NA,NA,NA,"NS"
"Q08380","HexNAc.5.Hex.3.Fuc.1....N...rare1","Healthy","MECFS",0,0,0,0,0,NA,"NA",NA,NA,NA,5,4,NA,NA,NA,NA,"NS"
"Q08380","HexNAc.5.Hex.4....N...rare1","Healthy","MECFS",0,0,0,0,0,NA,"NA",NA,NA,NA,5,4,NA,NA,NA,NA,"NS"
"Q08380","HexNAc.5.Hex.4.Fuc.1....N...rare1","Healthy","MECFS",0,0,0,0,0,NA,"NA",NA,NA,NA,5,4,NA,NA,NA,NA,"NS"
"Q08380","HexNAc.5.Hex.4.NeuAc.1....N...rare1","Healthy","MECFS",0,0,0,0,0,NA,"NA",NA,NA,NA,5,4,NA,NA,NA,NA,"NS"
"Q08380","HexNAc.5.Hex.4.NeuAc.1.Fuc.1....N...rare1","Healthy","MECFS",0,0,0,0,0,NA,"NA",NA,NA,NA,5,4,NA,NA,NA,NA,"NS"
"Q08380","HexNAc.5.Hex.5....N...rare1","Healthy","MECFS",0,0,0,0,0,NA,"NA",NA,NA,NA,5,4,NA,NA,NA,NA,"NS"
"Q08380","HexNAc.5.Hex.5.Fuc.1....N...rare1","Healthy","MECFS",0,0,0,0,0,NA,"NA",NA,NA,NA,5,4,NA,NA,NA,NA,"NS"
"Q08380","HexNAc.5.Hex.5.NeuAc.1....N...rare1","Healthy","MECFS",0,0,0,0,0,NA,"NA",NA,NA,NA,5,4,NA,NA,NA,NA,"NS"
"Q08380","HexNAc.5.Hex.5.NeuAc.1.Fuc.1....N...rare1","Healthy","MECFS",0,0,0,0,0,NA,"NA",NA,NA,NA,5,4,NA,NA,NA,NA,"NS"
"Q08380","HexNAc.5.Hex.5.NeuAc.2.Fuc.1....N...rare1","Healthy","MECFS",0,0,0,0,0,NA,"NA",NA,NA,NA,5,4,NA,NA,NA,NA,"NS"
"Q08380","HexNAc.5.Hex.6.NeuAc.1....N...rare1","Healthy","MECFS",0,0,0,0,0,NA,"NA",NA,NA,NA,5,4,NA,NA,NA,NA,"NS"
"Q08380","HexNAc.5.Hex.6.NeuAc.2....N...rare1","Healthy","MECFS",0,0,0,0,0,NA,"NA",NA,NA,NA,5,4,NA,NA,NA,NA,"NS"
"Q08380","HexNAc.5.Hex.6.NeuAc.2.Fuc.1....N...rare1","Healthy","MECFS",0,0,0,0,0,NA,"NA",NA,NA,NA,5,4,NA,NA,NA,NA,"NS"
"Q08380","HexNAc.5.Hex.6.NeuAc.3....N...rare1","Healthy","MECFS",0,0,0,0,0,NA,"NA",NA,NA,NA,5,4,NA,NA,NA,NA,"NS"
"Q08380","HexNAc.6.Hex.7.NeuAc.1....N...rare1","Healthy","MECFS",0,0,0,0,0,NA,"NA",NA,NA,NA,5,4,NA,NA,NA,NA,"NS"
"Q08380","HexNAc.6.Hex.7.NeuAc.2.Fuc.1....N...rare1","Healthy","MECFS",0,0,0,0,0,NA,"NA",NA,NA,NA,5,4,NA,NA,NA,NA,"NS"
"Q14624","HexNAc.2.Hex.10....N...rare1","Healthy","MECFS",0,0,0,0,0,NA,"NA",NA,NA,NA,5,5,NA,NA,NA,NA,"NS"
"Q14624","HexNAc.2.Hex.5....N...rare1","Healthy","MECFS",0,0,0,0,0,NA,"NA",NA,NA,NA,5,5,NA,NA,NA,NA,"NS"
"Q14624","HexNAc.2.Hex.6....N...rare1","Healthy","MECFS",0,0,0,0,0,NA,"NA",NA,NA,NA,5,5,NA,NA,NA,NA,"NS"
"Q14624","HexNAc.2.Hex.7....N...rare1","Healthy","MECFS",0,0,0,0,0,NA,"NA",NA,NA,NA,5,5,NA,NA,NA,NA,"NS"
"Q14624","HexNAc.2.Hex.8....N...rare1","Healthy","MECFS",0,0,0,0,0,NA,"NA",NA,NA,NA,5,5,NA,NA,NA,NA,"NS"
"Q14624","HexNAc.2.Hex.9....N...rare1","Healthy","MECFS",0,0,0,0,0,NA,"NA",NA,NA,NA,5,5,NA,NA,NA,NA,"NS"
"Q14624","HexNAc.3.Hex.4.NeuAc.1....N...rare1","Healthy","MECFS",0,0,0,0,0,NA,"NA",NA,NA,NA,5,5,NA,NA,NA,NA,"NS"
"Q14624","HexNAc.3.Hex.4.NeuAc.1.Fuc.1....N...rare1","Healthy","MECFS",0,0,0,0,0,NA,"NA",NA,NA,NA,5,5,NA,NA,NA,NA,"NS"
"Q14624","HexNAc.3.Hex.5....N...rare1","Healthy","MECFS",0,0,0,0,0,NA,"NA",NA,NA,NA,5,5,NA,NA,NA,NA,"NS"
"Q14624","HexNAc.3.Hex.5.NeuAc.1....N...rare1","Healthy","MECFS",0,0,0,0,0,NA,"NA",NA,NA,NA,5,5,NA,NA,NA,NA,"NS"
"Q14624","HexNAc.3.Hex.6....N...rare1","Healthy","MECFS",0,0,0,0,0,NA,"NA",NA,NA,NA,5,5,NA,NA,NA,NA,"NS"
"Q14624","HexNAc.3.Hex.6.NeuAc.1....N...rare1","Healthy","MECFS",0,0,0,0,0,NA,"NA",NA,NA,NA,5,5,NA,NA,NA,NA,"NS"
"Q14624","HexNAc.4.Hex.3....N...rare1","Healthy","MECFS",0,0,0,0,0,NA,"NA",NA,NA,NA,5,5,NA,NA,NA,NA,"NS"
"Q14624","HexNAc.4.Hex.3.Fuc.1....N...rare1","Healthy","MECFS",0,0,0,0,0,NA,"NA",NA,NA,NA,5,5,NA,NA,NA,NA,"NS"
"Q14624","HexNAc.4.Hex.4....N...rare1","Healthy","MECFS",0,0,0,0,0,NA,"NA",NA,NA,NA,5,5,NA,NA,NA,NA,"NS"
"Q14624","HexNAc.4.Hex.4.Fuc.1....N...rare1","Healthy","MECFS",0,0,0,0,0,NA,"NA",NA,NA,NA,5,5,NA,NA,NA,NA,"NS"
"Q14624","HexNAc.4.Hex.4.NeuAc.1....N...rare1","Healthy","MECFS",0,0,0,0,0,NA,"NA",NA,NA,NA,5,5,NA,NA,NA,NA,"NS"
"Q14624","HexNAc.4.Hex.5....N...rare1","Healthy","MECFS",0,0,0,0,0,NA,"NA",NA,NA,NA,5,5,NA,NA,NA,NA,"NS"
"Q14624","HexNAc.4.Hex.5.Fuc.1....N...rare1","Healthy","MECFS",0,0,0,0,0,NA,"NA",NA,NA,NA,5,5,NA,NA,NA,NA,"NS"
"Q14624","HexNAc.4.Hex.5.NeuAc.1.Fuc.1....N...rare1","Healthy","MECFS",0,0,0,0,0,NA,"NA",NA,NA,NA,5,5,NA,NA,NA,NA,"NS"
"Q14624","HexNAc.4.Hex.6.NeuAc.1....N...rare1","Healthy","MECFS",0,0,0,0,0,NA,"NA",NA,NA,NA,5,5,NA,NA,NA,NA,"NS"
"Q14624","HexNAc.5.Hex.3....N...rare1","Healthy","MECFS",0,0,0,0,0,NA,"NA",NA,NA,NA,5,5,NA,NA,NA,NA,"NS"
"Q14624","HexNAc.5.Hex.3.Fuc.1....N...rare1","Healthy","MECFS",0,0,0,0,0,NA,"NA",NA,NA,NA,5,5,NA,NA,NA,NA,"NS"
"Q14624","HexNAc.5.Hex.4....N...rare1","Healthy","MECFS",0,0,0,0,0,NA,"NA",NA,NA,NA,5,5,NA,NA,NA,NA,"NS"
"Q14624","HexNAc.5.Hex.4.Fuc.1....N...rare1","Healthy","MECFS",0,0,0,0,0,NA,"NA",NA,NA,NA,5,5,NA,NA,NA,NA,"NS"
"Q14624","HexNAc.5.Hex.4.NeuAc.1....N...rare1","Healthy","MECFS",0,0,0,0,0,NA,"NA",NA,NA,NA,5,5,NA,NA,NA,NA,"NS"
"Q14624","HexNAc.5.Hex.4.NeuAc.1.Fuc.1....N...rare1","Healthy","MECFS",0,0,0,0,0,NA,"NA",NA,NA,NA,5,5,NA,NA,NA,NA,"NS"
"Q14624","HexNAc.5.Hex.5....N...rare1","Healthy","MECFS",0,0,0,0,0,NA,"NA",NA,NA,NA,5,5,NA,NA,NA,NA,"NS"
"Q14624","HexNAc.5.Hex.5.Fuc.1....N...rare1","Healthy","MECFS",0,0,0,0,0,NA,"NA",NA,NA,NA,5,5,NA,NA,NA,NA,"NS"
"Q14624","HexNAc.5.Hex.5.NeuAc.1....N...rare1","Healthy","MECFS",0,0,0,0,0,NA,"NA",NA,NA,NA,5,5,NA,NA,NA,NA,"NS"
"Q14624","HexNAc.5.Hex.5.NeuAc.1.Fuc.1....N...rare1","Healthy","MECFS",0,0,0,0,0,NA,"NA",NA,NA,NA,5,5,NA,NA,NA,NA,"NS"
"Q14624","HexNAc.5.Hex.5.NeuAc.2.Fuc.1....N...rare1","Healthy","MECFS",0,0,0,0,0,NA,"NA",NA,NA,NA,5,5,NA,NA,NA,NA,"NS"
"Q14624","HexNAc.5.Hex.6.NeuAc.1....N...rare1","Healthy","MECFS",0,0,0,0,0,NA,"NA",NA,NA,NA,5,5,NA,NA,NA,NA,"NS"
"Q14624","HexNAc.5.Hex.6.NeuAc.2....N...rare1","Healthy","MECFS",0,0,0,0,0,NA,"NA",NA,NA,NA,5,5,NA,NA,NA,NA,"NS"
"Q14624","HexNAc.5.Hex.6.NeuAc.2.Fuc.1....N...rare1","Healthy","MECFS",0,0,0,0,0,NA,"NA",NA,NA,NA,5,5,NA,NA,NA,NA,"NS"
"Q14624","HexNAc.5.Hex.6.NeuAc.3....N...rare1","Healthy","MECFS",0,0,0,0,0,NA,"NA",NA,NA,NA,5,5,NA,NA,NA,NA,"NS"
"Q14624","HexNAc.6.Hex.7.NeuAc.1....N...rare1","Healthy","MECFS",0,0,0,0,0,NA,"NA",NA,NA,NA,5,5,NA,NA,NA,NA,"NS"
"Q14624","HexNAc.6.Hex.7.NeuAc.2.Fuc.1....N...rare1","Healthy","MECFS",0,0,0,0,0,NA,"NA",NA,NA,NA,5,5,NA,NA,NA,NA,"NS"
"Q16610","HexNAc.2.Hex.10....N...rare1","Healthy","MECFS",0,0,0,0,0,NA,"NA",NA,NA,NA,5,5,NA,NA,NA,NA,"NS"
"Q16610","HexNAc.2.Hex.5....N...rare1","Healthy","MECFS",0,0,0,0,0,NA,"NA",NA,NA,NA,5,5,NA,NA,NA,NA,"NS"
"Q16610","HexNAc.2.Hex.6....N...rare1","Healthy","MECFS",0,0,0,0,0,NA,"NA",NA,NA,NA,5,5,NA,NA,NA,NA,"NS"
"Q16610","HexNAc.2.Hex.7....N...rare1","Healthy","MECFS",0,0,0,0,0,NA,"NA",NA,NA,NA,5,5,NA,NA,NA,NA,"NS"
"Q16610","HexNAc.2.Hex.8....N...rare1","Healthy","MECFS",0,0,0,0,0,NA,"NA",NA,NA,NA,5,5,NA,NA,NA,NA,"NS"
"Q16610","HexNAc.2.Hex.9....N...rare1","Healthy","MECFS",0,0,0,0,0,NA,"NA",NA,NA,NA,5,5,NA,NA,NA,NA,"NS"
"Q16610","HexNAc.3.Hex.4.NeuAc.1....N...rare1","Healthy","MECFS",0,0,0,0,0,NA,"NA",NA,NA,NA,5,5,NA,NA,NA,NA,"NS"
"Q16610","HexNAc.3.Hex.4.NeuAc.1.Fuc.1....N...rare1","Healthy","MECFS",0,0,0,0,0,NA,"NA",NA,NA,NA,5,5,NA,NA,NA,NA,"NS"
"Q16610","HexNAc.3.Hex.5....N...rare1","Healthy","MECFS",0,0,0,0,0,NA,"NA",NA,NA,NA,5,5,NA,NA,NA,NA,"NS"
"Q16610","HexNAc.3.Hex.5.NeuAc.1....N...rare1","Healthy","MECFS",0,0,0,0,0,NA,"NA",NA,NA,NA,5,5,NA,NA,NA,NA,"NS"
"Q16610","HexNAc.3.Hex.6....N...rare1","Healthy","MECFS",0,0,0,0,0,NA,"NA",NA,NA,NA,5,5,NA,NA,NA,NA,"NS"
"Q16610","HexNAc.3.Hex.6.NeuAc.1....N...rare1","Healthy","MECFS",0,0,0,0,0,NA,"NA",NA,NA,NA,5,5,NA,NA,NA,NA,"NS"
"Q16610","HexNAc.4.Hex.3....N...rare1","Healthy","MECFS",0,0,0,0,0,NA,"NA",NA,NA,NA,5,5,NA,NA,NA,NA,"NS"
"Q16610","HexNAc.4.Hex.3.Fuc.1....N...rare1","Healthy","MECFS",0,0,0,0,0,NA,"NA",NA,NA,NA,5,5,NA,NA,NA,NA,"NS"
"Q16610","HexNAc.4.Hex.4....N...rare1","Healthy","MECFS",0,0,0,0,0,NA,"NA",NA,NA,NA,5,5,NA,NA,NA,NA,"NS"
"Q16610","HexNAc.4.Hex.4.Fuc.1....N...rare1","Healthy","MECFS",0,0,0,0,0,NA,"NA",NA,NA,NA,5,5,NA,NA,NA,NA,"NS"
"Q16610","HexNAc.4.Hex.4.NeuAc.1....N...rare1","Healthy","MECFS",0,0,0,0,0,NA,"NA",NA,NA,NA,5,5,NA,NA,NA,NA,"NS"
"Q16610","HexNAc.4.Hex.5....N...rare1","Healthy","MECFS",0,0,0,0,0,NA,"NA",NA,NA,NA,5,5,NA,NA,NA,NA,"NS"
"Q16610","HexNAc.4.Hex.5.Fuc.1....N...rare1","Healthy","MECFS",0,0,0,0,0,NA,"NA",NA,NA,NA,5,5,NA,NA,NA,NA,"NS"
"Q16610","HexNAc.4.Hex.5.NeuAc.1....N...rare1","Healthy","MECFS",0,0,0,0,0,NA,"NA",NA,NA,NA,5,5,NA,NA,NA,NA,"NS"
"Q16610","HexNAc.4.Hex.5.NeuAc.2....N...rare1","Healthy","MECFS",0,0,0,0,0,NA,"NA",NA,NA,NA,5,5,NA,NA,NA,NA,"NS"
"Q16610","HexNAc.4.Hex.6.NeuAc.1....N...rare1","Healthy","MECFS",0,0,0,0,0,NA,"NA",NA,NA,NA,5,5,NA,NA,NA,NA,"NS"
"Q16610","HexNAc.5.Hex.3....N...rare1","Healthy","MECFS",0,0,0,0,0,NA,"NA",NA,NA,NA,5,5,NA,NA,NA,NA,"NS"
"Q16610","HexNAc.5.Hex.3.Fuc.1....N...rare1","Healthy","MECFS",0,0,0,0,0,NA,"NA",NA,NA,NA,5,5,NA,NA,NA,NA,"NS"
"Q16610","HexNAc.5.Hex.4....N...rare1","Healthy","MECFS",0,0,0,0,0,NA,"NA",NA,NA,NA,5,5,NA,NA,NA,NA,"NS"
"Q16610","HexNAc.5.Hex.4.Fuc.1....N...rare1","Healthy","MECFS",0,0,0,0,0,NA,"NA",NA,NA,NA,5,5,NA,NA,NA,NA,"NS"
"Q16610","HexNAc.5.Hex.4.NeuAc.1....N...rare1","Healthy","MECFS",0,0,0,0,0,NA,"NA",NA,NA,NA,5,5,NA,NA,NA,NA,"NS"
"Q16610","HexNAc.5.Hex.4.NeuAc.1.Fuc.1....N...rare1","Healthy","MECFS",0,0,0,0,0,NA,"NA",NA,NA,NA,5,5,NA,NA,NA,NA,"NS"
"Q16610","HexNAc.5.Hex.5....N...rare1","Healthy","MECFS",0,0,0,0,0,NA,"NA",NA,NA,NA,5,5,NA,NA,NA,NA,"NS"
"Q16610","HexNAc.5.Hex.5.Fuc.1....N...rare1","Healthy","MECFS",0,0,0,0,0,NA,"NA",NA,NA,NA,5,5,NA,NA,NA,NA,"NS"
"Q16610","HexNAc.5.Hex.5.NeuAc.1....N...rare1","Healthy","MECFS",0,0,0,0,0,NA,"NA",NA,NA,NA,5,5,NA,NA,NA,NA,"NS"
"Q16610","HexNAc.5.Hex.5.NeuAc.1.Fuc.1....N...rare1","Healthy","MECFS",0,0,0,0,0,NA,"NA",NA,NA,NA,5,5,NA,NA,NA,NA,"NS"
"Q16610","HexNAc.5.Hex.5.NeuAc.2.Fuc.1....N...rare1","Healthy","MECFS",0,0,0,0,0,NA,"NA",NA,NA,NA,5,5,NA,NA,NA,NA,"NS"
"Q16610","HexNAc.5.Hex.6.NeuAc.1....N...rare1","Healthy","MECFS",0,0,0,0,0,NA,"NA",NA,NA,NA,5,5,NA,NA,NA,NA,"NS"
"Q16610","HexNAc.5.Hex.6.NeuAc.2....N...rare1","Healthy","MECFS",0,0,0,0,0,NA,"NA",NA,NA,NA,5,5,NA,NA,NA,NA,"NS"
"Q16610","HexNAc.5.Hex.6.NeuAc.2.Fuc.1....N...rare1","Healthy","MECFS",0,0,0,0,0,NA,"NA",NA,NA,NA,5,5,NA,NA,NA,NA,"NS"
"Q16610","HexNAc.5.Hex.6.NeuAc.3....N...rare1","Healthy","MECFS",0,0,0,0,0,NA,"NA",NA,NA,NA,5,5,NA,NA,NA,NA,"NS"
"Q16610","HexNAc.6.Hex.7.NeuAc.1....N...rare1","Healthy","MECFS",0,0,0,0,0,NA,"NA",NA,NA,NA,5,5,NA,NA,NA,NA,"NS"
"Q16610","HexNAc.6.Hex.7.NeuAc.2.Fuc.1....N...rare1","Healthy","MECFS",0,0,0,0,0,NA,"NA",NA,NA,NA,5,5,NA,NA,NA,NA,"NS"
"Q6EMK4","HexNAc.2.Hex.10....N...rare1","Healthy","MECFS",0,0,0,0,0,NA,"NA",NA,NA,NA,5,4,NA,NA,NA,NA,"NS"
"Q6EMK4","HexNAc.2.Hex.5....N...rare1","Healthy","MECFS",0,0,0,0,0,NA,"NA",NA,NA,NA,5,4,NA,NA,NA,NA,"NS"
"Q6EMK4","HexNAc.2.Hex.6....N...rare1","Healthy","MECFS",0,0,0,0,0,NA,"NA",NA,NA,NA,5,4,NA,NA,NA,NA,"NS"
"Q6EMK4","HexNAc.2.Hex.7....N...rare1","Healthy","MECFS",0,0,0,0,0,NA,"NA",NA,NA,NA,5,4,NA,NA,NA,NA,"NS"
"Q6EMK4","HexNAc.2.Hex.8....N...rare1","Healthy","MECFS",0,0,0,0,0,NA,"NA",NA,NA,NA,5,4,NA,NA,NA,NA,"NS"
"Q6EMK4","HexNAc.2.Hex.9....N...rare1","Healthy","MECFS",0,0,0,0,0,NA,"NA",NA,NA,NA,5,4,NA,NA,NA,NA,"NS"
"Q6EMK4","HexNAc.3.Hex.4.NeuAc.1....N...rare1","Healthy","MECFS",0,0,0,0,0,NA,"NA",NA,NA,NA,5,4,NA,NA,NA,NA,"NS"
"Q6EMK4","HexNAc.3.Hex.4.NeuAc.1.Fuc.1....N...rare1","Healthy","MECFS",0,0,0,0,0,NA,"NA",NA,NA,NA,5,4,NA,NA,NA,NA,"NS"
"Q6EMK4","HexNAc.3.Hex.5....N...rare1","Healthy","MECFS",0,0,0,0,0,NA,"NA",NA,NA,NA,5,4,NA,NA,NA,NA,"NS"
"Q6EMK4","HexNAc.3.Hex.5.NeuAc.1....N...rare1","Healthy","MECFS",0,0,0,0,0,NA,"NA",NA,NA,NA,5,4,NA,NA,NA,NA,"NS"
"Q6EMK4","HexNAc.3.Hex.6....N...rare1","Healthy","MECFS",0,0,0,0,0,NA,"NA",NA,NA,NA,5,4,NA,NA,NA,NA,"NS"
"Q6EMK4","HexNAc.3.Hex.6.NeuAc.1....N...rare1","Healthy","MECFS",0,0,0,0,0,NA,"NA",NA,NA,NA,5,4,NA,NA,NA,NA,"NS"
"Q6EMK4","HexNAc.4.Hex.3....N...rare1","Healthy","MECFS",0,0,0,0,0,NA,"NA",NA,NA,NA,5,4,NA,NA,NA,NA,"NS"
"Q6EMK4","HexNAc.4.Hex.3.Fuc.1....N...rare1","Healthy","MECFS",0,0,0,0,0,NA,"NA",NA,NA,NA,5,4,NA,NA,NA,NA,"NS"
"Q6EMK4","HexNAc.4.Hex.4....N...rare1","Healthy","MECFS",0,0,0,0,0,NA,"NA",NA,NA,NA,5,4,NA,NA,NA,NA,"NS"
"Q6EMK4","HexNAc.4.Hex.4.Fuc.1....N...rare1","Healthy","MECFS",0,0,0,0,0,NA,"NA",NA,NA,NA,5,4,NA,NA,NA,NA,"NS"
"Q6EMK4","HexNAc.4.Hex.4.NeuAc.1....N...rare1","Healthy","MECFS",0,0,0,0,0,NA,"NA",NA,NA,NA,5,4,NA,NA,NA,NA,"NS"
"Q6EMK4","HexNAc.4.Hex.5....N...rare1","Healthy","MECFS",0,0,0,0,0,NA,"NA",NA,NA,NA,5,4,NA,NA,NA,NA,"NS"
"Q6EMK4","HexNAc.4.Hex.5.Fuc.1....N...rare1","Healthy","MECFS",0,0,0,0,0,NA,"NA",NA,NA,NA,5,4,NA,NA,NA,NA,"NS"
"Q6EMK4","HexNAc.4.Hex.5.NeuAc.1....N...rare1","Healthy","MECFS",0,0,0,0,0,NA,"NA",NA,NA,NA,5,4,NA,NA,NA,NA,"NS"
"Q6EMK4","HexNAc.4.Hex.5.NeuAc.1.Fuc.1....N...rare1","Healthy","MECFS",0,0,0,0,0,NA,"NA",NA,NA,NA,5,4,NA,NA,NA,NA,"NS"
"Q6EMK4","HexNAc.4.Hex.5.NeuAc.2....N...rare1","Healthy","MECFS",0,0,0,0,0,NA,"NA",NA,NA,NA,5,4,NA,NA,NA,NA,"NS"
"Q6EMK4","HexNAc.4.Hex.5.NeuAc.2.Fuc.1....N...rare1","Healthy","MECFS",0,0,0,0,0,NA,"NA",NA,NA,NA,5,4,NA,NA,NA,NA,"NS"
"Q6EMK4","HexNAc.4.Hex.6.NeuAc.1....N...rare1","Healthy","MECFS",0,0,0,0,0,NA,"NA",NA,NA,NA,5,4,NA,NA,NA,NA,"NS"
"Q6EMK4","HexNAc.5.Hex.3....N...rare1","Healthy","MECFS",0,0,0,0,0,NA,"NA",NA,NA,NA,5,4,NA,NA,NA,NA,"NS"
"Q6EMK4","HexNAc.5.Hex.3.Fuc.1....N...rare1","Healthy","MECFS",0,0,0,0,0,NA,"NA",NA,NA,NA,5,4,NA,NA,NA,NA,"NS"
"Q6EMK4","HexNAc.5.Hex.4....N...rare1","Healthy","MECFS",0,0,0,0,0,NA,"NA",NA,NA,NA,5,4,NA,NA,NA,NA,"NS"
"Q6EMK4","HexNAc.5.Hex.4.Fuc.1....N...rare1","Healthy","MECFS",0,0,0,0,0,NA,"NA",NA,NA,NA,5,4,NA,NA,NA,NA,"NS"
"Q6EMK4","HexNAc.5.Hex.4.NeuAc.1....N...rare1","Healthy","MECFS",0,0,0,0,0,NA,"NA",NA,NA,NA,5,4,NA,NA,NA,NA,"NS"
"Q6EMK4","HexNAc.5.Hex.4.NeuAc.1.Fuc.1....N...rare1","Healthy","MECFS",0,0,0,0,0,NA,"NA",NA,NA,NA,5,4,NA,NA,NA,NA,"NS"
"Q6EMK4","HexNAc.5.Hex.5....N...rare1","Healthy","MECFS",0,0,0,0,0,NA,"NA",NA,NA,NA,5,4,NA,NA,NA,NA,"NS"
"Q6EMK4","HexNAc.5.Hex.5.Fuc.1....N...rare1","Healthy","MECFS",0,0,0,0,0,NA,"NA",NA,NA,NA,5,4,NA,NA,NA,NA,"NS"
"Q6EMK4","HexNAc.5.Hex.5.NeuAc.1....N...rare1","Healthy","MECFS",0,0,0,0,0,NA,"NA",NA,NA,NA,5,4,NA,NA,NA,NA,"NS"
"Q6EMK4","HexNAc.5.Hex.5.NeuAc.1.Fuc.1....N...rare1","Healthy","MECFS",0,0,0,0,0,NA,"NA",NA,NA,NA,5,4,NA,NA,NA,NA,"NS"
"Q6EMK4","HexNAc.5.Hex.5.NeuAc.2.Fuc.1....N...rare1","Healthy","MECFS",0,0,0,0,0,NA,"NA",NA,NA,NA,5,4,NA,NA,NA,NA,"NS"
"Q6EMK4","HexNAc.5.Hex.6.NeuAc.1....N...rare1","Healthy","MECFS",0,0,0,0,0,NA,"NA",NA,NA,NA,5,4,NA,NA,NA,NA,"NS"
"Q6EMK4","HexNAc.5.Hex.6.NeuAc.2....N...rare1","Healthy","MECFS",0,0,0,0,0,NA,"NA",NA,NA,NA,5,4,NA,NA,NA,NA,"NS"
"Q6EMK4","HexNAc.5.Hex.6.NeuAc.2.Fuc.1....N...rare1","Healthy","MECFS",0,0,0,0,0,NA,"NA",NA,NA,NA,5,4,NA,NA,NA,NA,"NS"
"Q6EMK4","HexNAc.5.Hex.6.NeuAc.3....N...rare1","Healthy","MECFS",0,0,0,0,0,NA,"NA",NA,NA,NA,5,4,NA,NA,NA,NA,"NS"
"Q6EMK4","HexNAc.6.Hex.7.NeuAc.1....N...rare1","Healthy","MECFS",0,0,0,0,0,NA,"NA",NA,NA,NA,5,4,NA,NA,NA,NA,"NS"
"Q6EMK4","HexNAc.6.Hex.7.NeuAc.2.Fuc.1....N...rare1","Healthy","MECFS",0,0,0,0,0,NA,"NA",NA,NA,NA,5,4,NA,NA,NA,NA,"NS"
"Q96KN2","HexNAc.2.Hex.10....N...rare1","Healthy","MECFS",0,0,0,0,0,NA,"NA",NA,NA,NA,5,5,NA,NA,NA,NA,"NS"
"Q96KN2","HexNAc.2.Hex.5....N...rare1","Healthy","MECFS",0,0,0,0,0,NA,"NA",NA,NA,NA,5,5,NA,NA,NA,NA,"NS"
"Q96KN2","HexNAc.2.Hex.6....N...rare1","Healthy","MECFS",0,0,0,0,0,NA,"NA",NA,NA,NA,5,5,NA,NA,NA,NA,"NS"
"Q96KN2","HexNAc.2.Hex.7....N...rare1","Healthy","MECFS",0,0,0,0,0,NA,"NA",NA,NA,NA,5,5,NA,NA,NA,NA,"NS"
"Q96KN2","HexNAc.2.Hex.8....N...rare1","Healthy","MECFS",0,0,0,0,0,NA,"NA",NA,NA,NA,5,5,NA,NA,NA,NA,"NS"
"Q96KN2","HexNAc.2.Hex.9....N...rare1","Healthy","MECFS",0,0,0,0,0,NA,"NA",NA,NA,NA,5,5,NA,NA,NA,NA,"NS"
"Q96KN2","HexNAc.3.Hex.4.NeuAc.1....N...rare1","Healthy","MECFS",0,0,0,0,0,NA,"NA",NA,NA,NA,5,5,NA,NA,NA,NA,"NS"
"Q96KN2","HexNAc.3.Hex.4.NeuAc.1.Fuc.1....N...rare1","Healthy","MECFS",0,0,0,0,0,NA,"NA",NA,NA,NA,5,5,NA,NA,NA,NA,"NS"
"Q96KN2","HexNAc.3.Hex.5....N...rare1","Healthy","MECFS",0,0,0,0,0,NA,"NA",NA,NA,NA,5,5,NA,NA,NA,NA,"NS"
"Q96KN2","HexNAc.3.Hex.5.NeuAc.1....N...rare1","Healthy","MECFS",0,0,0,0,0,NA,"NA",NA,NA,NA,5,5,NA,NA,NA,NA,"NS"
"Q96KN2","HexNAc.3.Hex.6....N...rare1","Healthy","MECFS",0,0,0,0,0,NA,"NA",NA,NA,NA,5,5,NA,NA,NA,NA,"NS"
"Q96KN2","HexNAc.3.Hex.6.NeuAc.1....N...rare1","Healthy","MECFS",0,0,0,0,0,NA,"NA",NA,NA,NA,5,5,NA,NA,NA,NA,"NS"
"Q96KN2","HexNAc.4.Hex.3....N...rare1","Healthy","MECFS",0,0,0,0,0,NA,"NA",NA,NA,NA,5,5,NA,NA,NA,NA,"NS"
"Q96KN2","HexNAc.4.Hex.3.Fuc.1....N...rare1","Healthy","MECFS",0,0,0,0,0,NA,"NA",NA,NA,NA,5,5,NA,NA,NA,NA,"NS"
"Q96KN2","HexNAc.4.Hex.4....N...rare1","Healthy","MECFS",0,0,0,0,0,NA,"NA",NA,NA,NA,5,5,NA,NA,NA,NA,"NS"
"Q96KN2","HexNAc.4.Hex.4.Fuc.1....N...rare1","Healthy","MECFS",0,0,0,0,0,NA,"NA",NA,NA,NA,5,5,NA,NA,NA,NA,"NS"
"Q96KN2","HexNAc.4.Hex.4.NeuAc.1....N...rare1","Healthy","MECFS",0,0,0,0,0,NA,"NA",NA,NA,NA,5,5,NA,NA,NA,NA,"NS"
"Q96KN2","HexNAc.4.Hex.5....N...rare1","Healthy","MECFS",0,0,0,0,0,NA,"NA",NA,NA,NA,5,5,NA,NA,NA,NA,"NS"
"Q96KN2","HexNAc.4.Hex.5.Fuc.1....N...rare1","Healthy","MECFS",0,0,0,0,0,NA,"NA",NA,NA,NA,5,5,NA,NA,NA,NA,"NS"
"Q96KN2","HexNAc.4.Hex.5.NeuAc.1....N...rare1","Healthy","MECFS",0,0,0,0,0,NA,"NA",NA,NA,NA,5,5,NA,NA,NA,NA,"NS"
"Q96KN2","HexNAc.4.Hex.5.NeuAc.1.Fuc.1....N...rare1","Healthy","MECFS",0,0,0,0,0,NA,"NA",NA,NA,NA,5,5,NA,NA,NA,NA,"NS"
"Q96KN2","HexNAc.4.Hex.5.NeuAc.2....N...rare1","Healthy","MECFS",0,0,0,0,0,NA,"NA",NA,NA,NA,5,5,NA,NA,NA,NA,"NS"
"Q96KN2","HexNAc.4.Hex.5.NeuAc.2.Fuc.1....N...rare1","Healthy","MECFS",0,0,0,0,0,NA,"NA",NA,NA,NA,5,5,NA,NA,NA,NA,"NS"
"Q96KN2","HexNAc.4.Hex.6.NeuAc.1....N...rare1","Healthy","MECFS",0,0,0,0,0,NA,"NA",NA,NA,NA,5,5,NA,NA,NA,NA,"NS"
"Q96KN2","HexNAc.5.Hex.3....N...rare1","Healthy","MECFS",0,0,0,0,0,NA,"NA",NA,NA,NA,5,5,NA,NA,NA,NA,"NS"
"Q96KN2","HexNAc.5.Hex.3.Fuc.1....N...rare1","Healthy","MECFS",0,0,0,0,0,NA,"NA",NA,NA,NA,5,5,NA,NA,NA,NA,"NS"
"Q96KN2","HexNAc.5.Hex.4....N...rare1","Healthy","MECFS",0,0,0,0,0,NA,"NA",NA,NA,NA,5,5,NA,NA,NA,NA,"NS"
"Q96KN2","HexNAc.5.Hex.4.Fuc.1....N...rare1","Healthy","MECFS",0,0,0,0,0,NA,"NA",NA,NA,NA,5,5,NA,NA,NA,NA,"NS"
"Q96KN2","HexNAc.5.Hex.4.NeuAc.1....N...rare1","Healthy","MECFS",0,0,0,0,0,NA,"NA",NA,NA,NA,5,5,NA,NA,NA,NA,"NS"
"Q96KN2","HexNAc.5.Hex.4.NeuAc.1.Fuc.1....N...rare1","Healthy","MECFS",0,0,0,0,0,NA,"NA",NA,NA,NA,5,5,NA,NA,NA,NA,"NS"
"Q96KN2","HexNAc.5.Hex.5....N...rare1","Healthy","MECFS",0,0,0,0,0,NA,"NA",NA,NA,NA,5,5,NA,NA,NA,NA,"NS"
"Q96KN2","HexNAc.5.Hex.5.Fuc.1....N...rare1","Healthy","MECFS",0,0,0,0,0,NA,"NA",NA,NA,NA,5,5,NA,NA,NA,NA,"NS"
"Q96KN2","HexNAc.5.Hex.5.NeuAc.1....N...rare1","Healthy","MECFS",0,0,0,0,0,NA,"NA",NA,NA,NA,5,5,NA,NA,NA,NA,"NS"
"Q96KN2","HexNAc.5.Hex.5.NeuAc.1.Fuc.1....N...rare1","Healthy","MECFS",0,0,0,0,0,NA,"NA",NA,NA,NA,5,5,NA,NA,NA,NA,"NS"
"Q96KN2","HexNAc.5.Hex.5.NeuAc.2.Fuc.1....N...rare1","Healthy","MECFS",0,0,0,0,0,NA,"NA",NA,NA,NA,5,5,NA,NA,NA,NA,"NS"
"Q96KN2","HexNAc.5.Hex.6.NeuAc.1....N...rare1","Healthy","MECFS",0,0,0,0,0,NA,"NA",NA,NA,NA,5,5,NA,NA,NA,NA,"NS"
"Q96KN2","HexNAc.5.Hex.6.NeuAc.2....N...rare1","Healthy","MECFS",0,0,0,0,0,NA,"NA",NA,NA,NA,5,5,NA,NA,NA,NA,"NS"
"Q96KN2","HexNAc.5.Hex.6.NeuAc.2.Fuc.1....N...rare1","Healthy","MECFS",0,0,0,0,0,NA,"NA",NA,NA,NA,5,5,NA,NA,NA,NA,"NS"
"Q96KN2","HexNAc.5.Hex.6.NeuAc.3....N...rare1","Healthy","MECFS",0,0,0,0,0,NA,"NA",NA,NA,NA,5,5,NA,NA,NA,NA,"NS"
"Q96KN2","HexNAc.6.Hex.7.NeuAc.1....N...rare1","Healthy","MECFS",0,0,0,0,0,NA,"NA",NA,NA,NA,5,5,NA,NA,NA,NA,"NS"
"Q96KN2","HexNAc.6.Hex.7.NeuAc.2.Fuc.1....N...rare1","Healthy","MECFS",0,0,0,0,0,NA,"NA",NA,NA,NA,5,5,NA,NA,NA,NA,"NS"
"Q9NZP8","HexNAc.2.Hex.10....N...rare1","Healthy","MECFS",0,0,0,0,0,NA,"NA",NA,NA,NA,5,5,NA,NA,NA,NA,"NS"
"Q9NZP8","HexNAc.2.Hex.5....N...rare1","Healthy","MECFS",0,0,0,0,0,NA,"NA",NA,NA,NA,5,5,NA,NA,NA,NA,"NS"
"Q9NZP8","HexNAc.2.Hex.6....N...rare1","Healthy","MECFS",0,0,0,0,0,NA,"NA",NA,NA,NA,5,5,NA,NA,NA,NA,"NS"
"Q9NZP8","HexNAc.2.Hex.7....N...rare1","Healthy","MECFS",0,0,0,0,0,NA,"NA",NA,NA,NA,5,5,NA,NA,NA,NA,"NS"
"Q9NZP8","HexNAc.2.Hex.8....N...rare1","Healthy","MECFS",0,0,0,0,0,NA,"NA",NA,NA,NA,5,5,NA,NA,NA,NA,"NS"
"Q9NZP8","HexNAc.2.Hex.9....N...rare1","Healthy","MECFS",0,0,0,0,0,NA,"NA",NA,NA,NA,5,5,NA,NA,NA,NA,"NS"
"Q9NZP8","HexNAc.3.Hex.4.NeuAc.1....N...rare1","Healthy","MECFS",0,0,0,0,0,NA,"NA",NA,NA,NA,5,5,NA,NA,NA,NA,"NS"
"Q9NZP8","HexNAc.3.Hex.4.NeuAc.1.Fuc.1....N...rare1","Healthy","MECFS",0,0,0,0,0,NA,"NA",NA,NA,NA,5,5,NA,NA,NA,NA,"NS"
"Q9NZP8","HexNAc.3.Hex.5....N...rare1","Healthy","MECFS",0,0,0,0,0,NA,"NA",NA,NA,NA,5,5,NA,NA,NA,NA,"NS"
"Q9NZP8","HexNAc.3.Hex.5.NeuAc.1....N...rare1","Healthy","MECFS",0,0,0,0,0,NA,"NA",NA,NA,NA,5,5,NA,NA,NA,NA,"NS"
"Q9NZP8","HexNAc.3.Hex.6....N...rare1","Healthy","MECFS",0,0,0,0,0,NA,"NA",NA,NA,NA,5,5,NA,NA,NA,NA,"NS"
"Q9NZP8","HexNAc.3.Hex.6.NeuAc.1....N...rare1","Healthy","MECFS",0,0,0,0,0,NA,"NA",NA,NA,NA,5,5,NA,NA,NA,NA,"NS"
"Q9NZP8","HexNAc.4.Hex.3....N...rare1","Healthy","MECFS",0,0,0,0,0,NA,"NA",NA,NA,NA,5,5,NA,NA,NA,NA,"NS"
"Q9NZP8","HexNAc.4.Hex.3.Fuc.1....N...rare1","Healthy","MECFS",0,0,0,0,0,NA,"NA",NA,NA,NA,5,5,NA,NA,NA,NA,"NS"
"Q9NZP8","HexNAc.4.Hex.4....N...rare1","Healthy","MECFS",0,0,0,0,0,NA,"NA",NA,NA,NA,5,5,NA,NA,NA,NA,"NS"
"Q9NZP8","HexNAc.4.Hex.4.Fuc.1....N...rare1","Healthy","MECFS",0,0,0,0,0,NA,"NA",NA,NA,NA,5,5,NA,NA,NA,NA,"NS"
"Q9NZP8","HexNAc.4.Hex.4.NeuAc.1....N...rare1","Healthy","MECFS",0,0,0,0,0,NA,"NA",NA,NA,NA,5,5,NA,NA,NA,NA,"NS"
"Q9NZP8","HexNAc.4.Hex.5....N...rare1","Healthy","MECFS",0,0,0,0,0,NA,"NA",NA,NA,NA,5,5,NA,NA,NA,NA,"NS"
"Q9NZP8","HexNAc.4.Hex.5.Fuc.1....N...rare1","Healthy","MECFS",0,0,0,0,0,NA,"NA",NA,NA,NA,5,5,NA,NA,NA,NA,"NS"
"Q9NZP8","HexNAc.4.Hex.5.NeuAc.1....N...rare1","Healthy","MECFS",0,0,0,0,0,NA,"NA",NA,NA,NA,5,5,NA,NA,NA,NA,"NS"
"Q9NZP8","HexNAc.4.Hex.5.NeuAc.1.Fuc.1....N...rare1","Healthy","MECFS",0,0,0,0,0,NA,"NA",NA,NA,NA,5,5,NA,NA,NA,NA,"NS"
"Q9NZP8","HexNAc.4.Hex.5.NeuAc.2....N...rare1","Healthy","MECFS",0,0,0,0,0,NA,"NA",NA,NA,NA,5,5,NA,NA,NA,NA,"NS"
"Q9NZP8","HexNAc.4.Hex.5.NeuAc.2.Fuc.1....N...rare1","Healthy","MECFS",0,0,0,0,0,NA,"NA",NA,NA,NA,5,5,NA,NA,NA,NA,"NS"
"Q9NZP8","HexNAc.4.Hex.6.NeuAc.1....N...rare1","Healthy","MECFS",0,0,0,0,0,NA,"NA",NA,NA,NA,5,5,NA,NA,NA,NA,"NS"
"Q9NZP8","HexNAc.5.Hex.3....N...rare1","Healthy","MECFS",0,0,0,0,0,NA,"NA",NA,NA,NA,5,5,NA,NA,NA,NA,"NS"
"Q9NZP8","HexNAc.5.Hex.3.Fuc.1....N...rare1","Healthy","MECFS",0,0,0,0,0,NA,"NA",NA,NA,NA,5,5,NA,NA,NA,NA,"NS"
"Q9NZP8","HexNAc.5.Hex.4....N...rare1","Healthy","MECFS",0,0,0,0,0,NA,"NA",NA,NA,NA,5,5,NA,NA,NA,NA,"NS"
"Q9NZP8","HexNAc.5.Hex.4.Fuc.1....N...rare1","Healthy","MECFS",0,0,0,0,0,NA,"NA",NA,NA,NA,5,5,NA,NA,NA,NA,"NS"
"Q9NZP8","HexNAc.5.Hex.4.NeuAc.1....N...rare1","Healthy","MECFS",0,0,0,0,0,NA,"NA",NA,NA,NA,5,5,NA,NA,NA,NA,"NS"
"Q9NZP8","HexNAc.5.Hex.4.NeuAc.1.Fuc.1....N...rare1","Healthy","MECFS",0,0,0,0,0,NA,"NA",NA,NA,NA,5,5,NA,NA,NA,NA,"NS"
"Q9NZP8","HexNAc.5.Hex.5....N...rare1","Healthy","MECFS",0,0,0,0,0,NA,"NA",NA,NA,NA,5,5,NA,NA,NA,NA,"NS"
"Q9NZP8","HexNAc.5.Hex.5.Fuc.1....N...rare1","Healthy","MECFS",0,0,0,0,0,NA,"NA",NA,NA,NA,5,5,NA,NA,NA,NA,"NS"
"Q9NZP8","HexNAc.5.Hex.5.NeuAc.1....N...rare1","Healthy","MECFS",0,0,0,0,0,NA,"NA",NA,NA,NA,5,5,NA,NA,NA,NA,"NS"
"Q9NZP8","HexNAc.5.Hex.5.NeuAc.1.Fuc.1....N...rare1","Healthy","MECFS",0,0,0,0,0,NA,"NA",NA,NA,NA,5,5,NA,NA,NA,NA,"NS"
"Q9NZP8","HexNAc.5.Hex.5.NeuAc.2.Fuc.1....N...rare1","Healthy","MECFS",0,0,0,0,0,NA,"NA",NA,NA,NA,5,5,NA,NA,NA,NA,"NS"
"Q9NZP8","HexNAc.5.Hex.6.NeuAc.1....N...rare1","Healthy","MECFS",0,0,0,0,0,NA,"NA",NA,NA,NA,5,5,NA,NA,NA,NA,"NS"
"Q9NZP8","HexNAc.5.Hex.6.NeuAc.2....N...rare1","Healthy","MECFS",0,0,0,0,0,NA,"NA",NA,NA,NA,5,5,NA,NA,NA,NA,"NS"
"Q9NZP8","HexNAc.5.Hex.6.NeuAc.2.Fuc.1....N...rare1","Healthy","MECFS",0,0,0,0,0,NA,"NA",NA,NA,NA,5,5,NA,NA,NA,NA,"NS"
"Q9NZP8","HexNAc.5.Hex.6.NeuAc.3....N...rare1","Healthy","MECFS",0,0,0,0,0,NA,"NA",NA,NA,NA,5,5,NA,NA,NA,NA,"NS"
"Q9NZP8","HexNAc.6.Hex.7.NeuAc.1....N...rare1","Healthy","MECFS",0,0,0,0,0,NA,"NA",NA,NA,NA,5,5,NA,NA,NA,NA,"NS"
"Q9NZP8","HexNAc.6.Hex.7.NeuAc.2.Fuc.1....N...rare1","Healthy","MECFS",0,0,0,0,0,NA,"NA",NA,NA,NA,5,5,NA,NA,NA,NA,"NS"
"Q9Y5Y7","HexNAc.2.Hex.10....N...rare1","Healthy","MECFS",0,0,0,0,0,NA,"NA",NA,NA,NA,5,5,NA,NA,NA,NA,"NS"
"Q9Y5Y7","HexNAc.2.Hex.5....N...rare1","Healthy","MECFS",0,0,0,0,0,NA,"NA",NA,NA,NA,5,5,NA,NA,NA,NA,"NS"
"Q9Y5Y7","HexNAc.2.Hex.6....N...rare1","Healthy","MECFS",0,0,0,0,0,NA,"NA",NA,NA,NA,5,5,NA,NA,NA,NA,"NS"
"Q9Y5Y7","HexNAc.2.Hex.7....N...rare1","Healthy","MECFS",0,0,0,0,0,NA,"NA",NA,NA,NA,5,5,NA,NA,NA,NA,"NS"
"Q9Y5Y7","HexNAc.2.Hex.8....N...rare1","Healthy","MECFS",0,0,0,0,0,NA,"NA",NA,NA,NA,5,5,NA,NA,NA,NA,"NS"
"Q9Y5Y7","HexNAc.2.Hex.9....N...rare1","Healthy","MECFS",0,0,0,0,0,NA,"NA",NA,NA,NA,5,5,NA,NA,NA,NA,"NS"
"Q9Y5Y7","HexNAc.3.Hex.4.NeuAc.1....N...rare1","Healthy","MECFS",0,0,0,0,0,NA,"NA",NA,NA,NA,5,5,NA,NA,NA,NA,"NS"
"Q9Y5Y7","HexNAc.3.Hex.4.NeuAc.1.Fuc.1....N...rare1","Healthy","MECFS",0,0,0,0,0,NA,"NA",NA,NA,NA,5,5,NA,NA,NA,NA,"NS"
"Q9Y5Y7","HexNAc.3.Hex.5....N...rare1","Healthy","MECFS",0,0,0,0,0,NA,"NA",NA,NA,NA,5,5,NA,NA,NA,NA,"NS"
"Q9Y5Y7","HexNAc.3.Hex.5.NeuAc.1....N...rare1","Healthy","MECFS",0,0,0,0,0,NA,"NA",NA,NA,NA,5,5,NA,NA,NA,NA,"NS"
"Q9Y5Y7","HexNAc.3.Hex.6....N...rare1","Healthy","MECFS",0,0,0,0,0,NA,"NA",NA,NA,NA,5,5,NA,NA,NA,NA,"NS"
"Q9Y5Y7","HexNAc.3.Hex.6.NeuAc.1....N...rare1","Healthy","MECFS",0,0,0,0,0,NA,"NA",NA,NA,NA,5,5,NA,NA,NA,NA,"NS"
"Q9Y5Y7","HexNAc.4.Hex.3....N...rare1","Healthy","MECFS",0,0,0,0,0,NA,"NA",NA,NA,NA,5,5,NA,NA,NA,NA,"NS"
"Q9Y5Y7","HexNAc.4.Hex.3.Fuc.1....N...rare1","Healthy","MECFS",0,0,0,0,0,NA,"NA",NA,NA,NA,5,5,NA,NA,NA,NA,"NS"
"Q9Y5Y7","HexNAc.4.Hex.4....N...rare1","Healthy","MECFS",0,0,0,0,0,NA,"NA",NA,NA,NA,5,5,NA,NA,NA,NA,"NS"
"Q9Y5Y7","HexNAc.4.Hex.4.Fuc.1....N...rare1","Healthy","MECFS",0,0,0,0,0,NA,"NA",NA,NA,NA,5,5,NA,NA,NA,NA,"NS"
"Q9Y5Y7","HexNAc.4.Hex.4.NeuAc.1....N...rare1","Healthy","MECFS",0,0,0,0,0,NA,"NA",NA,NA,NA,5,5,NA,NA,NA,NA,"NS"
"Q9Y5Y7","HexNAc.4.Hex.5....N...rare1","Healthy","MECFS",0,0,0,0,0,NA,"NA",NA,NA,NA,5,5,NA,NA,NA,NA,"NS"
"Q9Y5Y7","HexNAc.4.Hex.5.Fuc.1....N...rare1","Healthy","MECFS",0,0,0,0,0,NA,"NA",NA,NA,NA,5,5,NA,NA,NA,NA,"NS"
"Q9Y5Y7","HexNAc.4.Hex.5.NeuAc.1....N...rare1","Healthy","MECFS",0,0,0,0,0,NA,"NA",NA,NA,NA,5,5,NA,NA,NA,NA,"NS"
"Q9Y5Y7","HexNAc.4.Hex.5.NeuAc.1.Fuc.1....N...rare1","Healthy","MECFS",0,0,0,0,0,NA,"NA",NA,NA,NA,5,5,NA,NA,NA,NA,"NS"
"Q9Y5Y7","HexNAc.4.Hex.5.NeuAc.2....N...rare1","Healthy","MECFS",0,0,0,0,0,NA,"NA",NA,NA,NA,5,5,NA,NA,NA,NA,"NS"
"Q9Y5Y7","HexNAc.4.Hex.5.NeuAc.2.Fuc.1....N...rare1","Healthy","MECFS",0,0,0,0,0,NA,"NA",NA,NA,NA,5,5,NA,NA,NA,NA,"NS"
"Q9Y5Y7","HexNAc.4.Hex.6.NeuAc.1....N...rare1","Healthy","MECFS",0,0,0,0,0,NA,"NA",NA,NA,NA,5,5,NA,NA,NA,NA,"NS"
"Q9Y5Y7","HexNAc.5.Hex.3....N...rare1","Healthy","MECFS",0,0,0,0,0,NA,"NA",NA,NA,NA,5,5,NA,NA,NA,NA,"NS"
"Q9Y5Y7","HexNAc.5.Hex.3.Fuc.1....N...rare1","Healthy","MECFS",0,0,0,0,0,NA,"NA",NA,NA,NA,5,5,NA,NA,NA,NA,"NS"
"Q9Y5Y7","HexNAc.5.Hex.4....N...rare1","Healthy","MECFS",0,0,0,0,0,NA,"NA",NA,NA,NA,5,5,NA,NA,NA,NA,"NS"
"Q9Y5Y7","HexNAc.5.Hex.4.Fuc.1....N...rare1","Healthy","MECFS",0,0,0,0,0,NA,"NA",NA,NA,NA,5,5,NA,NA,NA,NA,"NS"
"Q9Y5Y7","HexNAc.5.Hex.4.NeuAc.1....N...rare1","Healthy","MECFS",0,0,0,0,0,NA,"NA",NA,NA,NA,5,5,NA,NA,NA,NA,"NS"
"Q9Y5Y7","HexNAc.5.Hex.4.NeuAc.1.Fuc.1....N...rare1","Healthy","MECFS",0,0,0,0,0,NA,"NA",NA,NA,NA,5,5,NA,NA,NA,NA,"NS"
"Q9Y5Y7","HexNAc.5.Hex.5....N...rare1","Healthy","MECFS",0,0,0,0,0,NA,"NA",NA,NA,NA,5,5,NA,NA,NA,NA,"NS"
"Q9Y5Y7","HexNAc.5.Hex.5.Fuc.1....N...rare1","Healthy","MECFS",0,0,0,0,0,NA,"NA",NA,NA,NA,5,5,NA,NA,NA,NA,"NS"
"Q9Y5Y7","HexNAc.5.Hex.5.NeuAc.1....N...rare1","Healthy","MECFS",0,0,0,0,0,NA,"NA",NA,NA,NA,5,5,NA,NA,NA,NA,"NS"
"Q9Y5Y7","HexNAc.5.Hex.5.NeuAc.1.Fuc.1....N...rare1","Healthy","MECFS",0,0,0,0,0,NA,"NA",NA,NA,NA,5,5,NA,NA,NA,NA,"NS"
"Q9Y5Y7","HexNAc.5.Hex.5.NeuAc.2.Fuc.1....N...rare1","Healthy","MECFS",0,0,0,0,0,NA,"NA",NA,NA,NA,5,5,NA,NA,NA,NA,"NS"
"Q9Y5Y7","HexNAc.5.Hex.6.NeuAc.1....N...rare1","Healthy","MECFS",0,0,0,0,0,NA,"NA",NA,NA,NA,5,5,NA,NA,NA,NA,"NS"
"Q9Y5Y7","HexNAc.5.Hex.6.NeuAc.2....N...rare1","Healthy","MECFS",0,0,0,0,0,NA,"NA",NA,NA,NA,5,5,NA,NA,NA,NA,"NS"
"Q9Y5Y7","HexNAc.5.Hex.6.NeuAc.2.Fuc.1....N...rare1","Healthy","MECFS",0,0,0,0,0,NA,"NA",NA,NA,NA,5,5,NA,NA,NA,NA,"NS"
"Q9Y5Y7","HexNAc.5.Hex.6.NeuAc.3....N...rare1","Healthy","MECFS",0,0,0,0,0,NA,"NA",NA,NA,NA,5,5,NA,NA,NA,NA,"NS"
"Q9Y5Y7","HexNAc.6.Hex.7.NeuAc.1....N...rare1","Healthy","MECFS",0,0,0,0,0,NA,"NA",NA,NA,NA,5,5,NA,NA,NA,NA,"NS"
"Q9Y5Y7","HexNAc.6.Hex.7.NeuAc.2.Fuc.1....N...rare1","Healthy","MECFS",0,0,0,0,0,NA,"NA",NA,NA,NA,5,5,NA,NA,NA,NA,"NS"
